-- MySQL dump 10.13  Distrib 5.1.73, for redhat-linux-gnu (x86_64)
--
-- Host: localhost    Database: mytrip172
-- ------------------------------------------------------
-- Server version	5.1.73

/*!40101 SET @OLD_CHARACTER_SET_CLIENT=@@CHARACTER_SET_CLIENT */;
/*!40101 SET @OLD_CHARACTER_SET_RESULTS=@@CHARACTER_SET_RESULTS */;
/*!40101 SET @OLD_COLLATION_CONNECTION=@@COLLATION_CONNECTION */;
/*!40101 SET NAMES utf8 */;
/*!40103 SET @OLD_TIME_ZONE=@@TIME_ZONE */;
/*!40103 SET TIME_ZONE='+00:00' */;
/*!40014 SET @OLD_UNIQUE_CHECKS=@@UNIQUE_CHECKS, UNIQUE_CHECKS=0 */;
/*!40014 SET @OLD_FOREIGN_KEY_CHECKS=@@FOREIGN_KEY_CHECKS, FOREIGN_KEY_CHECKS=0 */;
/*!40101 SET @OLD_SQL_MODE=@@SQL_MODE, SQL_MODE='NO_AUTO_VALUE_ON_ZERO' */;
/*!40111 SET @OLD_SQL_NOTES=@@SQL_NOTES, SQL_NOTES=0 */;

--
-- Table structure for table `admin`
--

DROP TABLE IF EXISTS `admin`;
/*!40101 SET @saved_cs_client     = @@character_set_client */;
/*!40101 SET character_set_client = utf8 */;
CREATE TABLE `admin` (
  `admin_id` int(11) NOT NULL AUTO_INCREMENT,
  `name` varchar(50) COLLATE utf8_unicode_ci NOT NULL,
  `username` varchar(50) COLLATE utf8_unicode_ci NOT NULL,
  `password` varchar(50) COLLATE utf8_unicode_ci NOT NULL,
  `email` varchar(255) COLLATE utf8_unicode_ci NOT NULL,
  `status` enum('Active','Inactive') COLLATE utf8_unicode_ci NOT NULL DEFAULT 'Active',
  `created_date` timestamp NOT NULL DEFAULT CURRENT_TIMESTAMP,
  `modify_date` datetime NOT NULL,
  `cmcode` int(11) DEFAULT NULL,
  `mobile` varchar(30) COLLATE utf8_unicode_ci NOT NULL,
  PRIMARY KEY (`admin_id`)
) ENGINE=InnoDB AUTO_INCREMENT=5 DEFAULT CHARSET=utf8 COLLATE=utf8_unicode_ci;
/*!40101 SET character_set_client = @saved_cs_client */;

--
-- Dumping data for table `admin`
--

LOCK TABLES `admin` WRITE;
/*!40000 ALTER TABLE `admin` DISABLE KEYS */;
INSERT INTO `admin` VALUES (1,'Administrator','Admin1','f865b53623b121fd34ee5426c792e5c33af8c227','victor@venacuba.org','Active','2014-06-06 01:57:13','2014-10-17 06:15:54',NULL,'0'),(3,'testuser','testuser','f865b53623b121fd34ee5426c792e5c33af8c227','testuserlt1@gmail.com','Active','2014-06-14 11:29:43','2014-09-05 08:48:31',NULL,'0'),(4,'owen','owenmarinas','dab5ff0525a557c73e33ffb1549be45fe1555092','owen@venacuba.org','Active','2014-10-05 14:44:24','2014-10-05 10:44:24',NULL,'0');
/*!40000 ALTER TABLE `admin` ENABLE KEYS */;
UNLOCK TABLES;

--
-- Table structure for table `api_gateway`
--

DROP TABLE IF EXISTS `api_gateway`;
/*!40101 SET @saved_cs_client     = @@character_set_client */;
/*!40101 SET character_set_client = utf8 */;
CREATE TABLE `api_gateway` (
  `api_id` int(11) NOT NULL AUTO_INCREMENT,
  `gateway` varchar(255) COLLATE utf8_unicode_ci NOT NULL,
  `status` enum('Active','Inactive') COLLATE utf8_unicode_ci NOT NULL DEFAULT 'Active',
  PRIMARY KEY (`api_id`)
) ENGINE=InnoDB AUTO_INCREMENT=3 DEFAULT CHARSET=utf8 COLLATE=utf8_unicode_ci;
/*!40101 SET character_set_client = @saved_cs_client */;

--
-- Dumping data for table `api_gateway`
--

LOCK TABLES `api_gateway` WRITE;
/*!40000 ALTER TABLE `api_gateway` DISABLE KEYS */;
INSERT INTO `api_gateway` VALUES (1,'Global One','Active'),(2,'Bean Stream','Inactive');
/*!40000 ALTER TABLE `api_gateway` ENABLE KEYS */;
UNLOCK TABLES;

--
-- Table structure for table `api_info`
--

DROP TABLE IF EXISTS `api_info`;
/*!40101 SET @saved_cs_client     = @@character_set_client */;
/*!40101 SET character_set_client = utf8 */;
CREATE TABLE `api_info` (
  `api_info_id` int(11) NOT NULL AUTO_INCREMENT,
  `api_id` int(11) NOT NULL,
  `meta_key` varchar(255) COLLATE utf8_unicode_ci DEFAULT NULL,
  `meta_value` text COLLATE utf8_unicode_ci,
  PRIMARY KEY (`api_info_id`),
  KEY `api_id` (`api_id`),
  CONSTRAINT `api_info_ibfk_1` FOREIGN KEY (`api_id`) REFERENCES `api_gateway` (`api_id`) ON DELETE CASCADE ON UPDATE CASCADE
) ENGINE=InnoDB DEFAULT CHARSET=utf8 COLLATE=utf8_unicode_ci;
/*!40101 SET character_set_client = @saved_cs_client */;

--
-- Dumping data for table `api_info`
--

LOCK TABLES `api_info` WRITE;
/*!40000 ALTER TABLE `api_info` DISABLE KEYS */;
/*!40000 ALTER TABLE `api_info` ENABLE KEYS */;
UNLOCK TABLES;

--
-- Table structure for table `banner`
--

DROP TABLE IF EXISTS `banner`;
/*!40101 SET @saved_cs_client     = @@character_set_client */;
/*!40101 SET character_set_client = utf8 */;
CREATE TABLE `banner` (
  `banner_id` int(11) NOT NULL AUTO_INCREMENT,
  `banner_type` enum('Hostal','Destination','Story') COLLATE utf8_unicode_ci NOT NULL,
  `image` varchar(150) COLLATE utf8_unicode_ci NOT NULL,
  `type_id` int(11) NOT NULL,
  `status` enum('Active','Inactive') COLLATE utf8_unicode_ci NOT NULL DEFAULT 'Active',
  PRIMARY KEY (`banner_id`)
) ENGINE=InnoDB AUTO_INCREMENT=139 DEFAULT CHARSET=utf8 COLLATE=utf8_unicode_ci;
/*!40101 SET character_set_client = @saved_cs_client */;

--
-- Dumping data for table `banner`
--

LOCK TABLES `banner` WRITE;
/*!40000 ALTER TABLE `banner` DISABLE KEYS */;
INSERT INTO `banner` VALUES (4,'Destination','q6it0751.jpg',10,'Active'),(6,'Destination','2cytoqp3.jpg',8,'Active'),(8,'Destination','eheie1h4.jpg',6,'Active'),(9,'Destination','rmfy331l.jpg',5,'Active'),(12,'Destination','m7qg2eil.jpg',1,'Active'),(13,'Destination','3au1e7jq.jpg',2,'Active'),(14,'Hostal','ybh6pzwo.jpg',2,'Active'),(15,'Hostal','a4pmgqzl.jpg',1,'Active'),(16,'Story','i3c8rhbc.jpg',4,'Active'),(17,'Story','t7pazigp.jpg',3,'Active'),(18,'Story','1c3ibob4.jpg',2,'Active'),(22,'Hostal','9s34qbsq.jpeg',5,'Active'),(23,'Destination','j2p6f4gd.JPG',28,'Active'),(24,'Destination','2k7i4gyn.jpg',29,'Active'),(29,'Destination','3zdqzvj5.jpg',7,'Active'),(35,'Hostal','ggkudzjv.jpg',24,'Active'),(36,'Hostal','jknqmaft.jpg',24,'Active'),(37,'Hostal','e7456qj7.jpg',24,'Active'),(38,'Hostal','wt8hieyk.jpg',24,'Active'),(39,'Hostal','e64gd8v6.jpg',25,'Active'),(40,'Hostal','e795n34r.jpg',25,'Active'),(41,'Hostal','sbqssyip.jpg',25,'Active'),(42,'Hostal','ofsqigto.jpg',25,'Active'),(43,'Hostal','vf9glnv6.jpg',26,'Active'),(44,'Hostal','yqnwqhzq.jpg',26,'Active'),(45,'Hostal','zo95bcwn.jpg',26,'Active'),(48,'Destination','p871gqnz.jpg',11,'Active'),(49,'Destination','kbpb6qov.jpg',11,'Active'),(50,'Destination','femrkfja.jpg',11,'Active'),(51,'Hostal','emzhrwkm.jpg',19,'Active'),(52,'Hostal','vpmftrtj.jpg',19,'Active'),(53,'Hostal','t572guzp.jpg',19,'Active'),(54,'Hostal','e9har3vf.jpg',19,'Active'),(55,'Hostal','k3gmv640.jpg',19,'Active'),(56,'Hostal','hto9ascq.jpg',18,'Active'),(57,'Hostal','t080giel.jpg',18,'Active'),(58,'Hostal','z87pamay.jpg',18,'Active'),(59,'Hostal','qm2q3ug9.jpg',18,'Active'),(60,'Hostal','7jrhdk1d.jpg',18,'Active'),(61,'Hostal','qbfn30uf.jpg',10,'Active'),(62,'Hostal','h6mh6f0i.jpg',10,'Active'),(63,'Hostal','03e4wn9u.jpg',10,'Active'),(64,'Hostal','9mch539q.jpg',10,'Active'),(65,'Hostal','rgjhnyiv.jpg',10,'Active'),(66,'Hostal','dnp4s4kn.jpg',22,'Active'),(67,'Hostal','46rjwhoz.jpg',22,'Active'),(68,'Hostal','89z9sbnq.jpg',22,'Active'),(69,'Hostal','srf79lsy.jpg',22,'Active'),(70,'Hostal','sjaklw3b.jpg',22,'Active'),(71,'Hostal','yyw5582z.jpg',23,'Active'),(72,'Hostal','k1a6zngp.jpg',23,'Active'),(73,'Hostal','6htoslys.jpg',23,'Active'),(74,'Hostal','rkg7n5bq.jpg',23,'Active'),(75,'Hostal','5kmysoid.jpg',23,'Active'),(76,'Destination','8qv68pih.jpg',4,'Active'),(77,'Destination','sb261l1j.jpg',4,'Active'),(78,'Destination','0vni0si9.jpg',4,'Active'),(84,'Destination','ozr8sgup.jpg',9,'Active'),(85,'Destination','nquzrio0.jpg',9,'Active'),(86,'Destination','tzs1iio3.jpg',9,'Active'),(87,'Destination','gl28lwjm.jpg',9,'Active'),(88,'Destination','8r5en8me.jpg',9,'Active'),(89,'Hostal','1rsu9owq.jpg',13,'Active'),(90,'Hostal','wtaiemj5.jpg',13,'Active'),(91,'Hostal','3vhdahbf.jpg',13,'Active'),(92,'Hostal','hu6yvpjq.jpg',13,'Active'),(93,'Hostal','qqqwyaks.jpg',13,'Active'),(94,'Hostal','gv0tqop7.jpg',15,'Active'),(95,'Hostal','sw7wsqkl.jpg',15,'Active'),(96,'Hostal','2puoi1m6.jpg',15,'Active'),(97,'Hostal','8fs6i27l.jpg',15,'Active'),(98,'Hostal','5z18rani.jpg',15,'Active'),(99,'Hostal','c3gmics2.jpg',15,'Active'),(100,'Hostal','q1u5qzjo.jpg',16,'Active'),(101,'Hostal','1tgymawv.jpg',16,'Active'),(102,'Hostal','gl1r8bzt.jpg',16,'Active'),(103,'Hostal','wqq836rm.jpg',16,'Active'),(104,'Hostal','b8n6i6os.jpg',16,'Active'),(105,'Hostal','go7nu83h.jpg',16,'Active'),(106,'Hostal','wc6c9ucy.jpg',17,'Active'),(107,'Hostal','5wz4f9h2.jpg',17,'Active'),(108,'Hostal','cimyczt5.jpg',17,'Active'),(109,'Hostal','5uj0umad.jpg',17,'Active'),(110,'Destination','a0mac0v3.jpg',3,'Active'),(111,'Destination','kizk5jm5.jpg',3,'Active'),(112,'Destination','5kd3izqv.jpg',3,'Active'),(113,'Destination','ftc5h2mp.jpg',3,'Active'),(114,'Destination','sb8j8ylc.jpg',3,'Active'),(115,'Hostal','0k2zudbc.jpg',8,'Active'),(116,'Hostal','lay2eo67.jpg',8,'Active'),(117,'Hostal','pwvpms3q.jpg',8,'Active'),(118,'Hostal','wy8uqc90.jpg',8,'Active'),(119,'Hostal','c8c2mvkz.jpg',8,'Active'),(120,'Hostal','65kvhiee.jpg',9,'Active'),(121,'Hostal','m43ho0qp.jpg',9,'Active'),(122,'Hostal','qkcl5z78.jpg',9,'Active'),(123,'Hostal','lcr47rwb.jpg',9,'Active'),(124,'Hostal','2shhvffb.jpg',9,'Active'),(125,'Hostal','9voi250n.jpg',12,'Active'),(126,'Hostal','owst5lss.jpg',12,'Active'),(127,'Hostal','bcohqe0t.jpg',12,'Active'),(128,'Hostal','gzinoptt.jpg',12,'Active'),(130,'Destination','vququzn3.jpg',30,'Active'),(131,'Destination','v18o3qcf.jpg',30,'Active'),(132,'Destination','tic2drd1.jpg',30,'Active'),(133,'Destination','wk2grwmw.jpg',30,'Active'),(134,'Destination','rchf0k2u.jpg',30,'Active'),(135,'Destination','ats55iw5.jpg',11,'Active'),(136,'Destination','6sz5sn70.jpg',11,'Active'),(137,'Hostal','qnkudklq.jpg',12,'Active'),(138,'Story','pqwqk6ry.jpg',5,'Active');
/*!40000 ALTER TABLE `banner` ENABLE KEYS */;
UNLOCK TABLES;

--
-- Table structure for table `booking`
--

DROP TABLE IF EXISTS `booking`;
/*!40101 SET @saved_cs_client     = @@character_set_client */;
/*!40101 SET character_set_client = utf8 */;
CREATE TABLE `booking` (
  `booking_id` int(11) NOT NULL AUTO_INCREMENT,
  `hostal_id` int(11) NOT NULL,
  `user_id` int(11) NOT NULL,
  `from_date` date NOT NULL,
  `to_date` date NOT NULL,
  `no_of_days` int(11) NOT NULL,
  `no_of_rooms` int(11) NOT NULL,
  `guests` int(11) NOT NULL,
  `adults` int(11) NOT NULL,
  `child` int(11) NOT NULL,
  `created_date` timestamp NOT NULL DEFAULT CURRENT_TIMESTAMP,
  `status` enum('Pending','Confirmed','Cancelled') COLLATE utf8_unicode_ci NOT NULL,
  PRIMARY KEY (`booking_id`),
  KEY `hostal_id` (`hostal_id`),
  KEY `user_id` (`user_id`),
  CONSTRAINT `booking_ibfk_1` FOREIGN KEY (`hostal_id`) REFERENCES `hostal` (`hostal_id`) ON DELETE CASCADE ON UPDATE CASCADE,
  CONSTRAINT `booking_ibfk_3` FOREIGN KEY (`user_id`) REFERENCES `user` (`user_id`) ON DELETE CASCADE ON UPDATE CASCADE
) ENGINE=InnoDB AUTO_INCREMENT=109 DEFAULT CHARSET=utf8 COLLATE=utf8_unicode_ci;
/*!40101 SET character_set_client = @saved_cs_client */;

--
-- Dumping data for table `booking`
--

LOCK TABLES `booking` WRITE;
/*!40000 ALTER TABLE `booking` DISABLE KEYS */;
INSERT INTO `booking` VALUES (95,7,13,'2015-02-05','2015-02-06',1,1,4,2,1,'2014-11-18 04:19:44','Pending'),(96,7,13,'2014-11-19','2014-11-20',1,0,0,0,0,'2014-11-18 04:22:02','Pending'),(97,7,13,'2014-11-26','2014-11-27',1,1,1,1,1,'2014-11-18 04:23:13','Pending'),(98,7,50,'2014-11-30','2014-12-01',1,1,4,2,1,'2014-11-18 04:26:19','Pending'),(99,7,51,'2014-12-03','2014-12-04',1,1,3,3,0,'2014-11-18 04:30:05','Pending'),(100,7,13,'2015-01-01','2015-01-02',1,1,4,2,1,'2014-11-18 04:31:44','Pending'),(101,7,53,'2015-11-26','2015-11-27',1,1,1,1,1,'2014-11-20 17:12:29','Pending'),(102,8,32,'2014-12-19','2014-12-20',1,1,1,1,0,'2014-12-02 21:13:11','Pending'),(103,8,13,'2014-12-30','2014-12-31',1,1,1,1,0,'2014-12-04 01:05:10','Pending'),(104,8,59,'2014-12-08','2014-12-10',2,1,1,1,0,'2014-12-06 22:03:09','Pending'),(105,9,59,'2014-12-11','2014-12-15',4,0,0,0,0,'2014-12-06 22:28:23','Pending'),(106,8,13,'2015-01-08','2015-01-09',1,1,1,1,0,'2014-12-09 18:08:16','Pending'),(107,9,32,'2014-12-28','2014-12-30',2,1,1,1,0,'2014-12-27 13:51:42','Pending'),(108,9,13,'2015-01-14','2015-01-20',6,1,1,1,0,'2015-01-02 21:56:49','Pending');
/*!40000 ALTER TABLE `booking` ENABLE KEYS */;
UNLOCK TABLES;

--
-- Table structure for table `booking_cancel`
--

DROP TABLE IF EXISTS `booking_cancel`;
/*!40101 SET @saved_cs_client     = @@character_set_client */;
/*!40101 SET character_set_client = utf8 */;
CREATE TABLE `booking_cancel` (
  `booking_cancel_id` int(11) NOT NULL AUTO_INCREMENT,
  `booking_id` int(11) NOT NULL,
  `cancel_percentage` int(11) NOT NULL,
  `cancel_date` date DEFAULT NULL,
  `refund_amount` double(8,2) DEFAULT NULL,
  `refund_referenceno` varchar(255) COLLATE utf8_unicode_ci DEFAULT NULL,
  `refund_date` date DEFAULT NULL,
  `refund_currency` varchar(3) COLLATE utf8_unicode_ci NOT NULL,
  `status` enum('Cancelled','Refund') COLLATE utf8_unicode_ci DEFAULT NULL,
  `created_date` timestamp NOT NULL DEFAULT CURRENT_TIMESTAMP,
  PRIMARY KEY (`booking_cancel_id`),
  KEY `booking_id` (`booking_id`),
  CONSTRAINT `booking_cancel_ibfk_1` FOREIGN KEY (`booking_id`) REFERENCES `booking` (`booking_id`) ON DELETE CASCADE ON UPDATE CASCADE
) ENGINE=InnoDB DEFAULT CHARSET=utf8 COLLATE=utf8_unicode_ci;
/*!40101 SET character_set_client = @saved_cs_client */;

--
-- Dumping data for table `booking_cancel`
--

LOCK TABLES `booking_cancel` WRITE;
/*!40000 ALTER TABLE `booking_cancel` DISABLE KEYS */;
/*!40000 ALTER TABLE `booking_cancel` ENABLE KEYS */;
UNLOCK TABLES;

--
-- Table structure for table `booking_hostalrooms`
--

DROP TABLE IF EXISTS `booking_hostalrooms`;
/*!40101 SET @saved_cs_client     = @@character_set_client */;
/*!40101 SET character_set_client = utf8 */;
CREATE TABLE `booking_hostalrooms` (
  `booking_id` int(11) NOT NULL,
  `hostalrooms_id` int(11) NOT NULL,
  PRIMARY KEY (`booking_id`,`hostalrooms_id`),
  KEY `hostalrooms_id` (`hostalrooms_id`),
  CONSTRAINT `booking_hostalrooms_ibfk_1` FOREIGN KEY (`booking_id`) REFERENCES `booking` (`booking_id`),
  CONSTRAINT `booking_hostalrooms_ibfk_2` FOREIGN KEY (`hostalrooms_id`) REFERENCES `hostal_rooms` (`room_id`)
) ENGINE=InnoDB DEFAULT CHARSET=utf8 COLLATE=utf8_unicode_ci;
/*!40101 SET character_set_client = @saved_cs_client */;

--
-- Dumping data for table `booking_hostalrooms`
--

LOCK TABLES `booking_hostalrooms` WRITE;
/*!40000 ALTER TABLE `booking_hostalrooms` DISABLE KEYS */;
INSERT INTO `booking_hostalrooms` VALUES (95,11),(98,11),(100,11),(97,12),(101,12),(99,13),(102,14),(103,14),(104,14),(106,14),(107,16),(108,16);
/*!40000 ALTER TABLE `booking_hostalrooms` ENABLE KEYS */;
UNLOCK TABLES;

--
-- Table structure for table `booking_info`
--

DROP TABLE IF EXISTS `booking_info`;
/*!40101 SET @saved_cs_client     = @@character_set_client */;
/*!40101 SET character_set_client = utf8 */;
CREATE TABLE `booking_info` (
  `booking_info_id` int(11) NOT NULL AUTO_INCREMENT,
  `booking_id` int(11) NOT NULL,
  `firstname` varchar(50) NOT NULL,
  `lastname` varchar(50) NOT NULL,
  `email` varchar(150) NOT NULL,
  `gender` enum('Male','Female') NOT NULL,
  `cccode` int(11) DEFAULT NULL,
  `phone` varchar(50) NOT NULL,
  `cmcode` int(11) DEFAULT NULL,
  `mobile` varchar(50) NOT NULL,
  `address` varchar(150) NOT NULL,
  `address1` varchar(150) DEFAULT NULL,
  `country` varchar(50) NOT NULL,
  `province` varchar(50) NOT NULL,
  `zip` varchar(30) NOT NULL,
  `city` varchar(100) NOT NULL,
  PRIMARY KEY (`booking_info_id`),
  KEY `booking_id` (`booking_id`),
  CONSTRAINT `booking_info_ibfk_1` FOREIGN KEY (`booking_id`) REFERENCES `booking` (`booking_id`) ON DELETE CASCADE ON UPDATE CASCADE
) ENGINE=InnoDB AUTO_INCREMENT=107 DEFAULT CHARSET=latin1;
/*!40101 SET character_set_client = @saved_cs_client */;

--
-- Dumping data for table `booking_info`
--

LOCK TABLES `booking_info` WRITE;
/*!40000 ALTER TABLE `booking_info` DISABLE KEYS */;
INSERT INTO `booking_info` VALUES (93,95,'Victor','Tame','victor@venacuba.org','Male',0,'',53,'52822737','',NULL,'55','830','',' '),(94,96,'Victor','Tame','victor@venacuba.org','Male',0,'',53,'52822737','',NULL,'55','830','',' '),(95,97,'Victor','Tame','victor@venacuba.org','Male',0,'',53,'52822737','',NULL,'55','830','',' '),(96,98,'Victor','Tame Reyes','victor1@venacuba.org','',0,'',53,'52822737','',NULL,'','','',' '),(97,99,'Victor','Tame Reyes','victor2@venacuba.org','',0,'',53,'52822737','',NULL,'','','','  '),(98,100,'Victor','Tame','victor@venacuba.org','Male',0,'',53,'52822737','',NULL,'55','830','',' '),(99,101,'Victor','Testing','guides@guides.com','',0,'',53,'52822737','',NULL,'','','',' '),(100,102,'Owen','Marinas Garcia','owenmarinas@gmail.com','Male',0,'',1,'5148341928','',NULL,'','','',' '),(101,103,'Victor','Tame','victor@venacuba.org','Male',0,'',53,'52822737','',NULL,'55','830','',' '),(102,104,'boris','brito','borisbrito@gmail.com','Male',0,'',53,'58111398','',NULL,'','','',' '),(103,105,'boris','brito','borisbrito@gmail.com','Female',0,'',53,'58111398','',NULL,'','','','  '),(104,106,'Victor','Tame','victor@venacuba.org','Male',0,'',53,'52822737','',NULL,'55','830','',' '),(105,107,'Owen','Marinas Garcia','owenmarinas@gmail.com','Male',0,'',1,'3065901238','',NULL,'','','',' '),(106,108,'Victor','Tame','victor@venacuba.org','Male',0,'',53,'52822737','',NULL,'55','830','',' ');
/*!40000 ALTER TABLE `booking_info` ENABLE KEYS */;
UNLOCK TABLES;

--
-- Table structure for table `booking_price`
--

DROP TABLE IF EXISTS `booking_price`;
/*!40101 SET @saved_cs_client     = @@character_set_client */;
/*!40101 SET character_set_client = utf8 */;
CREATE TABLE `booking_price` (
  `booking_price_id` int(11) NOT NULL AUTO_INCREMENT,
  `booking_id` int(11) NOT NULL,
  `paymenttype` varchar(50) COLLATE utf8_unicode_ci DEFAULT NULL,
  `total_price` double(8,2) NOT NULL COMMENT 'total price on default currency',
  `reservation_price` double(8,2) DEFAULT NULL COMMENT 'Booking payment',
  `reservation_charge` double(8,2) DEFAULT NULL COMMENT 'site fee',
  `reservation_total_price` double(8,2) DEFAULT NULL COMMENT 'total booking payment',
  `default_currency` varchar(3) COLLATE utf8_unicode_ci NOT NULL,
  `conversion_rate` double(8,2) NOT NULL,
  `conversion_price` double(8,2) NOT NULL,
  `conversion_currency` varchar(3) COLLATE utf8_unicode_ci NOT NULL,
  PRIMARY KEY (`booking_price_id`),
  KEY `booking_id` (`booking_id`),
  CONSTRAINT `booking_price_ibfk_1` FOREIGN KEY (`booking_id`) REFERENCES `booking` (`booking_id`) ON DELETE CASCADE ON UPDATE CASCADE
) ENGINE=InnoDB AUTO_INCREMENT=107 DEFAULT CHARSET=utf8 COLLATE=utf8_unicode_ci;
/*!40101 SET character_set_client = @saved_cs_client */;

--
-- Dumping data for table `booking_price`
--

LOCK TABLES `booking_price` WRITE;
/*!40000 ALTER TABLE `booking_price` DISABLE KEYS */;
INSERT INTO `booking_price` VALUES (93,95,'partial',30.00,6.00,1.50,7.50,'CAD',1.00,30.00,'CAD'),(94,96,NULL,0.00,NULL,NULL,NULL,'CAD',1.00,0.00,'CAD'),(95,97,NULL,20.00,NULL,NULL,NULL,'CAD',1.00,20.00,'CAD'),(96,98,NULL,30.00,NULL,NULL,NULL,'CAD',1.00,30.00,'CAD'),(97,99,NULL,40.00,NULL,NULL,NULL,'CAD',1.00,40.00,'CAD'),(98,100,NULL,30.00,NULL,NULL,NULL,'CAD',1.00,30.00,'CAD'),(99,101,NULL,20.00,NULL,NULL,NULL,'CAD',1.00,20.00,'CAD'),(100,102,'partial',5.00,1.00,0.25,1.25,'CAD',1.00,5.00,'CAD'),(101,103,'partial',5.00,1.00,0.25,1.25,'CAD',1.00,5.00,'CAD'),(102,104,NULL,10.00,NULL,NULL,NULL,'CAD',1.00,10.00,'CAD'),(103,105,NULL,0.00,NULL,NULL,NULL,'CAD',1.00,0.00,'CAD'),(104,106,NULL,5.00,NULL,NULL,NULL,'CAD',1.00,5.00,'CAD'),(105,107,'partial',50.00,10.00,2.50,12.50,'CAD',0.70,35.00,'EUR'),(106,108,NULL,150.00,NULL,NULL,NULL,'CAD',1.00,150.00,'CAD');
/*!40000 ALTER TABLE `booking_price` ENABLE KEYS */;
UNLOCK TABLES;

--
-- Table structure for table `booking_transaction`
--

DROP TABLE IF EXISTS `booking_transaction`;
/*!40101 SET @saved_cs_client     = @@character_set_client */;
/*!40101 SET character_set_client = utf8 */;
CREATE TABLE `booking_transaction` (
  `booking_transaction_id` int(11) NOT NULL AUTO_INCREMENT,
  `booking_id` int(11) NOT NULL,
  `payment_type` varchar(150) COLLATE utf8_unicode_ci NOT NULL,
  `transaction_id` varchar(255) COLLATE utf8_unicode_ci NOT NULL,
  `transaction_date` varchar(255) COLLATE utf8_unicode_ci NOT NULL,
  `transaction_amount` varchar(255) COLLATE utf8_unicode_ci NOT NULL,
  `transaction_currency` varchar(3) COLLATE utf8_unicode_ci NOT NULL,
  PRIMARY KEY (`booking_transaction_id`),
  KEY `booking_id` (`booking_id`),
  CONSTRAINT `booking_transaction_ibfk_1` FOREIGN KEY (`booking_id`) REFERENCES `booking` (`booking_id`) ON DELETE CASCADE ON UPDATE CASCADE
) ENGINE=InnoDB DEFAULT CHARSET=utf8 COLLATE=utf8_unicode_ci;
/*!40101 SET character_set_client = @saved_cs_client */;

--
-- Dumping data for table `booking_transaction`
--

LOCK TABLES `booking_transaction` WRITE;
/*!40000 ALTER TABLE `booking_transaction` DISABLE KEYS */;
/*!40000 ALTER TABLE `booking_transaction` ENABLE KEYS */;
UNLOCK TABLES;

--
-- Table structure for table `cancel_default`
--

DROP TABLE IF EXISTS `cancel_default`;
/*!40101 SET @saved_cs_client     = @@character_set_client */;
/*!40101 SET character_set_client = utf8 */;
CREATE TABLE `cancel_default` (
  `cancel_id` int(11) NOT NULL AUTO_INCREMENT,
  `days` int(11) NOT NULL,
  `percentage` int(11) NOT NULL,
  PRIMARY KEY (`cancel_id`)
) ENGINE=InnoDB AUTO_INCREMENT=5 DEFAULT CHARSET=latin1;
/*!40101 SET character_set_client = @saved_cs_client */;

--
-- Dumping data for table `cancel_default`
--

LOCK TABLES `cancel_default` WRITE;
/*!40000 ALTER TABLE `cancel_default` DISABLE KEYS */;
INSERT INTO `cancel_default` VALUES (1,30,100),(3,20,50),(4,2,10);
/*!40000 ALTER TABLE `cancel_default` ENABLE KEYS */;
UNLOCK TABLES;

--
-- Table structure for table `contact`
--

DROP TABLE IF EXISTS `contact`;
/*!40101 SET @saved_cs_client     = @@character_set_client */;
/*!40101 SET character_set_client = utf8 */;
CREATE TABLE `contact` (
  `contact_id` int(11) NOT NULL AUTO_INCREMENT,
  `name` varchar(50) COLLATE utf8_unicode_ci NOT NULL,
  `email` varchar(255) COLLATE utf8_unicode_ci NOT NULL,
  `phone` varchar(50) COLLATE utf8_unicode_ci DEFAULT NULL,
  `subject` varchar(255) COLLATE utf8_unicode_ci NOT NULL,
  `message` text COLLATE utf8_unicode_ci NOT NULL,
  `view` enum('Yes','No') COLLATE utf8_unicode_ci NOT NULL DEFAULT 'No',
  `reply` enum('Yes','No') COLLATE utf8_unicode_ci NOT NULL DEFAULT 'No',
  `replysubject` varchar(255) COLLATE utf8_unicode_ci DEFAULT NULL,
  `reply_message` text COLLATE utf8_unicode_ci,
  `reply_date` datetime DEFAULT NULL,
  `created_date` timestamp NOT NULL DEFAULT CURRENT_TIMESTAMP,
  `lan` varchar(2) COLLATE utf8_unicode_ci NOT NULL,
  PRIMARY KEY (`contact_id`)
) ENGINE=InnoDB AUTO_INCREMENT=28 DEFAULT CHARSET=utf8 COLLATE=utf8_unicode_ci;
/*!40101 SET character_set_client = @saved_cs_client */;

--
-- Dumping data for table `contact`
--

LOCK TABLES `contact` WRITE;
/*!40000 ALTER TABLE `contact` DISABLE KEYS */;
INSERT INTO `contact` VALUES (1,'','','','','','No','No',NULL,NULL,NULL,'2014-07-22 09:15:54','es'),(2,'test','dinesh.lynchpin@gmail.com','+53 21 45165','test','asdf sadf sad','No','No',NULL,NULL,NULL,'2014-07-24 06:32:21','en'),(3,'asdf','shanmugam.lynchpin@gmail.com','+53 21 45165','asdfsda','asdf sdaf sda','No','No',NULL,NULL,NULL,'2014-07-24 07:14:50','en'),(4,'Baracoa','dinesh.lynchpin@gmail.com','+53 21 45165','test','asdf asd f','No','No',NULL,NULL,NULL,'2014-08-08 04:17:12','en'),(5,'sfsdfsdf','dsfsdfsd@test.com','234234234','rgfdfsg','dfsgdsf gdsf gdfs gdfs gdfsg df gds gsdfg dsf gfd','Yes','No',NULL,NULL,NULL,'2014-08-19 04:28:07','en'),(17,'Victor','victor@venacuba.org','+535 282 27 37','Test','Hello mate !!!','No','No',NULL,NULL,NULL,'2014-10-15 23:21:41','en'),(18,'owen','owenmarinas@gmail.com','5148341928','qwe','aswef','No','No',NULL,NULL,NULL,'2014-10-16 03:13:18','es'),(19,'Victor','victor@venacuba.org','+535 282 27 37','Test Oh! Super Test !!','Testing captcha','No','No',NULL,NULL,NULL,'2014-10-16 16:35:58','en'),(20,'Victor','victor@venacuba.org','+535 282 27 37','catcha','vczxvczxcv','No','No',NULL,NULL,NULL,'2014-10-16 16:36:44','en'),(21,'Victor','victor@venacuba.org','+535 282 27 37','catcha','sdfsdf','No','No',NULL,NULL,NULL,'2014-10-16 16:40:23','en'),(22,'aman','eivortest08@gmail.com','8882994438','enq.','have a good day','Yes','Yes','Re-enq.','test reply','2014-10-17 06:21:47','2014-10-17 10:14:36','en'),(23,'aman','eivortest08@gmail.com','8829834484','enq.1','best place','Yes','Yes','Re-enq.1','cuba','2014-10-17 06:36:17','2014-10-17 10:15:40','en'),(24,'Victor','victor@venacuba.org','+535 282 27 37','Test Oh! Super Test !!','Hello !!!','No','No',NULL,NULL,NULL,'2014-10-17 18:29:50','en'),(25,'aman','eivortest21@gmail.com','8988845678','enq','what was the cost','Yes','Yes','Re-enq','not to much','2014-10-27 05:27:34','2014-10-27 09:26:30','en'),(26,'test','eivortest21@gmail.com','7593487212','enq.','test','Yes','No',NULL,NULL,NULL,'2014-10-30 06:52:33','en'),(27,'Victor','vmtame@gmail.com','005352823737','Hello','This is a test message','No','No',NULL,NULL,NULL,'2014-12-09 19:27:31','en');
/*!40000 ALTER TABLE `contact` ENABLE KEYS */;
UNLOCK TABLES;

--
-- Table structure for table `country`
--

DROP TABLE IF EXISTS `country`;
/*!40101 SET @saved_cs_client     = @@character_set_client */;
/*!40101 SET character_set_client = utf8 */;
CREATE TABLE `country` (
  `cid` int(11) NOT NULL AUTO_INCREMENT,
  `country` varchar(100) NOT NULL,
  `isocountry` varchar(20) NOT NULL,
  PRIMARY KEY (`cid`)
) ENGINE=InnoDB AUTO_INCREMENT=229 DEFAULT CHARSET=latin1;
/*!40101 SET character_set_client = @saved_cs_client */;

--
-- Dumping data for table `country`
--

LOCK TABLES `country` WRITE;
/*!40000 ALTER TABLE `country` DISABLE KEYS */;
INSERT INTO `country` VALUES (1,'United States ','US'),(2,'Canada ','CA'),(3,'United Kingdom ','UK'),(5,'Afghanistan ','AF'),(6,'Albania ','AL'),(7,'Algeria ','AG'),(8,'Andorra ','AN'),(9,'Angola ','AO'),(10,'Anguilla ','AV'),(11,'Antigua and Barbuda ','AC'),(12,'Argentina ','AR'),(13,'Armenia ','AM'),(14,'Aruba ','AA'),(15,'Australia ','AS'),(16,'Austria ','AU'),(17,'Azerbaijan ','AJ'),(18,'Bahamas ','BF'),(19,'Bahrain ','BA'),(20,'Bangladesh ','BG'),(21,'Barbados ','BB'),(22,'Belarus ','BO'),(23,'Belgium ','BE'),(24,'Belize ','BH'),(25,'Benin ','BN'),(26,'Bermuda ','BD'),(27,'Bhutan ','BT'),(28,'Bolivia ','BL'),(29,'Bosnia and Herzegovina ','BK'),(30,'Botswana ','BC'),(31,'Brazil ','BR'),(32,'British Virgin Islands ','VI'),(33,'Brunei ','BX'),(34,'Bulgaria ','BU'),(35,'Burkina Faso ','UV'),(36,'Burundi ','BY'),(37,'Cambodia ','CB'),(38,'Cameroon ','CM'),(39,'Cape Verde ','CV'),(40,'Cayman Islands ','CJ'),(41,'Central African Republic ','CT'),(42,'Chad ','CD'),(43,'Chile ','CI'),(44,'China ','CH'),(45,'Christmas Island ','KT'),(46,'Cocos (Keeling) Islands ','CK'),(47,'Colombia ','CO'),(48,'Comoros ','CN'),(49,'Congo ','CF'),(50,'Congo, Democratic Republic ','CG'),(51,'Cook Islands ','CW'),(52,'Costa Rica ','CS'),(53,'Cote D\'Ivoire ','IV'),(54,'Croatia ','HR'),(55,'Cuba ','CU'),(56,'Cyprus ','CY'),(57,'Czech Republic ','EZ'),(58,'Denmark ','DA'),(59,'Djibouti ','DJ'),(60,'Dominica ','DO'),(61,'Dominican Republic ','DR'),(62,'Ecuador ','EC'),(63,'Egypt ','EG'),(64,'El Salvador ','ES'),(65,'Equatorial Guinea ','EK'),(66,'Eritrea ','ER'),(67,'Estonia ','EN'),(68,'Ethiopia ','ET'),(69,'Falkland Islands ','FK'),(70,'Faroe Islands ','FO'),(71,'Fiji ','FJ'),(72,'Finland ','FI'),(73,'France ','FR'),(74,'French Guiana ','FG'),(75,'French Polynesia ','FP'),(76,'French S. & Antarctic Lands ','FS'),(77,'Gabon ','GB'),(78,'Gambia, The ','GA'),(79,'Gaza Strip ','GZ'),(80,'Georgia ','GG'),(81,'Germany ','GM'),(82,'Ghana ','GH'),(83,'Gibraltar ','GI'),(84,'Greece ','GR'),(85,'Greenland ','GL'),(86,'Grenada ','GJ'),(87,'Guadeloupe ','GP'),(88,'Guatemala ','GT'),(89,'Guinea ','GV'),(90,'Guinea-Bissau ','PU'),(91,'Guyana ','GY'),(92,'Haiti ','HA'),(93,'Honduras ','HO'),(94,'Hong Kong ','HK'),(95,'Hungary ','HU'),(96,'Iceland ','IC'),(97,'India ','IN'),(98,'Indonesia ','ID'),(99,'Iran ','IR'),(100,'Iraq ','IZ'),(101,'Ireland ','EI'),(102,'Israel ','IS'),(103,'Italy ','IT'),(104,'Jamaica ','JM'),(105,'Japan ','JA'),(106,'Jordan ','JO'),(107,'Kazakhstan ','KZ'),(108,'Kenya ','KE'),(109,'Kiribati ','KR'),(110,'Kuwait ','KU'),(111,'Kyrgyzstan ','KG'),(112,'Laos ','LA'),(113,'Latvia ','LG'),(114,'Lebanon ','LE'),(115,'Lesotho ','LT'),(116,'Liberia ','LI'),(117,'Liechtenstein ','LS'),(118,'Lithuania ','LH'),(119,'Luxembourg ','LU'),(120,'Macau ','MC'),(121,'Macedonia ','MK'),(122,'Madagascar ','MA'),(123,'Malawi ','MI'),(124,'Malaysia ','MY'),(125,'Maldives ','MV'),(126,'Mali ','ML'),(127,'Malta ','MT'),(128,'Marshall Islands ','RM'),(129,'Martinique ','MB'),(130,'Mauritania ','MR'),(131,'Mauritius ','MP'),(132,'Mayotte ','MF'),(133,'Mexico ','MX'),(134,'Micronesia, Fed. States ','FM'),(135,'Moldova ','MD'),(136,'Monaco ','MN'),(137,'Mongolia ','MG'),(138,'Montserrat ','MH'),(139,'Morocco ','MO'),(140,'Mozambique ','MZ'),(141,'Namibia ','WA'),(142,'Nauru ','NR'),(143,'Nepal ','NP'),(144,'Netherlands ','NL'),(145,'Netherlands Antilles ','NT'),(146,'New Caledonia ','NC'),(147,'New Zealand ','NZ'),(148,'Nicaragua ','NU'),(149,'Niger ','NG'),(150,'Nigeria ','NI'),(151,'Niue ','NE'),(152,'Norfolk Island ','NF'),(153,'North Korea ','KN'),(154,'Norway ','NO'),(155,'Oman ','MU'),(156,'Pakistan ','PK'),(157,'Palau ','PS'),(158,'Panama ','PM'),(159,'Papua New Guinea ','PP'),(160,'Paraguay ','PA'),(161,'Peru ','PE'),(162,'Philippines ','RP'),(163,'Pitcairn Islands ','PC'),(164,'Poland ','PL'),(165,'Portugal ','PO'),(166,'Puerto Rico ','PR'),(167,'Qatar ','QA'),(168,'Reunion ','RE'),(169,'Romania ','RO'),(170,'Russia ','RS'),(171,'Rwanda ','RW'),(172,'S. Georgia & Sandwich Islands ','SX'),(173,'Saint Kitts and Nevis ','SC'),(174,'Saint Lucia ','ST'),(175,'Samoa ','WS'),(176,'San Marino ','SM'),(177,'Sao Tome and Principe ','TP'),(178,'Saudi Arabia ','SA'),(179,'Senegal ','SG'),(180,'Serbia ','SR'),(181,'Seychelles ','SE'),(182,'Sierra Leone ','SL'),(183,'Singapore ','SN'),(184,'Slovakia ','LO'),(185,'Slovenia ','SI'),(186,'Solomon Islands ','BP'),(187,'Somalia ','SO'),(188,'South Africa ','SF'),(189,'South Korea ','KS'),(190,'Spain ','SP'),(191,'Sri Lanka ','CE'),(192,'St. Vincent & The Grenadines ','VC'),(193,'Sudan ','SU'),(194,'Suriname ','NS'),(195,'Svalbard ','SV'),(196,'Swaziland ','WZ'),(197,'Sweden ','SW'),(198,'Switzerland ','SZ'),(199,'Syria ','SY'),(200,'Taiwan ','TW'),(201,'Tajikistan ','TI'),(202,'Tanzania ','TZ'),(203,'Thailand ','TH'),(204,'Togo ','TO'),(205,'Tokelau ','TL'),(206,'Tonga ','TN'),(207,'Trinidad and Tobago ','TD'),(208,'Tunisia ','TS'),(209,'Turkey ','TU'),(210,'Turkmenistan ','TX'),(211,'Turks and Caicos Islands ','TK'),(212,'Tuvalu ','TV'),(213,'Uganda ','UG'),(214,'Ukraine ','UP'),(215,'United Arab Emirates ','AE'),(216,'Uruguay ','UY'),(217,'Uzbekistan ','UZ'),(218,'Vanuatu ','NH'),(219,'Vatican City ','VT'),(220,'Venezuela ','VE'),(221,'Vietnam ','VM'),(222,'Virgin Islands ','VQ'),(223,'Wallis and Futuna ','WF'),(224,'Western Sahara ','WI'),(225,'Yemen ','YM'),(226,'Zambia ','ZA'),(227,'Zimbabwe ','ZI'),(228,'Montenegro ','MO');
/*!40000 ALTER TABLE `country` ENABLE KEYS */;
UNLOCK TABLES;

--
-- Table structure for table `destination`
--

DROP TABLE IF EXISTS `destination`;
/*!40101 SET @saved_cs_client     = @@character_set_client */;
/*!40101 SET character_set_client = utf8 */;
CREATE TABLE `destination` (
  `destination_id` int(11) NOT NULL AUTO_INCREMENT,
  `name` varchar(50) COLLATE utf8_unicode_ci NOT NULL,
  `url` varchar(255) COLLATE utf8_unicode_ci NOT NULL,
  `video` varchar(150) COLLATE utf8_unicode_ci NOT NULL,
  `tripadvisor` text COLLATE utf8_unicode_ci,
  `latitude` varchar(255) COLLATE utf8_unicode_ci NOT NULL,
  `longitude` varchar(255) COLLATE utf8_unicode_ci NOT NULL,
  `country` int(11) NOT NULL,
  `province` int(11) NOT NULL,
  `created_date` timestamp NOT NULL DEFAULT CURRENT_TIMESTAMP,
  `modify_date` datetime NOT NULL,
  `status` enum('Active','Inactive','Trash') COLLATE utf8_unicode_ci NOT NULL DEFAULT 'Active',
  PRIMARY KEY (`destination_id`),
  KEY `country` (`country`),
  KEY `province` (`province`),
  CONSTRAINT `destination_ibfk_1` FOREIGN KEY (`country`) REFERENCES `country` (`cid`) ON DELETE CASCADE ON UPDATE CASCADE,
  CONSTRAINT `destination_ibfk_2` FOREIGN KEY (`province`) REFERENCES `states` (`sid`) ON DELETE CASCADE ON UPDATE CASCADE
) ENGINE=InnoDB AUTO_INCREMENT=31 DEFAULT CHARSET=utf8 COLLATE=utf8_unicode_ci;
/*!40101 SET character_set_client = @saved_cs_client */;

--
-- Dumping data for table `destination`
--

LOCK TABLES `destination` WRITE;
/*!40000 ALTER TABLE `destination` DISABLE KEYS */;
INSERT INTO `destination` VALUES (1,'Baracoa','baracoa','<iframe width=\"420\" height=\"315\" src=\"//www.youtube.com/embed/O6L0bXjsQzY\" frameborder=\"0\" allowfullscreen></iframe>',NULL,'20.365061','-74.506089',55,827,'2014-07-08 02:52:31','2014-09-06 15:00:02','Trash'),(2,'Camaguey','camaguey','<iframe width=\"420\" height=\"315\" src=\"//www.youtube.com/embed/O6L0bXjsQzY\" frameborder=\"0\" allowfullscreen></iframe>',NULL,'21.3926035','-77.9053182',55,822,'2014-07-08 07:34:46','2014-09-06 14:55:19','Trash'),(3,'Cienfuegos','cienfuegos','https://www.youtube.com/watch?v=TmE-_XbuyTM','','22.15','-80.413887',55,824,'2014-07-08 07:36:08','2015-01-02 14:26:58','Active'),(4,'Habana','habana','<iframe width=\"420\" height=\"315\" src=\"//www.youtube.com/embed/O6L0bXjsQzY\" frameborder=\"0\" allowfullscreen></iframe>','','23.0540698','-82.345189',55,825,'2014-07-08 07:37:51','2014-12-26 10:47:43','Active'),(5,'Havana Old Quarter','havana_old_quarter','<iframe width=\"420\" height=\"315\" src=\"//www.youtube.com/embed/O6L0bXjsQzY\" frameborder=\"0\" allowfullscreen></iframe>',NULL,'23.0540698','-82.345189',55,825,'2014-07-08 07:39:36','2014-09-06 14:46:20','Trash'),(6,'Havana Vedado','havana_vedado','<iframe width=\"420\" height=\"315\" src=\"//www.youtube.com/embed/O6L0bXjsQzY\" frameborder=\"0\" allowfullscreen></iframe>',NULL,'23.1368403','-82.381506',55,830,'2014-07-08 07:41:36','2014-09-06 14:43:07','Trash'),(7,'Santa Clara','santa_clara','https://www.youtube.com/watch?v=TmE-_XbuyTM','','22.406919','-79.964939',55,837,'2014-07-08 07:43:02','2014-11-28 18:49:34','Inactive'),(8,'Santiago de Cuba','santiago_de_cuba','<iframe width=\"420\" height=\"315\" src=\"//www.youtube.com/embed/O6L0bXjsQzY\" frameborder=\"0\" allowfullscreen></iframe>',NULL,'20.01693','-75.8301537',55,836,'2014-07-08 07:44:17','2014-09-06 14:36:26','Trash'),(9,'Trinidad','trinidad','https://www.youtube.com/watch?v=TmE-_XbuyTM','','21.7960343','-79.9808143',55,835,'2014-07-08 07:48:27','2015-01-02 14:26:23','Active'),(10,'Varadero','varadero','<iframe width=\"420\" height=\"315\" src=\"//www.youtube.com/embed/O6L0bXjsQzY\" frameborder=\"0\" allowfullscreen></iframe>',NULL,'23.179858','-81.1885293',55,832,'2014-07-08 07:54:01','2014-09-06 14:34:49','Trash'),(11,'Viñales','vi__ales','https://www.youtube.com/watch?v=0iY0MoAYWl8','','22.615278','-83.715833',55,834,'2014-07-08 07:55:13','2015-01-02 14:25:59','Active'),(12,'Madurai','madurai','<iframe width=\"560\" height=\"315\" src=\"//www.youtube.com/embed/Ohl3_NQiRjY\" frameborder=\"0\" allowfullscreen></iframe>',NULL,'9.9252007','78.1197754',97,1314,'2014-09-06 07:55:52','2014-09-06 13:25:52','Trash'),(13,'Madurai1','madurai1','<iframe width=\"420\" height=\"315\" src=\"//www.youtube.com/embed/O6L0bXjsQzY\" frameborder=\"0\" allowfullscreen></iframe>',NULL,'9.9252007','78.1197754',97,1314,'2014-09-06 08:03:14','2014-09-19 16:30:48','Trash'),(14,'TestRQIXTAUUKZBHCYXPOIEQTQRFNYCFSDRSGTVWQUMVHCLHSP','testrqixtauukzbhcyxpoieqtqrfnycfsdrsgtvwqumvhclhsprleecbdiecemuilzcncbnqxlnqdyfjoossafsyzzphowewjzjueve','Test video',NULL,'32.3182314','-86.902298',1,1,'2014-10-08 07:03:24','2014-10-08 03:03:24','Trash'),(15,'TestYZKEACTPOBNBSQRJAJOPPJKLCYLSPYVBSLUNNYEQOVBNQX','testyzkeactpobnbsqrjajoppjklcylspyvbslunnyeqovbnqxyollezvrsktdmccyjpbdpuvgrvmtzsqhsulwsbijmbapybakgmiry','Test video',NULL,'32.3182314','-86.902298',1,1,'2014-10-08 12:10:40','2014-10-08 08:10:40','Trash'),(16,'TestJVDBYSKMPATFOVTPYAYXBFPHVXZZTOLKLHSYSBQIZCQCVZ','testjvdbyskmpatfovtpyayxbfphvxzztolklhsysbqizcqcvzydldhzbvbzdbekrjavyuqnbvwofecfjmjzkztwogdcloefienebxf','Test video',NULL,'32.3182314','-86.902298',1,1,'2014-10-08 13:40:17','2014-10-08 09:40:17','Trash'),(17,'TestFDQVFQHHGZWOUEIMZAUPDSGZDFOBGQLVEWEIMANUTBSRTC','testfdqvfqhhgzwoueimzaupdsgzdfobgqlveweimanutbsrtclinvtwtgevtpbbzusmvojshbyyjhpycqcuwionynxghcxdyrhsqzc','Test video',NULL,'32.3182314','-86.902298',1,1,'2014-10-08 14:41:10','2014-10-08 10:41:10','Trash'),(18,'TestBJWVZETDGNJRHWLWKUIHKKDPPZYTERFMRZVVGOCXQNMFJQ','testbjwvzetdgnjrhwlwkuihkkdppzyterfmrzvvgocxqnmfjqmbnheclzdacgovrjdvgwzwkekqibmmthbxggwmwpegyyssgmasrbi','Test video',NULL,'32.3182314','-86.902298',1,1,'2014-10-08 14:49:39','2014-10-08 10:49:39','Trash'),(19,'TestYUWBNFQBWBPLMQGKWWBWRQLGPEHFMWJIOXULZKWUQQWHOL','testyuwbnfqbwbplmqgkwwbwrqlgpehfmwjioxulzkwuqqwholuqeinzvqvcvmwnwroqdbknajisebptysqwmtkeizkypvclbemjjwe','Test video',NULL,'32.3182314','-86.902298',1,1,'2014-10-09 06:45:28','2014-10-09 02:45:28','Trash'),(20,'TestYIKKXALNRVQNBFUNUSMRSQYZQLSJRUJQLJXPBKRVMVECBV','testyikkxalnrvqnbfunusmrsqyzqlsjrujqljxpbkrvmvecbvklksdunjazahbkccdrvdvgswupxfradnahtzeryxvyrxbqwslajij','Test video',NULL,'32.3182314','-86.902298',1,1,'2014-10-09 07:31:56','2014-10-09 03:31:56','Trash'),(21,'TestOHZNLPXJAOWSBXTSFBOYNSCDWPPSIKPSJXGFXFVFVJTQQC','testohznlpxjaowsbxtsfboynscdwppsikpsjxgfxfvfvjtqqcqzwgvcsjmrufhbdzutqeawnbftexcljzwgicquspdkknkybzrnfuy','Test video',NULL,'32.3182314','-86.902298',1,1,'2014-10-09 08:19:06','2014-10-09 04:19:06','Trash'),(22,'TestJCKGTZQFTADRAMJQUJDGZRALKYLBRFODAGUUBMYDXCAHUS','testjckgtzqftadramjqujdgzralkylbrfodaguubmydxcahusjfeneijzocrmbpqmlpwqefmifitlwmkevuwxbtqebilwbenzsjdwo','Test video',NULL,'32.3182314','-86.902298',1,1,'2014-10-09 14:20:42','2014-10-09 10:20:42','Trash'),(23,'test','test','test',NULL,'21.2167247','-77.7452081',55,822,'2014-10-10 14:44:09','2014-10-10 10:45:13','Trash'),(24,'TestGTJLKGZNJZQTRXVABDDDKWXEFVGKFSKYPMSVVTCAQKTKWX','testgtjlkgznjzqtrxvabdddkwxefvgkfskypmsvvtcaqktkwxgjiouumfsqbmtkhurycvrijkdifeuoaliazpkopvbwgdfwieksnwi','Test video','','32.3182314','-86.902298',1,1,'2014-10-17 05:43:35','2014-10-17 01:43:35','Trash'),(25,'TestDBYFJLZERYMUUTIRWIAMDJQOSIPZJAZBYVRSSMZSBYUPFJ','testdbyfjlzerymuutirwiamdjqosipzjazbyvrssmzsbyupfjngzevddlspldcfcjrvsksgefanjotfcvrokhyoorjvlwypipdhelq','Test video','','32.3182314','-86.902298',1,1,'2014-10-17 06:26:02','2014-10-17 02:26:02','Trash'),(26,'TestGLGFRZESOCDVDWMKKETQCJMRUZSEVPNYUNRYJBGZKTDZNZ','testglgfrzesocdvdwmkketqcjmruzsevpnyunryjbgzktdznzadionvvktsyqnhhcubriqsieuiyxlqbgojffcufisgjshzckulcek','Test video','','32.3182314','-86.902298',1,1,'2014-10-17 10:05:03','2014-10-17 06:05:03','Trash'),(27,'test','test','https://www.youtube.com/watch?v=TmE-_XbuyTM','test','0','0',55,837,'2014-10-27 10:03:30','2014-10-27 06:03:30','Trash'),(28,'Baracoa','baracoa','https://www.youtube.com/watch?v=TmE-_XbuyTM','','20.365061','-74.506089',55,827,'2014-11-28 22:56:22','2014-11-28 18:09:03','Inactive'),(29,'Camagüey','camag__ey','https://www.youtube.com/watch?v=TmE-_XbuyTM','','21.3926035','-77.9053182',55,822,'2014-11-29 01:07:52','2014-11-28 20:07:52','Inactive'),(30,'Remedios','remedios','https://www.youtube.com/watch?v=TmE-_XbuyTM','','22.492222','-79.545833',55,837,'2014-12-20 01:28:56','2015-01-02 14:25:34','Active');
/*!40000 ALTER TABLE `destination` ENABLE KEYS */;
UNLOCK TABLES;

--
-- Table structure for table `destination_content`
--

DROP TABLE IF EXISTS `destination_content`;
/*!40101 SET @saved_cs_client     = @@character_set_client */;
/*!40101 SET character_set_client = utf8 */;
CREATE TABLE `destination_content` (
  `destination_content_id` int(11) NOT NULL AUTO_INCREMENT,
  `destination_id` int(11) NOT NULL,
  `name` varchar(150) COLLATE utf8_unicode_ci NOT NULL,
  `description` text COLLATE utf8_unicode_ci NOT NULL,
  `location_desc` text COLLATE utf8_unicode_ci NOT NULL,
  `meta_title` text COLLATE utf8_unicode_ci,
  `meta_description` text COLLATE utf8_unicode_ci,
  `meta_keyword` text COLLATE utf8_unicode_ci,
  `address` varchar(150) COLLATE utf8_unicode_ci NOT NULL,
  `city` varchar(150) COLLATE utf8_unicode_ci NOT NULL,
  `province` varchar(150) COLLATE utf8_unicode_ci NOT NULL,
  `country` varchar(150) COLLATE utf8_unicode_ci NOT NULL,
  `lan` varchar(2) COLLATE utf8_unicode_ci NOT NULL,
  PRIMARY KEY (`destination_content_id`),
  KEY `destination_id` (`destination_id`),
  CONSTRAINT `destination_content_ibfk_1` FOREIGN KEY (`destination_id`) REFERENCES `destination` (`destination_id`) ON DELETE CASCADE ON UPDATE CASCADE
) ENGINE=InnoDB AUTO_INCREMENT=40 DEFAULT CHARSET=utf8 COLLATE=utf8_unicode_ci;
/*!40101 SET character_set_client = @saved_cs_client */;

--
-- Dumping data for table `destination_content`
--

LOCK TABLES `destination_content` WRITE;
/*!40000 ALTER TABLE `destination_content` DISABLE KEYS */;
INSERT INTO `destination_content` VALUES (1,1,'Baracoa','Lorem ipsum dolor sit amet, consectetur adipiscing elit. Fusce ut auctor lacus. Curabitur quis leo eu nulla ornare commodo. Donec vulputate ante in felis dignissim, a interdum tortor euismod. Nunc bibendum egestas massa, nec ornare justo dictum eget. Suspendisse mollis pharetra magna. Nullam aliquet mollis metus, quis congue odio dapibus a. In ac lacinia tortor. Praesent venenatis porta porta. Donec porttitor viverra convallis. Vivamus nec velit ac nisl tempus vehicula. Pellentesque suscipit orci at hendrerit lobortis.','Lorem ipsum dolor sit amet, consectetur adipiscing elit. Fusce ut auctor lacus. Curabitur quis leo eu nulla ornare commodo. Donec vulputate ante in felis dignissim ','Baracoa','Baracoa','Baracoa','Baracoa,Guantanamo,Cuba ','Baracoa','Guantanamo','Cuba ','en'),(2,1,'Baracoa','Se requiere esta página para publicar un comentario. Organizaciones responsables clínicos. \'M Una ingresos partido de fútbol. Por desgracia, el gato Township antes en el activo, una historia macro proteína. Ahora, una organización regional de aplicación de la ley, no sólo para que el club de fútbol. Residentes problemas de inmigración suaves. Aquí hay algo de miedo suave, proteína odio de un hotel. Al margen de la ventana. Es jugar a la puerta. Presupuesto comportamiento de los inversores aerolínea. Bicicletas Poll y los jugadores tiempo para darse cuenta. Haga clic aquí para echar un vistazo a la Oficina de las políticas de Estados Unidos.','Se requiere esta página para publicar un comentario. Organizaciones responsables clínicos. \'M Una ingresos partido de fútbol. Hasta los chicos antes del juego de fútbol','Baracoa - spanish','Baracoa - spanish','Baracoa - spanish','Baracoa,Guantanamo,Cuba ','Baracoa','Guantanamo','Cuba ','es'),(3,1,'Baracoa','Cette page est obligatoire pour déposer un commentaire. Organisations responsables cliniques. Suis Un chiffre d\'affaires de jeu de football. Malheureusement, le chat canton plus tôt dans l\'actif, une protéine macro histoire. Maintenant, une organisation régionale d\'application de la loi, non seulement pour le club de football dit. Les résidents des problèmes d\'immigration doux. Voici une certaine crainte doux, la protéine de la haine d\'un hôtel. En marge de la fenêtre. Il joue de la porte. Budget comportement des investisseurs de la compagnie aérienne. Sondage vélos et les joueurs le temps de réaliser. Cliquez ici pour jeter un oeil au Bureau des politiques des États-Unis.','Cette page est obligatoire pour déposer un commentaire. Organisations responsables cliniques. Suis Un chiffre d\'affaires de jeu de football. Jusqu\'à ce que les gars avant le football de jeu','Baracoa - French','Baracoa - French','Baracoa - French','Baracoa,,Cuba ','Baracoa','Guantanamo','Cuba ','fr'),(4,2,'Camaguey','Lorem ipsum dolor sit amet, consectetur adipiscing elit. Fusce ut auctor lacus. Curabitur quis leo eu nulla ornare commodo. Donec vulputate ante in felis dignissim, a interdum tortor euismod. Nunc bibendum egestas massa, nec ornare justo dictum eget. Suspendisse mollis pharetra magna. Nullam aliquet mollis metus, quis congue odio dapibus a. In ac lacinia tortor. Praesent venenatis porta porta. Donec porttitor viverra convallis. Vivamus nec velit ac nisl tempus vehicula. Pellentesque suscipit orci at hendrerit lobortis.','Lorem ipsum dolor sit amet, consectetur adipiscing elit. Fusce ut auctor lacus. Curabitur quis leo eu nulla ornare commodo. Donec vulputate ante in felis dignissim ','Camaguey','Camaguey','Camaguey','Camaguey,Camaguey,Cuba ','Camaguey','Camaguey','Cuba ','en'),(5,3,'Cienfuegos','The city of Cienfuegos dominates its wonderful bay and it is at the same time one of the most splendid and cozy corners in Cuba. \r\nThe harmonic succession of its buildings and cupolas presents the city as a great architectonic jewel with an exceptional French influence. The city is called The Pearl of the South due to its incredible beauty.\r\nCienfuegos is well known by the good taste of its old quarter, declared National Monument and World Heritage, as well as by its perfect urban layout.\r\nThe people of Cienfuegos love their city in a unique way. \r\nIt is located 256 kilometers from Havana, and 197 kilometers from Matanzas. It also has an international airport called Jaime González.','It is located 256 kilometers from Havana, and 197 kilometers from Matanzas. It also has an international airport called Jaime González.','Cienfuegos','Cienfuegos','Cienfuegos','Cienfuegos,Cienfuegos,Cuba ','Cienfuegos','Cienfuegos','Cuba ','en'),(6,4,'Habana','Centro Habana is the transition betweeen old and modern Havana and belongs to the \r\n\r\ntraditional center of the Cuban capital.\r\n\r\nThis part of the city appeared after the urban expansion beyond the city walls where \r\n\r\nmajestic buildings started to be built.\r\n\r\nThis part of the city is characterized by El Prado, the Capitol, the Park of Fraternity, \r\n\r\nChinatown, and the buildings at Reina, 10 de Octubre and Infanta avenues. \r\n\r\nCentro Habana is the transition between the modernity of El Vedado and the past \r\n\r\nrepresented by Old Havana, where the local traditions are preserved close to the \r\n\r\neternal presence of the sea.','Centro Habana','Havana','Havana','Havana','Habana,Ciudad de La Habana,Cuba ','Habana','Ciudad de La Habana','Cuba ','en'),(7,5,'Havana Old Quarter','Lorem ipsum dolor sit amet, consectetur adipiscing elit. Fusce ut auctor lacus. Curabitur quis leo eu nulla ornare commodo. Donec vulputate ante in felis dignissim, a interdum tortor euismod. Nunc bibendum egestas massa, nec ornare justo dictum eget. Suspendisse mollis pharetra magna. Nullam aliquet mollis metus, quis congue odio dapibus a. In ac lacinia tortor. Praesent venenatis porta porta. Donec porttitor viverra convallis. Vivamus nec velit ac nisl tempus vehicula. Pellentesque suscipit orci at hendrerit lobortis.','Lorem ipsum dolor sit amet, consectetur adipiscing elit. Fusce ut auctor lacus. Curabitur quis leo eu nulla ornare commodo. Donec vulputate ante in felis dignissim ','Havana Old Quarter','Havana Old Quarter','Havana Old Quarter','Havana Old Quarter,Ciudad de La Habana,Cuba ','Havana Old Quarter','Ciudad de La Habana','Cuba ','en'),(8,6,'Havana Vedado','Lorem ipsum dolor sit amet, consectetur adipiscing elit. Fusce ut auctor lacus. Curabitur quis leo eu nulla ornare commodo. Donec vulputate ante in felis dignissim, a interdum tortor euismod. Nunc bibendum egestas massa, nec ornare justo dictum eget. Suspendisse mollis pharetra magna. Nullam aliquet mollis metus, quis congue odio dapibus a. In ac lacinia tortor. Praesent venenatis porta porta. Donec porttitor viverra convallis. Vivamus nec velit ac nisl tempus vehicula. Pellentesque suscipit orci at hendrerit lobortis.','Lorem ipsum dolor sit amet, consectetur adipiscing elit. Fusce ut auctor lacus. Curabitur quis leo eu nulla ornare commodo. Donec vulputate ante in felis dignissim ','Havana Vedado','Havana Vedado','Havana Vedado','Havana Vedado,La Habana,Cuba ','Havana Vedado','La Habana','Cuba ','en'),(9,7,'Santa Clara','The city of Santa Clara is located in the province that marks Cuba´s geographical center. It is well appreciated by its historical places and its dynamic cultural life.\r\n\r\nIt was founded by 12 families from San Juan de los Remedios and it is located  between two rivers: Bélico and Cubanicay. \r\n\r\nIts old quartes is distinguished by beautiful colonial and neoclassic buildings.\r\n\r\nThe international airport Abel Santamaría is located in this city and it is also located 1 hour from the northern resorts placed in Cayo Las Brujas, Ensenachos and Cayo Santa Maria. You can travel from Havana to Santa Clara by the National Highway.\r\n\r\nThe city of Santa Clara is also well known around the world due to the Mausoleum of Ché Guevara.\r\n\r\nThe people of Santa Clara are very appreciated by their hospitality and their love for the city´s cozy surroundings.','The city of Santa Clara is located in the province that marks Cuba´s geographical center. It is well appreciated by its historical places and its dynamic cultural life.','Santa Clara','Santa Clara','Santa Clara','Santa Clara,Villa Clara,Cuba ','Santa Clara','Villa Clara','Cuba ','en'),(10,8,'Santiago de Cuba','Lorem ipsum dolor sit amet, consectetur adipiscing elit. Fusce ut auctor lacus. Curabitur quis leo eu nulla ornare commodo. Donec vulputate ante in felis dignissim, a interdum tortor euismod. Nunc bibendum egestas massa, nec ornare justo dictum eget. Suspendisse mollis pharetra magna. Nullam aliquet mollis metus, quis congue odio dapibus a. In ac lacinia tortor. Praesent venenatis porta porta. Donec porttitor viverra convallis. Vivamus nec velit ac nisl tempus vehicula. Pellentesque suscipit orci at hendrerit lobortis.','Lorem ipsum dolor sit amet, consectetur adipiscing elit. Fusce ut auctor lacus. Curabitur quis leo eu nulla ornare commodo. Donec vulputate ante in felis dignissim ','Santiago de Cuba','Santiago de Cuba','Santiago de Cuba','Santiago de Cuba,Santiago de Cuba,Cuba ','Santiago de Cuba','Santiago de Cuba','Cuba ','en'),(11,9,'Trinidad','Trinidad is Cuba´s most preserved colonial city, so its nickname is The Museum City.\r\n\r\nIt is located in a large valley bordered by the Escambray mountains and it is one of the most important Cuban tourist destinations if you want to know first-hand the traditions, culture and originality of the Cuban people.\r\n\r\nTrinidad has been declared World Heritage and its streets show the typical colonial houses that define it as an incredible urban jewel.\r\n\r\nYou can also enjoy Ancón, a peninsula located 10 minutes from the city. There you will discover a sunny paradise to complement your happy and everlasting memory of your trip to Trinidad de Cuba.','It is located in a large valley bordered by the Escambray mountains and it is one of the most important Cuban tourist destinations if you want to know first-hand the traditions, culture and originality of the Cuban people.','Trinidad','Trinidad','Trinidad','Trinidad,Sancti Spiritus,Cuba ','Trinidad','Sancti Spiritus','Cuba ','en'),(12,10,'Varadero','Lorem ipsum dolor sit amet, consectetur adipiscing elit. Fusce ut auctor lacus. Curabitur quis leo eu nulla ornare commodo. Donec vulputate ante in felis dignissim, a interdum tortor euismod. Nunc bibendum egestas massa, nec ornare justo dictum eget. Suspendisse mollis pharetra magna. Nullam aliquet mollis metus, quis congue odio dapibus a. In ac lacinia tortor. Praesent venenatis porta porta. Donec porttitor viverra convallis. Vivamus nec velit ac nisl tempus vehicula. Pellentesque suscipit orci at hendrerit lobortis.','Lorem ipsum dolor sit amet, consectetur adipiscing elit. Fusce ut auctor lacus. Curabitur quis leo eu nulla ornare commodo. Donec vulputate ante in felis dignissim','Varadero','Varadero','Varadero','Varadero,Matanzas,Cuba ','Varadero','Matanzas','Cuba ','en'),(13,11,'Viñales','It is unique in natural beauty and landscape. The Viñales Valley is placed in the province of Pinar del Río and it is one of the most attractive places in Cuba.\r\n\r\nThe arrival to the Valley is amazing due to its nice temperature and the presence of antiquity and prehistory in its landscape.\r\n\r\nThe town of Viñales is a traditional farmer settlement composed by a main street decorated with a gallery of columns and red tiles, which stand out due to their unique \r\nand attractive appearance.\r\n\r\nYou will also enjoy The Mural of Prehistory – a majestic work of art- placed over a washed stone. You will discover the hospitality of its people, and see why Viñales is an \r\nappreciated tourist destination in Cuba.\r\n\r\nThe Valley was declared National Monument and World Heritage Site in 1999. It is located 130 kilometers west from Havana and it is united to Cuba´s main city by a \r\nhighway.','It is located 130 kilometers west from Havana and it is united to Cuba´s main city by a \r\nhighway.','Viñales','Viñales','Viñales','Viñales,Pinar del Rio,Cuba ','Viñales','Pinar del Rio','Cuba ','en'),(14,12,'Madurai','Madurai is one of the oldest cities of India, with a history dating all the way back to the Sangam period of the pre Christian era. The glory of Madurai returned in a diminished form in the earlier part of this millennium; it later on came under the rule of the Vijayanagar kingdom after its ransack by the ravaging armies of Delhi (Malik Kafur). During the 16th and 18th centuries, Madurai was ruled by the Nayak Emperors, the foremost of whom was Tirumalai Nayakar. The Sangam period poet Nakkeerar is associated with some of the Tiruvilayaadal episodes of Sundareswarar - that are enacted as a part of temple festival traditions even today.','Madurai is one of the oldest cities of India, with a history dating all the way back to the Sangam period of the pre Christian era. The glory of Madurai returned in a diminished form in the earlier part of this millennium; it later on came under the rule of the Vijayanagar kingdom after its ransack by the ravaging armies of Delhi (Malik Kafur). During the 16th and 18th centuries, Madurai was ruled by the Nayak Emperors, the foremost of whom was Tirumalai Nayakar. The Sangam period poet Nakkeerar is associated with some of the Tiruvilayaadal episodes of Sundareswarar - that are enacted as a part of temple festival traditions even today.','Madurai','Madurai','Madurai','Madurai,Tamil Nadu [Madris],India ','Madurai','Tamil Nadu [Madris]','India ','en'),(15,13,'Madurai1','adsf','asdf','Madurai1','','','Madurai1,Tamil Nadu [Madris],India ','Madurai1','Tamil Nadu [Madris]','India ','en'),(16,14,'TestRQIXTAUUKZBHCYXPOIEQTQRFNYCFSDRSGTVWQUMVHCLHSPRLEECBDIECEMUILZCNCBNQXLNQDYFJOOSSAFSYZZPHOWEWJZJUEVE','Test Description','Test Location Description','Test Meta','Test Meta Description','Test Meta Keyword','TestRQIXTAUUKZBHCYXPOIEQTQRFNYCFSDRSGTVWQUMVHCLHSPRLEECBDIECEMUILZCNCBNQXLNQDYFJOOSSAFSYZZPHOWEWJZJUEVE,Alabama,United States ','TestRQIXTAUUKZBHCYXPOIEQTQRFNYCFSDRSGTVWQUMVHCLHSPRLEECBDIECEMUILZCNCBNQXLNQDYFJOOSSAFSYZZPHOWEWJZJUEVE','Alabama','United States ','en'),(17,15,'TestYZKEACTPOBNBSQRJAJOPPJKLCYLSPYVBSLUNNYEQOVBNQXYOLLEZVRSKTDMCCYJPBDPUVGRVMTZSQHSULWSBIJMBAPYBAKGMIRY','Test Description','Test Location Description','Test Meta','Test Meta Description','Test Meta Keyword','TestYZKEACTPOBNBSQRJAJOPPJKLCYLSPYVBSLUNNYEQOVBNQXYOLLEZVRSKTDMCCYJPBDPUVGRVMTZSQHSULWSBIJMBAPYBAKGMIRY,Alabama,United States ','TestYZKEACTPOBNBSQRJAJOPPJKLCYLSPYVBSLUNNYEQOVBNQXYOLLEZVRSKTDMCCYJPBDPUVGRVMTZSQHSULWSBIJMBAPYBAKGMIRY','Alabama','United States ','en'),(18,16,'TestJVDBYSKMPATFOVTPYAYXBFPHVXZZTOLKLHSYSBQIZCQCVZYDLDHZBVBZDBEKRJAVYUQNBVWOFECFJMJZKZTWOGDCLOEFIENEBXF','Test Description','Test Location Description','Test Meta','Test Meta Description','Test Meta Keyword','TestJVDBYSKMPATFOVTPYAYXBFPHVXZZTOLKLHSYSBQIZCQCVZYDLDHZBVBZDBEKRJAVYUQNBVWOFECFJMJZKZTWOGDCLOEFIENEBXF,Alabama,United States ','TestJVDBYSKMPATFOVTPYAYXBFPHVXZZTOLKLHSYSBQIZCQCVZYDLDHZBVBZDBEKRJAVYUQNBVWOFECFJMJZKZTWOGDCLOEFIENEBXF','Alabama','United States ','en'),(19,17,'TestFDQVFQHHGZWOUEIMZAUPDSGZDFOBGQLVEWEIMANUTBSRTCLINVTWTGEVTPBBZUSMVOJSHBYYJHPYCQCUWIONYNXGHCXDYRHSQZC','Test Description','Test Location Description','Test Meta','Test Meta Description','Test Meta Keyword','TestFDQVFQHHGZWOUEIMZAUPDSGZDFOBGQLVEWEIMANUTBSRTCLINVTWTGEVTPBBZUSMVOJSHBYYJHPYCQCUWIONYNXGHCXDYRHSQZC,Alabama,United States ','TestFDQVFQHHGZWOUEIMZAUPDSGZDFOBGQLVEWEIMANUTBSRTCLINVTWTGEVTPBBZUSMVOJSHBYYJHPYCQCUWIONYNXGHCXDYRHSQZC','Alabama','United States ','en'),(20,18,'TestBJWVZETDGNJRHWLWKUIHKKDPPZYTERFMRZVVGOCXQNMFJQMBNHECLZDACGOVRJDVGWZWKEKQIBMMTHBXGGWMWPEGYYSSGMASRBI','Test Description','Test Location Description','Test Meta','Test Meta Description','Test Meta Keyword','TestBJWVZETDGNJRHWLWKUIHKKDPPZYTERFMRZVVGOCXQNMFJQMBNHECLZDACGOVRJDVGWZWKEKQIBMMTHBXGGWMWPEGYYSSGMASRBI,Alabama,United States ','TestBJWVZETDGNJRHWLWKUIHKKDPPZYTERFMRZVVGOCXQNMFJQMBNHECLZDACGOVRJDVGWZWKEKQIBMMTHBXGGWMWPEGYYSSGMASRBI','Alabama','United States ','en'),(21,19,'TestYUWBNFQBWBPLMQGKWWBWRQLGPEHFMWJIOXULZKWUQQWHOLUQEINZVQVCVMWNWROQDBKNAJISEBPTYSQWMTKEIZKYPVCLBEMJJWE','Test Description','Test Location Description','Test Meta','Test Meta Description','Test Meta Keyword','TestYUWBNFQBWBPLMQGKWWBWRQLGPEHFMWJIOXULZKWUQQWHOLUQEINZVQVCVMWNWROQDBKNAJISEBPTYSQWMTKEIZKYPVCLBEMJJWE,Alabama,United States ','TestYUWBNFQBWBPLMQGKWWBWRQLGPEHFMWJIOXULZKWUQQWHOLUQEINZVQVCVMWNWROQDBKNAJISEBPTYSQWMTKEIZKYPVCLBEMJJWE','Alabama','United States ','en'),(22,20,'TestYIKKXALNRVQNBFUNUSMRSQYZQLSJRUJQLJXPBKRVMVECBVKLKSDUNJAZAHBKCCDRVDVGSWUPXFRADNAHTZERYXVYRXBQWSLAJIJ','Test Description','Test Location Description','Test Meta','Test Meta Description','Test Meta Keyword','TestYIKKXALNRVQNBFUNUSMRSQYZQLSJRUJQLJXPBKRVMVECBVKLKSDUNJAZAHBKCCDRVDVGSWUPXFRADNAHTZERYXVYRXBQWSLAJIJ,Alabama,United States ','TestYIKKXALNRVQNBFUNUSMRSQYZQLSJRUJQLJXPBKRVMVECBVKLKSDUNJAZAHBKCCDRVDVGSWUPXFRADNAHTZERYXVYRXBQWSLAJIJ','Alabama','United States ','en'),(23,21,'TestOHZNLPXJAOWSBXTSFBOYNSCDWPPSIKPSJXGFXFVFVJTQQCQZWGVCSJMRUFHBDZUTQEAWNBFTEXCLJZWGICQUSPDKKNKYBZRNFUY','Test Description','Test Location Description','Test Meta','Test Meta Description','Test Meta Keyword','TestOHZNLPXJAOWSBXTSFBOYNSCDWPPSIKPSJXGFXFVFVJTQQCQZWGVCSJMRUFHBDZUTQEAWNBFTEXCLJZWGICQUSPDKKNKYBZRNFUY,Alabama,United States ','TestOHZNLPXJAOWSBXTSFBOYNSCDWPPSIKPSJXGFXFVFVJTQQCQZWGVCSJMRUFHBDZUTQEAWNBFTEXCLJZWGICQUSPDKKNKYBZRNFUY','Alabama','United States ','en'),(24,22,'TestJCKGTZQFTADRAMJQUJDGZRALKYLBRFODAGUUBMYDXCAHUSJFENEIJZOCRMBPQMLPWQEFMIFITLWMKEVUWXBTQEBILWBENZSJDWO','Test Description','Test Location Description','Test Meta','Test Meta Description','Test Meta Keyword','TestJCKGTZQFTADRAMJQUJDGZRALKYLBRFODAGUUBMYDXCAHUSJFENEIJZOCRMBPQMLPWQEFMIFITLWMKEVUWXBTQEBILWBENZSJDWO,Alabama,United States ','TestJCKGTZQFTADRAMJQUJDGZRALKYLBRFODAGUUBMYDXCAHUSJFENEIJZOCRMBPQMLPWQEFMIFITLWMKEVUWXBTQEBILWBENZSJDWO','Alabama','United States ','en'),(25,23,'test','test','test','test','','','test,Camaguey,Cuba ','test','Camaguey','Cuba ','en'),(26,3,'Cienfuegos','La ciudad de Camagüey es apreciada por su esplendor arquitectónico y la belleza de su centro histórico.\r\n\r\nEs una de las villas fundacionales de la Isla donde permanecen antiguas tradiciones culturales como la Fiesta del San Juan camagüeyano y el gusto por platos típicos de la época colonial.\r\n\r\nEs una ciudad preferida por los visitantes por sus plazas, iglesias, murales, la preservación de su arquitectura y la hospitalidad de su gente.\r\n\r\nEs distintivo de la ciudad la presencia de los tinajones, tradicionales vasijas de barro utilizadas para guardar el agua que podemos encontrar en cada patio o portales \r\ncamagüeyanos.\r\n\r\nCamagüey se encuentra a 533 kilómetros de La Habana por la Autopista Nacional, y cuenta con el Aeropuerto Ignacio Agramonte.','Camagüey se encuentra a 533 kilómetros de La Habana por la Autopista Nacional, y cuenta con el Aeropuerto Ignacio Agramonte.','Cienfuegos','Cienfuegos','Cienfuegos','Cienfuegos,Cienfuegos,Cuba ','Cienfuegos','Cienfuegos','Cuba ','es'),(27,3,'Cienfuegos','Cienfuegos\r\nCienfuegos, belle ville entourée par les eaux de sa baie, est une des plus accueillantes et splendides de l’ile.\r\nLa succession harmonieuse de ses constructions et les toits en forme de coupole font partie de son architecture relique de grande influence française. Grace à  sa beauté, Cienfuegos  se nomme La Perle du Sud.\r\nCienfuegos est connue grâce à son Centre Historique, déclaré un Monument National et Patrimoine Culturel de l’Humanité et grâce à  sa structure urbaine parfaite.\r\nLes habitants de Cienfuegos aiment leur ville de façon unique.\r\n L’aéroport international Jaime Gonzalez se trouve à Cienfuegos. Aussi, la ville se trouve à 256 kilomètres la Havane et a 197 kilomètres de Matanzas. ','CCienfuegos\r\nCienfuegos, belle ville entourée par les eaux de sa baie, est une des plus accueillantes et splendides de l’ile.\r\nLa succession harmonieuse de ses constructions et les toits en forme de coupole font partie de son architecture relique de grande influence française. Grace à  sa beauté, Cienfuegos  se nomme La Perle du Sud.\r\nCienfuegos est connue grâce à son Centre Historique, déclaré un Monument National et Patrimoine Culturel de l’Humanité et grâce à  sa structure urbaine parfaite.\r\nLes habitants de Cienfuegos aiment leur ville de façon unique.\r\n L’aéroport international Jaime Gonzalez se trouve à Cienfuegos. Aussi, la ville se trouve à 256 kilomètres la Havane et a 197 kilomètres de Matanzas. ','Cienfuegos','Cienfuegos','Cienfuegos','Cienfuegos,Cienfuegos,Cuba ','Cienfuegos','Cienfuegos','Cuba ','fr'),(28,24,'TestGTJLKGZNJZQTRXVABDDDKWXEFVGKFSKYPMSVVTCAQKTKWXGJIOUUMFSQBMTKHURYCVRIJKDIFEUOALIAZPKOPVBWGDFWIEKSNWI','Test Description','Test Location Description','Test Meta','Test Meta Description','Test Meta Keyword','TestGTJLKGZNJZQTRXVABDDDKWXEFVGKFSKYPMSVVTCAQKTKWXGJIOUUMFSQBMTKHURYCVRIJKDIFEUOALIAZPKOPVBWGDFWIEKSNWI,Alabama,United States ','TestGTJLKGZNJZQTRXVABDDDKWXEFVGKFSKYPMSVVTCAQKTKWXGJIOUUMFSQBMTKHURYCVRIJKDIFEUOALIAZPKOPVBWGDFWIEKSNWI','Alabama','United States ','en'),(29,25,'TestDBYFJLZERYMUUTIRWIAMDJQOSIPZJAZBYVRSSMZSBYUPFJNGZEVDDLSPLDCFCJRVSKSGEFANJOTFCVROKHYOORJVLWYPIPDHELQ','Test Description','Test Location Description','Test Meta','Test Meta Description','Test Meta Keyword','TestDBYFJLZERYMUUTIRWIAMDJQOSIPZJAZBYVRSSMZSBYUPFJNGZEVDDLSPLDCFCJRVSKSGEFANJOTFCVROKHYOORJVLWYPIPDHELQ,Alabama,United States ','TestDBYFJLZERYMUUTIRWIAMDJQOSIPZJAZBYVRSSMZSBYUPFJNGZEVDDLSPLDCFCJRVSKSGEFANJOTFCVROKHYOORJVLWYPIPDHELQ','Alabama','United States ','en'),(30,26,'TestGLGFRZESOCDVDWMKKETQCJMRUZSEVPNYUNRYJBGZKTDZNZADIONVVKTSYQNHHCUBRIQSIEUIYXLQBGOJFFCUFISGJSHZCKULCEK','Test Description','Test Location Description','Test Meta','Test Meta Description','Test Meta Keyword','TestGLGFRZESOCDVDWMKKETQCJMRUZSEVPNYUNRYJBGZKTDZNZADIONVVKTSYQNHHCUBRIQSIEUIYXLQBGOJFFCUFISGJSHZCKULCEK,Alabama,United States ','TestGLGFRZESOCDVDWMKKETQCJMRUZSEVPNYUNRYJBGZKTDZNZADIONVVKTSYQNHHCUBRIQSIEUIYXLQBGOJFFCUFISGJSHZCKULCEK','Alabama','United States ','en'),(31,27,'test','test','test','Test meta','','','test,Villa Clara,Cuba ','test','Villa Clara','Cuba ','en'),(32,28,'Baracoa','The city is located among three rivers, the sea and the mountains. Baracoa has a virgin natural landscape and it is considered to be one of the most beautiful places in the Island.\r\n\r\n It was the first village to be founded in Cuba by the Spanish and it also preserves valuable treasures related to the country´s culture, religion and nature.\r\n\r\nIt´s nickname is Ciudad Primada (First city) and it is the Cuban capital of cocoa, coconut and coffee. It has a colonial old quarter bordered by a wonderful landscape \r\n\r\nwhich includes El Yunque de Baracoa, a very picturesque mountain declared Natural Monument.\r\n\r\nThe people of Baracoa have unique traditions that enrich the magic of the city; they are also humble and hospitable.\r\n\r\nIt is located 150 kilometers east from the city of Guantánamo and its main land access is by a road called La Farola. The city´s national airport is called Gustavo Curly Pozo.','It is located 150 kilometers east from the city of Guantánamo and its main land access is by a road called La Farola. The city´s national airport is called Gustavo Curly Pozo.','Baracoa','','','Baracoa,Guantanamo,Cuba ','Baracoa','Guantanamo','Cuba ','en'),(33,28,'Baracoa','Ubicada entre tres ríos, el mar y las montañas Baracoa posee un paisaje natural virgen que la hace uno de los lugares más hermosos de la Isla.\r\n\r\n Fue la primera Villa Fundada en Cuba y guarda preciados tesoros de la cultura, la religión y la naturaleza del país.\r\n\r\nLlamada la Ciudad Primada es capital del cacao, el coco y el café cubanos. Tiene un centro histórico colonial que termina en un maravilloso paisaje escoltado por El \r\nYunque de Baracoa, elevación declarada Monumento Natural.\r\n\r\nLa gente de Baracoa posee tradiciones únicas que enriquecen la magia de la ciudad, son humildes y hospitalarios.\r\n\r\nUbicada a 150 kilómetros de la ciudad de Guantánamo, se accede a ella por el Viaducto La Farola. En ella se encuentra el Aeropuerto Nacional Gustavo Pozo Rizo.','Ubicada a 150 kilómetros de la ciudad de Guantánamo, se accede a ella por el Viaducto La Farola. En ella se encuentra el Aeropuerto Nacional Gustavo Pozo Rizo.','Baracoa','Baracoa','Baracoa','Baracoa,Guantanamo,Cuba ','Baracoa','Guantanamo','Cuba ','es'),(34,11,'Vinales','Único en la belleza natural y la luz de sus paisajes, el Valle de Viñales en Pinar del Río es uno de los lugares más atractivos del archipiélago cubano.\r\n\r\nLa llegada al Valle es impresionante desde su temperatura agradable hasta la presencia de antigüedad y prehistoria en su paisaje.\r\n\r\nEl pueblo de Viñales presenta un tradicional asentamiento de agricultores con una calle principal con galerías de columnas y tejas rojas, de singular y atractiva apariencia.\r\n\r\nLa piedra lavada donde se ubica una majestuosa obra de arte, el Mural de la Prehistoria, y la hospitalidad de su pueblo, hacen de Viñales un apreciado destino en la geografía cubana.\r\n\r\nEl Valle es Declarado Monumento Nacional y Paisaje Cultural de la Humanidad desde 1999. Está ubicado a 130 kilómetros al oeste de la Ciudad de La Habana, unidos \r\nambos destinos por una estupenda autopista.','Está ubicado a 130 kilómetros al oeste de la Ciudad de La Habana, unidos \r\nambos destinos por una estupenda autopista.','Vinales','Vinales','Vinales','Vinales,Pinar del Rio,Cuba ','Vinales','Pinar del Rio','Cuba ','es'),(35,9,'Trinidad','Trinidad es la ciudad colonial mejor conservada de Cuba, y es llamada su Ciudad Museo.\r\n\r\nUbicada en un amplio valle a la sombra de las montañas del Escambray es uno de los destinos más importantes para el conocimiento de las tradiciones, cultura y la originalidad del pueblo cubano.\r\n\r\nTrinidad es Patrimonio Cultural de la Humanidad y sus calles muestran típicas casonas coloniales que la definen como una antigua joya urbanística.\r\n\r\nA solo 10 minutos se encuentra la península de Ancón, un paraíso de sol y playa que completa el feliz y perdurable recuerdo de Trinidad.','Ubicada en un amplio valle a la sombra de las montañas del Escambray es uno de los destinos más importantes para el conocimiento de las tradiciones, cultura y la originalidad del pueblo cubano.','Trinidad','Trinidad','Trinidad','Trinidad,Sancti Spiritus,Cuba ','Trinidad','Sancti Spiritus','Cuba ','es'),(36,7,'Santa Clara','En la provincia que marca el centro geográfico de Cuba se encuentra la ciudad de Santa Clara, apreciada por sus lugares históricos y una estimada vida cultural.\r\n\r\nFue fundada por 12 familias provenientes de la villa de San Juan de los Remedios se ubica entre las riberas de dos ríos el Bélico y Cubanicay. \r\n\r\nSu centro se distingue por hermosas construcciones coloniales y de estilos neoclásicos.\r\n\r\nEn la ciudad se encuentra el Aeropuerto Internacional Abel Santamaría y está a 1 hora de los Cayos Las Brujas, Ensenachos y Santa María. Se puede acceder  a ella por la \r\nAutopista Nacional desde La Habana.\r\n\r\nLa ciudad de Santa Clara es conocida en el mundo por el Mausoleo donde se encuentran los restos de Ernesto Guevara.\r\n\r\nLa gente de Santa Clara es apreciada por la hospitalidad y su amor por el acogedor entorno de su ciudad.','En la provincia que marca el centro geográfico de Cuba se encuentra la ciudad de Santa Clara, apreciada por sus lugares históricos y una estimada vida cultural.','Santa Clara','Santa Clara','Santa Clara','Santa Clara,Villa Clara,Cuba ','Santa Clara','Villa Clara','Cuba ','es'),(37,29,'Camagüey','The city of Camagüey is appreciated by its architectonic splendor and the beauty of its old quarter.\r\n\r\nIt is one of the oldest Cuban cities and it preserves ancient cultural traditions like the celebration of El San Juan Camagüeyano, as well as the preference for colonial dishes and gastronomy.\r\n\r\nIt is a city loved by its visitors due to its squares, churches, murals, its preserved architecture and the hospitality of its people.\r\n\r\nThe symbol of the city is the clay pot, which is a traditional pot used to collect rain water. Clay pots can be seen in almost every porch and backyard from Camagüey.\r\n\r\nThe city is located 533 kilometers east from Havana if you travel by the National Highway. It also has an international airport called Ignacio Agramonte.','The city is located 533 kilometers east from Havana if you travel by the National Highway. It also has an international airport called Ignacio Agramonte.','Camaguey','Camaguey','Camaguey','Camagüey,Camaguey,Cuba ','Camagüey','Camaguey','Cuba ','en'),(38,29,'Camagüey','La ciudad de Camagüey es apreciada por su esplendor arquitectónico y la belleza de su centro histórico.\r\n\r\nEs una de las villas fundacionales de la Isla donde permanecen antiguas tradiciones culturales como la Fiesta del San Juan camagüeyano y el gusto por platos típicos de la época colonial.\r\n\r\nEs una ciudad preferida por los visitantes por sus plazas, iglesias, murales, la preservación de su arquitectura y la hospitalidad de su gente.\r\n\r\nEs distintivo de la ciudad la presencia de los tinajones, tradicionales vasijas de barro utilizadas para guardar el agua que podemos encontrar en cada patio o portales \r\ncamagüeyanos.\r\n\r\nCamagüey se encuentra a 533 kilómetros de La Habana por la Autopista Nacional, y cuenta con el Aeropuerto Ignacio Agramonte.','Camagüey se encuentra a 533 kilómetros de La Habana por la Autopista Nacional, y cuenta con el Aeropuerto Ignacio Agramonte.','Camaguey','Camaguey','Camaguey','Camagüey,Camaguey,Cuba ','Camagüey','Camaguey','Cuba ','es'),(39,30,'Remedios','Lorem ipsum dolor sit amet, consectetur adipiscing elit. Fusce ut auctor lacus. Curabitur quis leo eu nulla ornare commodo. Donec vulputate ante in felis dignissim, a interdum tortor euismod.','Lorem ipsum dolor sit amet, consectetur adipiscing elit. Fusce ut auctor lacus. Curabitur quis leo eu nulla ornare commodo. Donec vulputate ante in felis dignissim, a interdum tortor euismod.','Remedios','Remedios','Remedios','Remedios,Villa Clara,Cuba ','Remedios','Villa Clara','Cuba ','en');
/*!40000 ALTER TABLE `destination_content` ENABLE KEYS */;
UNLOCK TABLES;

--
-- Table structure for table `destination_feature`
--

DROP TABLE IF EXISTS `destination_feature`;
/*!40101 SET @saved_cs_client     = @@character_set_client */;
/*!40101 SET character_set_client = utf8 */;
CREATE TABLE `destination_feature` (
  `distination_feature_id` int(11) NOT NULL AUTO_INCREMENT,
  `destination_id` int(11) NOT NULL,
  `feature_id` int(11) NOT NULL,
  `created_date` timestamp NOT NULL DEFAULT CURRENT_TIMESTAMP,
  PRIMARY KEY (`distination_feature_id`),
  KEY `destination_id` (`destination_id`),
  KEY `feature_id` (`feature_id`),
  CONSTRAINT `destination_feature_ibfk_1` FOREIGN KEY (`destination_id`) REFERENCES `destination` (`destination_id`) ON DELETE CASCADE ON UPDATE CASCADE,
  CONSTRAINT `destination_feature_ibfk_2` FOREIGN KEY (`feature_id`) REFERENCES `feature` (`feature_id`) ON DELETE CASCADE ON UPDATE CASCADE
) ENGINE=InnoDB AUTO_INCREMENT=295 DEFAULT CHARSET=utf8 COLLATE=utf8_unicode_ci;
/*!40101 SET character_set_client = @saved_cs_client */;

--
-- Dumping data for table `destination_feature`
--

LOCK TABLES `destination_feature` WRITE;
/*!40000 ALTER TABLE `destination_feature` DISABLE KEYS */;
INSERT INTO `destination_feature` VALUES (69,12,1,'2014-09-06 07:55:52'),(70,12,2,'2014-09-06 07:55:52'),(71,12,4,'2014-09-06 07:55:52'),(72,12,5,'2014-09-06 07:55:52'),(80,10,1,'2014-09-06 09:04:49'),(81,10,4,'2014-09-06 09:04:49'),(82,10,5,'2014-09-06 09:04:49'),(86,8,2,'2014-09-06 09:06:26'),(87,8,3,'2014-09-06 09:06:26'),(88,8,5,'2014-09-06 09:06:26'),(96,6,2,'2014-09-06 09:13:07'),(97,6,4,'2014-09-06 09:13:07'),(98,5,3,'2014-09-06 09:16:20'),(99,5,4,'2014-09-06 09:16:20'),(100,5,5,'2014-09-06 09:16:20'),(119,2,1,'2014-09-06 09:25:19'),(120,2,2,'2014-09-06 09:25:19'),(121,2,3,'2014-09-06 09:25:19'),(122,2,5,'2014-09-06 09:25:19'),(131,1,1,'2014-09-06 09:30:02'),(132,1,2,'2014-09-06 09:30:02'),(133,1,4,'2014-09-06 09:30:02'),(134,1,5,'2014-09-06 09:30:02'),(135,13,1,'2014-09-19 11:00:48'),(136,13,4,'2014-09-19 11:00:48'),(137,14,1,'2014-10-08 07:03:24'),(138,14,2,'2014-10-08 07:03:24'),(139,14,3,'2014-10-08 07:03:24'),(140,14,4,'2014-10-08 07:03:24'),(141,14,5,'2014-10-08 07:03:24'),(142,15,1,'2014-10-08 12:10:40'),(143,15,2,'2014-10-08 12:10:41'),(144,15,3,'2014-10-08 12:10:41'),(145,15,4,'2014-10-08 12:10:41'),(146,15,5,'2014-10-08 12:10:41'),(147,16,1,'2014-10-08 13:40:17'),(148,16,2,'2014-10-08 13:40:17'),(149,16,3,'2014-10-08 13:40:17'),(150,16,4,'2014-10-08 13:40:17'),(151,16,5,'2014-10-08 13:40:17'),(152,17,1,'2014-10-08 14:41:10'),(153,17,2,'2014-10-08 14:41:10'),(154,17,3,'2014-10-08 14:41:10'),(155,17,4,'2014-10-08 14:41:10'),(156,17,5,'2014-10-08 14:41:10'),(157,18,1,'2014-10-08 14:49:39'),(158,18,2,'2014-10-08 14:49:39'),(159,18,3,'2014-10-08 14:49:39'),(160,18,4,'2014-10-08 14:49:39'),(161,18,5,'2014-10-08 14:49:39'),(162,19,1,'2014-10-09 06:45:28'),(163,19,2,'2014-10-09 06:45:28'),(164,19,3,'2014-10-09 06:45:28'),(165,19,4,'2014-10-09 06:45:28'),(166,19,5,'2014-10-09 06:45:28'),(167,20,1,'2014-10-09 07:31:56'),(168,20,2,'2014-10-09 07:31:56'),(169,20,3,'2014-10-09 07:31:56'),(170,20,4,'2014-10-09 07:31:56'),(171,20,5,'2014-10-09 07:31:56'),(172,21,1,'2014-10-09 08:19:06'),(173,21,2,'2014-10-09 08:19:06'),(174,21,3,'2014-10-09 08:19:06'),(175,21,4,'2014-10-09 08:19:06'),(176,21,5,'2014-10-09 08:19:06'),(177,22,1,'2014-10-09 14:20:42'),(178,22,2,'2014-10-09 14:20:42'),(179,22,3,'2014-10-09 14:20:42'),(180,22,4,'2014-10-09 14:20:42'),(181,22,5,'2014-10-09 14:20:42'),(183,23,1,'2014-10-10 14:45:13'),(188,24,1,'2014-10-17 05:43:35'),(189,24,2,'2014-10-17 05:43:35'),(190,24,3,'2014-10-17 05:43:35'),(191,24,4,'2014-10-17 05:43:35'),(192,24,5,'2014-10-17 05:43:35'),(193,25,1,'2014-10-17 06:26:02'),(194,25,2,'2014-10-17 06:26:02'),(195,25,3,'2014-10-17 06:26:02'),(196,25,4,'2014-10-17 06:26:02'),(197,25,5,'2014-10-17 06:26:02'),(198,26,1,'2014-10-17 10:05:04'),(199,26,2,'2014-10-17 10:05:04'),(200,26,3,'2014-10-17 10:05:04'),(201,26,4,'2014-10-17 10:05:04'),(202,26,5,'2014-10-17 10:05:04'),(203,27,1,'2014-10-27 10:03:30'),(204,27,4,'2014-10-27 10:03:30'),(218,28,2,'2014-11-28 23:09:03'),(219,28,3,'2014-11-28 23:09:03'),(220,28,4,'2014-11-28 23:09:03'),(228,7,1,'2014-11-28 23:49:34'),(229,7,2,'2014-11-28 23:49:34'),(230,7,3,'2014-11-28 23:49:34'),(231,7,4,'2014-11-28 23:49:34'),(232,7,5,'2014-11-28 23:49:34'),(245,29,2,'2014-11-29 01:07:52'),(246,29,3,'2014-11-29 01:07:52'),(247,29,4,'2014-11-29 01:07:52'),(248,29,5,'2014-11-29 01:07:52'),(267,4,2,'2014-12-26 15:47:43'),(268,4,4,'2014-12-26 15:47:43'),(269,4,5,'2014-12-26 15:47:43'),(283,30,2,'2015-01-02 19:25:34'),(284,30,4,'2015-01-02 19:25:34'),(285,30,5,'2015-01-02 19:25:34'),(286,11,2,'2015-01-02 19:25:59'),(287,11,4,'2015-01-02 19:25:59'),(288,11,5,'2015-01-02 19:25:59'),(289,9,2,'2015-01-02 19:26:23'),(290,9,4,'2015-01-02 19:26:23'),(291,9,5,'2015-01-02 19:26:23'),(292,3,2,'2015-01-02 19:26:58'),(293,3,4,'2015-01-02 19:26:58'),(294,3,5,'2015-01-02 19:26:58');
/*!40000 ALTER TABLE `destination_feature` ENABLE KEYS */;
UNLOCK TABLES;

--
-- Table structure for table `destination_image`
--

DROP TABLE IF EXISTS `destination_image`;
/*!40101 SET @saved_cs_client     = @@character_set_client */;
/*!40101 SET character_set_client = utf8 */;
CREATE TABLE `destination_image` (
  `destination_image_id` int(11) NOT NULL AUTO_INCREMENT,
  `destination_id` int(11) NOT NULL,
  `image` varchar(150) COLLATE utf8_unicode_ci NOT NULL,
  `created_date` timestamp NOT NULL DEFAULT CURRENT_TIMESTAMP,
  PRIMARY KEY (`destination_image_id`),
  KEY `destination_id` (`destination_id`),
  CONSTRAINT `destination_image_ibfk_1` FOREIGN KEY (`destination_id`) REFERENCES `destination` (`destination_id`) ON DELETE CASCADE ON UPDATE CASCADE
) ENGINE=InnoDB AUTO_INCREMENT=46 DEFAULT CHARSET=utf8 COLLATE=utf8_unicode_ci;
/*!40101 SET character_set_client = @saved_cs_client */;

--
-- Dumping data for table `destination_image`
--

LOCK TABLES `destination_image` WRITE;
/*!40000 ALTER TABLE `destination_image` DISABLE KEYS */;
INSERT INTO `destination_image` VALUES (14,12,'kam0fq1y.jpg','2014-09-06 07:55:59'),(18,10,'yqfq11yd.png','2014-09-06 09:05:23'),(20,8,'mhfwl4uj.png','2014-09-06 09:06:57'),(22,6,'tuwiktt1.png','2014-09-06 09:13:43'),(23,5,'458hmc3i.png','2014-09-06 09:17:13'),(26,2,'1mrazreo.jpg','2014-09-06 09:25:30'),(27,1,'a3n6202e.png','2014-09-06 09:30:36'),(28,13,'0qa3jin4.jpg','2014-09-19 11:01:04'),(30,23,'gdtqdom8.jpeg','2014-10-10 14:45:14'),(32,27,'tue71qqu.jpg','2014-10-27 10:03:31'),(33,28,'l8wt13rr.JPG','2014-11-28 22:56:24'),(36,7,'j8jo5r7b.jpg','2014-11-28 23:49:35'),(38,29,'vzoqh9im.jpg','2014-11-29 01:07:54'),(41,11,'qhdc6etl.jpg','2014-12-26 00:50:37'),(42,4,'unw11921.jpg','2014-12-26 15:47:45'),(43,30,'1glhv084.jpg','2014-12-26 16:01:29'),(44,9,'l0f4p5c8.jpg','2014-12-26 16:06:57'),(45,3,'w6m2q6iq.jpg','2014-12-26 17:20:21');
/*!40000 ALTER TABLE `destination_image` ENABLE KEYS */;
UNLOCK TABLES;

--
-- Table structure for table `email_content`
--

DROP TABLE IF EXISTS `email_content`;
/*!40101 SET @saved_cs_client     = @@character_set_client */;
/*!40101 SET character_set_client = utf8 */;
CREATE TABLE `email_content` (
  `email_content_id` int(11) NOT NULL AUTO_INCREMENT,
  `email_list_id` int(11) NOT NULL,
  `subject` text COLLATE utf8_unicode_ci,
  `emailcontent` text COLLATE utf8_unicode_ci,
  `lan` varchar(2) COLLATE utf8_unicode_ci DEFAULT NULL,
  PRIMARY KEY (`email_content_id`),
  KEY `email_list_id` (`email_list_id`),
  CONSTRAINT `email_content_ibfk_1` FOREIGN KEY (`email_list_id`) REFERENCES `email_list` (`email_list_id`) ON DELETE CASCADE ON UPDATE CASCADE
) ENGINE=InnoDB AUTO_INCREMENT=18 DEFAULT CHARSET=utf8 COLLATE=utf8_unicode_ci;
/*!40101 SET character_set_client = @saved_cs_client */;

--
-- Dumping data for table `email_content`
--

LOCK TABLES `email_content` WRITE;
/*!40000 ALTER TABLE `email_content` DISABLE KEYS */;
INSERT INTO `email_content` VALUES (1,1,'Admin Forgot Password - Mytripcuba','Dear {name},<br />\r\n<br />\r\nYour Login Credentials is below.<br />\r\n=========================<br />\r\n<br />\r\nUsername : {username}<br />\r\nPassword : {password}<br />\r\n<br />\r\nAdmin URL : {link}<br />\r\n<br />\r\n<br />\r\n<strong>Regards,<br />\r\nSupport Team,<br />\r\nMytripcuba</strong><br />\r\n<br />\r\n<br />\r\ntest contenttest contenttest contenttest contenttest contenttest contenttest contenttest contenttest contenttest contenttest contenttest content','en'),(2,2,'Mytripcuba - Admin credentials','Dear {name},<br />\r\n<br />\r\nYour Admin Login Credentials is below.<br />\r\n===============================<br />\r\n<br />\r\nUsername : {username}<br />\r\nPassword : {password}<br />\r\n<br />\r\nAdmin URL : {link}<br />\r\n<br />\r\n<br />\r\n<strong>Regards,<br />\r\nSupport Team,<br />\r\nMytripcuba</strong><br />\r\n<br />\r\n<br />\r\n','en'),(3,3,'Mytripcuba - Admin change password','Dear {name},<br />\r\n<br />\r\nYour Admin Login New Credentials is below.<br />\r\n===================================<br />\r\n<br />\r\nUsername : {username}<br />\r\nPassword : {password}<br />\r\n<br />\r\nAdmin URL : {link}<br />\r\n<br />\r\n<br />\r\n<strong>Regards,<br />\r\nSupport Team,<br />\r\nMytripcuba</strong><br />\r\n<br />\r\n<br />\r\n','en'),(4,4,'','Dear <strong>Admin</strong>,<br />\r\n<br />\r\n<strong>{name}</strong> has sent the message Details are in below:<br />\r\n=========================================<br />\r\n<br />\r\n<strong>Name</strong> : {name}<br />\r\n<br />\r\n<strong>Email</strong> : {email}<br />\r\n<br />\r\n<strong>Phone</strong> : {phone}<br />\r\n<br />\r\n<strong>Subject</strong> : {subject}<br />\r\n<br />\r\n<strong>Message </strong>: {message}<br />\r\n<br />\r\n<br />\r\n<br />\r\n<strong>Regards,<br />\r\n{name}</strong><br />\r\n<br />\r\n<br />\r\n','en'),(5,5,NULL,'','en'),(6,6,'Welcome!  {name}  perks inside','Dear {name},<br />\r\n<h1>\r\n	Welcome to Mytrip to cuba</h1>\r\n<p>\r\n	You&#39;re now part of the world&#39;s largest travel community, with millions of traveler reviews to help you plan your perfect trip. Get inspired for your next vacation.</p>\r\n<br />\r\nYour Login Credentials are in below<br />\r\n============================<br />\r\n<br />\r\n<strong>Username : </strong>{username}<br />\r\n<br />\r\n<strong>Password :</strong> {password}<br />\r\n<br />\r\nTo enjoy all the benefits of your mytrip to cuba account, simply verify your email address by clicking on the link below:<br />\r\n{link}<br />\r\n<br />\r\nThank you,<br />\r\n<br />\r\nRegards,<br />\r\nMytrip to cuba team<br />\r\n','en'),(7,5,'Welcome! New member perks inside','Dear {name},<br />\r\n<h1>\r\n	Welcome to Mytrip to cuba</h1>\r\n<p>\r\n	You&#39;re now part of the world&#39;s largest travel community, with millions of traveler reviews to help you plan your perfect trip. Get inspired for your next vacation.</p>\r\n<br />\r\nYour Login Credentials are in below<br />\r\n============================<br />\r\n<br />\r\n<strong>Username : </strong>{username}<br />\r\n<br />\r\n<strong>Password :</strong> {password}<br />\r\n<br />\r\nTo enjoy all the benefits of your mytrip to cuba account, simply verify your email address by clicking on the link below:<br />\r\n{link}<br />\r\n<br />\r\nThank you,<br />\r\n<br />\r\nRegards,<br />\r\nMytrip to cuba team<br />\r\n','es'),(8,5,'Welcome! New member perks inside','Dear {name},<br />\r\n<h1>\r\n	Welcome to Mytrip to cuba</h1>\r\n<p>\r\n	You&#39;re now part of the world&#39;s largest travel community, with millions of traveler reviews to help you plan your perfect trip. Get inspired for your next vacation.</p>\r\n<br />\r\nYour Login Credentials are in below<br />\r\n============================<br />\r\n<br />\r\n<strong>Username : </strong>{username}<br />\r\n<br />\r\n<strong>Password :</strong> {password}<br />\r\n<br />\r\nTo enjoy all the benefits of your mytrip to cuba account, simply verify your email address by clicking on the link below:<br />\r\n{link}<br />\r\n<br />\r\nThank you,<br />\r\n<br />\r\nRegards,<br />\r\nMytrip to cuba team<br />\r\n','fr'),(9,7,'Mytriptocuba - Forgot Password','<strong>Dear {name},</strong><br />\r\n<br />\r\nWe have processed your request for issuing a new password.<br />\r\n<br />\r\nYour temporary password is: <strong>{password}</strong><br />\r\n<br />\r\nPlease click on the link below and use your email id and temporary password to generate a new password and subsequently access your account.<br />\r\n<br />\r\nLink: {link}<br />\r\n<br />\r\n<wbr>You can also change your password anytime afterwards by clicking on &quot;change password&quot; tab in &#39;my account&#39; section.<br />\r\n<br />\r\nShould you have any queries, kindly click here and fill in the support form with the appropriate description. You may also reach us from the &#39;contact us&#39; link on the site.<br />\r\n<br />\r\nLooking forward to seeing you back on the site soon.<br />\r\n<br />\r\nTeam MytripToCuba.com<br />\r\n<br />\r\nMytripToCuba.com<br />\r\n<br />\r\nNOTE: Please do not respond to this mail. Should you have any further queries, kindly click the contact us link and send the appropriate description.<br />\r\n<wbr></wbr></wbr>','en'),(10,8,'Pre-Booking for {hostal_name}','Dear {owner_name},<br />\n<br />\nYour&nbsp; {hostal_name}&nbsp; has got the booking. The Details are in below<br />\n<br />\n<table cellpadding=\"5\">\n    <tbody>\n        <tr>\n            <td>\n                Ref No</td>\n            <td>\n                :</td>\n            <td>\n                {ref_no}</td>\n        </tr>\n        <tr>\n            <td>\n                Check In Date</td>\n            <td>\n                :</td>\n            <td>\n                {check_in}</td>\n        </tr>\n        <tr>\n            <td>\n                Check Out Date</td>\n            <td>\n                :</td>\n            <td>\n                {check_out}</td>\n        </tr>\n        <tr>\n            <td>\n                Room(s)</td>\n            <td>\n                :</td>\n            <td>\n                {rooms}</td>\n        </tr>\n        <tr>\n            <td>\n                Nights</td>\n            <td>\n                :</td>\n            <td>\n                {nights}</td>\n        </tr>\n        <tr>\n            <td>\n                Booking User Name</td>\n            <td>\n                :</td>\n            <td>\n                {username}</td>\n        </tr>\n        <tr>\n            <td>\n                Booking User Address</td>\n            <td>\n                :</td>\n            <td>\n                {address}</td>\n        </tr>\n        <tr>\n            <td>\n                Accommodation Total Cost</td>\n            <td>\n                :</td>\n            <td>\n                {accommodation_cost}</td>\n        </tr>\n        <tr>\n            <td>\n                Reservation Charge</td>\n            <td>\n                :</td>\n            <td>\n                {reservation_charge}</td>\n        </tr>\n        <tr>\n            <td>\n                Total Cost</td>\n            <td>\n                :</td>\n            <td>\n                {total_cost}</td>\n        </tr>\n    </tbody>\n</table>\n<br />\n<strong>Regards,<br />\nSupport Team,<br />\nMytripcuba</strong>','en'),(11,9,'Pre-Booking for {hostal_name}','Dear {admin_name},<br />\n<br />\nThe&nbsp; {hostal_name}&nbsp; has got the booking. The Details are in below<br />\n<br />\n<table cellpadding=\"5\">\n    <tbody>\n        <tr>\n            <td>\n                Ref No</td>\n            <td>\n                :</td>\n            <td>\n                {ref_no}</td>\n        </tr>\n        <tr>\n            <td>\n                Check In Date</td>\n            <td>\n                :</td>\n            <td>\n                {check_in}</td>\n        </tr>\n        <tr>\n            <td>\n                Check Out Date</td>\n            <td>\n                :</td>\n            <td>\n                {check_out}</td>\n        </tr>\n        <tr>\n            <td>\n                Room(s)</td>\n            <td>\n                :</td>\n            <td>\n                {rooms}</td>\n        </tr>\n        <tr>\n            <td>\n                Nights</td>\n            <td>\n                :</td>\n            <td>\n                {nights}</td>\n        </tr>\n        <tr>\n            <td>\n                Booking User Name</td>\n            <td>\n                :</td>\n            <td>\n                {username}</td>\n        </tr>\n        <tr>\n            <td>\n                Booking User Address</td>\n            <td>\n                :</td>\n            <td>\n                {address}</td>\n        </tr>\n        <tr>\n            <td>\n                Accommodation Total Cost</td>\n            <td>\n                :</td>\n            <td>\n                {accommodation_cost}</td>\n        </tr>\n        <tr>\n            <td>\n                Reservation Charge</td>\n            <td>\n                :</td>\n            <td>\n                {reservation_charge}</td>\n        </tr>\n        <tr>\n            <td>\n                Total Cost</td>\n            <td>\n                :</td>\n            <td>\n                {total_cost}</td>\n        </tr>\n    </tbody>\n</table>\n<br />\n<strong>Regards,<br />\nSupport Team,<br />\nMytripcuba</strong>','en'),(12,10,'Booking confirmed for {hostal_name}','Dear {owner_name},<br />\n<br />\n{username} has confirmed&nbsp;&nbsp; {hostal_name}&nbsp; hostal booking. The Details are in below<br />\n<br />\n<strong>Booking Details:</strong><br />\n<table cellpadding=\"5\">\n    <tbody>\n        <tr>\n            <td>\n                Ref No</td>\n            <td>\n                :</td>\n            <td>\n                {ref_no}</td>\n        </tr>\n        <tr>\n            <td>\n                Check In Date</td>\n            <td>\n                :</td>\n            <td>\n                {check_in}</td>\n        </tr>\n        <tr>\n            <td>\n                Check Out Date</td>\n            <td>\n                :</td>\n            <td>\n                {check_out}</td>\n        </tr>\n        <tr>\n            <td>\n                Room(s)</td>\n            <td>\n                :</td>\n            <td>\n                {rooms}</td>\n        </tr>\n        <tr>\n            <td>\n                Nights</td>\n            <td>\n                :</td>\n            <td>\n                {nights}</td>\n        </tr>\n        <tr>\n            <td>\n                Booking User Name</td>\n            <td>\n                :</td>\n            <td>\n                {username}</td>\n        </tr>\n        <tr>\n            <td>\n                Booking User Address</td>\n            <td>\n                :</td>\n            <td>\n                {address}</td>\n        </tr>\n        <tr>\n            <td>\n                Accommodation Total Cost</td>\n            <td>\n                :</td>\n            <td>\n                {accommodation_cost}</td>\n        </tr>\n        <tr>\n            <td>\n                Reservation Charge</td>\n            <td>\n                :</td>\n            <td>\n                {reservation_charge}</td>\n        </tr>\n        <tr>\n            <td>\n                Total Cost</td>\n            <td>\n                :</td>\n            <td>\n                {total_cost}</td>\n        </tr>\n    </tbody>\n</table>\n<br />\n<strong>Payment Details:</strong><br />\n<table cellpadding=\"5\">\n    <tbody>\n        <tr>\n            <td>\n                Total Cost</td>\n            <td>\n                :</td>\n            <td>\n                {total_cost}</td>\n        </tr>\n        <tr>\n            <td>\n                Paid Amount</td>\n            <td>\n                :</td>\n            <td>\n                {paid_amount}</td>\n        </tr>\n        <tr>\n            <td>\n                Balance Amount</td>\n            <td>\n                :</td>\n            <td>\n                {balance_amount}</td>\n        </tr>\n    </tbody>\n</table>\n<br />\n<br />\n<strong>Regards,<br />\nSupport Team,<br />\nMytripcuba</strong>','en'),(13,11,'Booking confirmed for {hostal_name}','Dear {admin_name},<br />\n<br />\n{username} has confirmed&nbsp;&nbsp; {hostal_name}&nbsp; hostal booking. The Details are in below<br />\n<br />\n<strong>Booking Details:</strong><br />\n<table cellpadding=\"5\">\n    <tbody>\n        <tr>\n            <td>\n                Ref No</td>\n            <td>\n                :</td>\n            <td>\n                {ref_no}</td>\n        </tr>\n        <tr>\n            <td>\n                Check In Date</td>\n            <td>\n                :</td>\n            <td>\n                {check_in}</td>\n        </tr>\n        <tr>\n            <td>\n                Check Out Date</td>\n            <td>\n                :</td>\n            <td>\n                {check_out}</td>\n        </tr>\n        <tr>\n            <td>\n                Room(s)</td>\n            <td>\n                :</td>\n            <td>\n                {rooms}</td>\n        </tr>\n        <tr>\n            <td>\n                Nights</td>\n            <td>\n                :</td>\n            <td>\n                {nights}</td>\n        </tr>\n        <tr>\n            <td>\n                Booking User Name</td>\n            <td>\n                :</td>\n            <td>\n                {username}</td>\n        </tr>\n        <tr>\n            <td>\n                Booking User Address</td>\n            <td>\n                :</td>\n            <td>\n                {address}</td>\n        </tr>\n        <tr>\n            <td>\n                Accommodation Total Cost</td>\n            <td>\n                :</td>\n            <td>\n                {accommodation_cost}</td>\n        </tr>\n        <tr>\n            <td>\n                Reservation Charge</td>\n            <td>\n                :</td>\n            <td>\n                {reservation_charge}</td>\n        </tr>\n        <tr>\n            <td>\n                Total Cost</td>\n            <td>\n                :</td>\n            <td>\n                {total_cost}</td>\n        </tr>\n    </tbody>\n</table>\n<br />\n<strong>Payment Details:</strong><br />\n<table cellpadding=\"5\">\n    <tbody>\n        <tr>\n            <td>\n                Total Cost</td>\n            <td>\n                :</td>\n            <td>\n                {total_cost}</td>\n        </tr>\n        <tr>\n            <td>\n                Paid Amount</td>\n            <td>\n                :</td>\n            <td>\n                {paid_amount}</td>\n        </tr>\n        <tr>\n            <td>\n                Balance Amount</td>\n            <td>\n                :</td>\n            <td>\n                {balance_amount}</td>\n        </tr>\n    </tbody>\n</table>\n<br />\n<br />\n<strong>Regards,<br />\nSupport Team,<br />\nMytripcuba</strong>','en'),(14,12,'Booking Cancelled for {hostal_name}','Dear {owner_name},<br />\n<br />\n{username} has&nbsp; cancelled {hostal_name}&nbsp; hostal booking. The Details are in below<br />\n<br />\n<strong>Booking Details:</strong><br />\n<table cellpadding=\"5\">\n    <tbody>\n        <tr>\n            <td>\n                Ref No</td>\n            <td>\n                :</td>\n            <td>\n                {ref_no}</td>\n        </tr>\n        <tr>\n            <td>\n                Check In Date</td>\n            <td>\n                :</td>\n            <td>\n                {check_in}</td>\n        </tr>\n        <tr>\n            <td>\n                Check Out Date</td>\n            <td>\n                :</td>\n            <td>\n                {check_out}</td>\n        </tr>\n        <tr>\n            <td>\n                Room(s)</td>\n            <td>\n                :</td>\n            <td>\n                {rooms}</td>\n        </tr>\n        <tr>\n            <td>\n                Nights</td>\n            <td>\n                :</td>\n            <td>\n                {nights}</td>\n        </tr>\n        <tr>\n            <td>\n                Booking User Name</td>\n            <td>\n                :</td>\n            <td>\n                {username}</td>\n        </tr>\n        <tr>\n            <td>\n                Booking User Address</td>\n            <td>\n                :</td>\n            <td>\n                {address}</td>\n        </tr>\n        <tr>\n            <td>\n                Accommodation Total Cost</td>\n            <td>\n                :</td>\n            <td>\n                {accommodation_cost}</td>\n        </tr>\n        <tr>\n            <td>\n                Reservation Charge</td>\n            <td>\n                :</td>\n            <td>\n                {reservation_charge}</td>\n        </tr>\n        <tr>\n            <td>\n                Total Cost</td>\n            <td>\n                :</td>\n            <td>\n                {total_cost}</td>\n        </tr>\n    </tbody>\n</table>\n<br />\n<strong>Payment Details:</strong><br />\n<table cellpadding=\"5\">\n    <tbody>\n        <tr>\n            <td>\n                Total Cost</td>\n            <td>\n                :</td>\n            <td>\n                {total_cost}</td>\n        </tr>\n        <tr>\n            <td>\n                Paid Amount</td>\n            <td>\n                :</td>\n            <td>\n                {paid_amount}</td>\n        </tr>\n        <tr>\n            <td>\n                Balance Amount</td>\n            <td>\n                :</td>\n            <td>\n                {balance_amount}</td>\n        </tr>\n    </tbody>\n</table>\n<br />\n<strong>Cancellation Details:</strong><br />\n<table cellpadding=\"5\">\n    <tbody>\n        <tr>\n            <td>\n                Refund Amount</td>\n            <td>\n                :</td>\n            <td>\n                {refund_amount}</td>\n        </tr>\n    </tbody>\n</table>\n<br />\n<br />\n<strong>Regards,<br />\nSupport Team,<br />\nMytripcuba</strong>','en'),(15,13,'Booking Cancelled for {hostal_name}','Dear {admin_name},<br />\n<br />\n{username} has&nbsp; cancelled {hostal_name}&nbsp; hostal booking. The Details are in below<br />\n<br />\n<strong>Booking Details:</strong><br />\n<table cellpadding=\"5\">\n    <tbody>\n        <tr>\n            <td>\n                Ref No</td>\n            <td>\n                :</td>\n            <td>\n                {ref_no}</td>\n        </tr>\n        <tr>\n            <td>\n                Check In Date</td>\n            <td>\n                :</td>\n            <td>\n                {check_in}</td>\n        </tr>\n        <tr>\n            <td>\n                Check Out Date</td>\n            <td>\n                :</td>\n            <td>\n                {check_out}</td>\n        </tr>\n        <tr>\n            <td>\n                Room(s)</td>\n            <td>\n                :</td>\n            <td>\n                {rooms}</td>\n        </tr>\n        <tr>\n            <td>\n                Nights</td>\n            <td>\n                :</td>\n            <td>\n                {nights}</td>\n        </tr>\n        <tr>\n            <td>\n                Booking User Name</td>\n            <td>\n                :</td>\n            <td>\n                {username}</td>\n        </tr>\n        <tr>\n            <td>\n                Booking User Address</td>\n            <td>\n                :</td>\n            <td>\n                {address}</td>\n        </tr>\n        <tr>\n            <td>\n                Accommodation Total Cost</td>\n            <td>\n                :</td>\n            <td>\n                {accommodation_cost}</td>\n        </tr>\n        <tr>\n            <td>\n                Reservation Charge</td>\n            <td>\n                :</td>\n            <td>\n                {reservation_charge}</td>\n        </tr>\n        <tr>\n            <td>\n                Total Cost</td>\n            <td>\n                :</td>\n            <td>\n                {total_cost}</td>\n        </tr>\n    </tbody>\n</table>\n<br />\n<strong>Payment Details:</strong><br />\n<table cellpadding=\"5\">\n    <tbody>\n        <tr>\n            <td>\n                Total Cost</td>\n            <td>\n                :</td>\n            <td>\n                {total_cost}</td>\n        </tr>\n        <tr>\n            <td>\n                Paid Amount</td>\n            <td>\n                :</td>\n            <td>\n                {paid_amount}</td>\n        </tr>\n        <tr>\n            <td>\n                Balance Amount</td>\n            <td>\n                :</td>\n            <td>\n                {balance_amount}</td>\n        </tr>\n    </tbody>\n</table>\n<br />\n<strong>Cancellation Details:</strong><br />\n<table cellpadding=\"5\">\n    <tbody>\n        <tr>\n            <td>\n                Refund Amount</td>\n            <td>\n                :</td>\n            <td>\n                {refund_amount}</td>\n        </tr>\n    </tbody>\n</table>\n<br />\n<br />\n<strong>Regards,<br />\nSupport Team,<br />\nMytripcuba</strong>','en'),(16,14,'Welcome! {name} perks inside','Dear {name},<br />\r\n<h1>\r\n	Welcome to Mytrip to cuba</h1>\r\n<p>\r\n	You&#39;re now part of the world&#39;s largest travel community, with millions of traveler reviews to help you plan your perfect trip. Get inspired for your next vacation.</p>\r\n<br />\r\nTo enjoy all the benefits of your mytrip to cuba account, simply verify your email address by clicking on the link below:<br />\r\n<br />\r\n{link}<br />\r\n<br />\r\n// end mail content<br />\r\n<br />\r\nThank you,<br />\r\n<br />\r\nRegards,<br />\r\nMytrip to cuba team<br />\r\n','en'),(17,14,'Bienvenido! {name} perks inside','Dear {name},<br />\r\n<h1>\r\n	Welcome to Mytrip to cuba</h1>\r\n<p>\r\n	You&#39;re now part of the world&#39;s largest travel community, with millions of traveler reviews to help you plan your perfect trip. Get inspired for your next vacation.</p>\r\n<br />\r\nTo enjoy all the benefits of your mytrip to cuba account, simply verify your email address by clicking on the link below:<br />\r\n<br />\r\n{link}<br />\r\n<br />\r\nThank you,<br />\r\n<br />\r\nRegards,<br />\r\nMytrip to cuba team<br />\r\n','es');
/*!40000 ALTER TABLE `email_content` ENABLE KEYS */;
UNLOCK TABLES;

--
-- Table structure for table `email_list`
--

DROP TABLE IF EXISTS `email_list`;
/*!40101 SET @saved_cs_client     = @@character_set_client */;
/*!40101 SET character_set_client = utf8 */;
CREATE TABLE `email_list` (
  `email_list_id` int(11) NOT NULL AUTO_INCREMENT,
  `title` varchar(100) COLLATE utf8_unicode_ci NOT NULL,
  `label` text COLLATE utf8_unicode_ci,
  `fromname` varchar(100) COLLATE utf8_unicode_ci DEFAULT NULL,
  `fromemail` varchar(255) COLLATE utf8_unicode_ci DEFAULT NULL,
  `tomail` varchar(255) COLLATE utf8_unicode_ci DEFAULT NULL,
  `ccmail` text COLLATE utf8_unicode_ci,
  PRIMARY KEY (`email_list_id`)
) ENGINE=InnoDB AUTO_INCREMENT=15 DEFAULT CHARSET=utf8 COLLATE=utf8_unicode_ci;
/*!40101 SET character_set_client = @saved_cs_client */;

--
-- Dumping data for table `email_list`
--

LOCK TABLES `email_list` WRITE;
/*!40000 ALTER TABLE `email_list` DISABLE KEYS */;
INSERT INTO `email_list` VALUES (1,'Admin - Forgot Password','Name : {name}, Username : {username}, Password : {password}, Link : {link}','MyTripCuba','support@mytripcuba.com',NULL,'@'),(2,'Admin - Credentials','Name : {name}, Username : {username}, Password : {password}, Link : {link}','MyTripCuba','support@mytriptocuba.com','',''),(3,'Admin - Change password','Name : {name}, Username : {username}, Password : {password}, Link : {link}','MyTripCuba','support@mytriptocuba.com','',''),(4,'Contact Message from user','Name : {name},Email:{email},Phone:{phone},Subject:{subject},Message:{message}',NULL,NULL,'contact@mytriptocuba.com',''),(5,'Reply enquiries from admin',NULL,'MyTripCuba1','support@mytriptocuba.com',NULL,''),(6,'User Registration Mail','Name:{name},username:{username},password:{password},Link:{link}','MyTripCuba','support@mytriptocuba.com',NULL,''),(7,'User Forgot password mail','Name:{name},Email:{email},Password:{password},Link:{link}','MyTripCuba','support@mytriptocuba.com','',''),(8,'Pre-Booking Mail to Hostal Owner','Hostal Owner name: {owner_name}, Hostal Name: {hostal_name}, Check In Date: {check_in}, Check Out Date: {check_out}, Room(s): {rooms},Nights: {nights},Booking User Name: {username},Booking User Address: {address},Accommodation Total Cost: {accommodation_cost},Reservation Charge: {reservation_charge},Total Cost: {total_cost},Ref No: {ref_no}','Mytriptocuba','info@mytriptocuba.com','',''),(9,'Pre-Booking Mail to Admin','Hostal Owner name: {owner_name}, Hostal Name: {hostal_name}, Check In Date: {check_in}, Check Out Date: {check_out}, Room(s): {rooms},Nights: {nights}, Booking User Name : {username},Booking User Address: {address},Accommodation Total Cost: {accommodation_cost},Reservation Charge: {reservation_charge},Total Cost: {total_cost},Admin Name: {admin_name},Ref No: {ref_no}','Mytriptocuba','info@mytriptocuba.com','',''),(10,'Booking Confirmed to Hostal Owner','Hostal Owner name: {owner_name}, Hostal Name: {hostal_name}, Check In Date: {check_in}, Check Out Date: {check_out}, Room(s): {rooms},Nights: {nights}, Booking User Name : {username},Booking User Address: {address},Accommodation Total Cost: {accommodation_cost},Reservation Charge: {reservation_charge},Total Cost: {total_cost},Paid Amount: {paid_amount},Balance Amount: {balance_amount},Ref No: {ref_no}','Mytriptocuba','info@mytriptocuba.com','',''),(11,'Booking Confirmed Mail to Admin','Hostal Owner name: {owner_name}, Hostal Name : {hostal_name}, Check In Date: {check_in}, Check Out Date: {check_out}, Room(s): {rooms},Nights: {nights}, Booking User Name: {username},Booking User Address: {address},Accommodation Total Cost: {accommodation_cost},Reservation Charge: {reservation_charge},Total Cost: {total_cost},Admin Name: {admin_name},Paid Amount: {paid_amount},Balance Amount: {balance_amount},Ref No: {ref_no}','Mytriptocuba','info@mytriptocuba.com','',''),(12,'Booking Cancelled mail to Hostal Owner','Hostal Owner name: {owner_name}, Hostal Name: {hostal_name}, Check In Date: {check_in}, Check Out Date: {check_out},Room(s): {rooms},Nights: {nights},Booking User Name: {username},Booking User Address: {address},Accommodation Total Cost: {accommodation_cost},Reservation Charge: {reservation_charge},Total Cost: {total_cost},Paid Amount: {paid_amount},Balance Amount: {balance_amount},Refund Amount: {refund_amount},Ref No: {ref_no},Admin Name : {admin_name}','Mytriptocuba','info@mytriptocuba.com','',''),(13,'Booking Cancelled mail to Admin','Hostal Owner name: {owner_name}, Hostal Name: {hostal_name}, Check In Date: {check_in}, Check Out Date: {check_out}, Room(s): {rooms},Nights: {nights},Booking User Name: {username},Booking User Address: {address},Accommodation Total Cost: {accommodation_cost},Reservation Charge: {reservation_charge},Total Cost: {total_cost},Paid Amount: {paid_amount},Balance Amount: {balance_amount},Refund Amount: {refund_amount},Ref No: {ref_no}','Mytriptocuba','info@mytriptocuba.com','',''),(14,'User Registration Mail (API)','Name:{name},Link:{link}','MyTripToCuba','support@mytriptocuba.com','','joe.veiga.86@gmail.com');
/*!40000 ALTER TABLE `email_list` ENABLE KEYS */;
UNLOCK TABLES;

--
-- Table structure for table `feature`
--

DROP TABLE IF EXISTS `feature`;
/*!40101 SET @saved_cs_client     = @@character_set_client */;
/*!40101 SET character_set_client = utf8 */;
CREATE TABLE `feature` (
  `feature_id` int(11) NOT NULL AUTO_INCREMENT,
  `feature` varchar(50) COLLATE utf8_unicode_ci NOT NULL,
  `icon` varchar(150) COLLATE utf8_unicode_ci DEFAULT NULL,
  `created_date` timestamp NOT NULL DEFAULT CURRENT_TIMESTAMP,
  PRIMARY KEY (`feature_id`)
) ENGINE=InnoDB AUTO_INCREMENT=6 DEFAULT CHARSET=utf8 COLLATE=utf8_unicode_ci;
/*!40101 SET character_set_client = @saved_cs_client */;

--
-- Dumping data for table `feature`
--

LOCK TABLES `feature` WRITE;
/*!40000 ALTER TABLE `feature` DISABLE KEYS */;
INSERT INTO `feature` VALUES (1,'Air Conditioning','pappphla.png','2014-06-14 08:35:26'),(2,'Cuban Heritage sites nearby',NULL,'2014-06-14 11:02:34'),(3,'Children Welcome',NULL,'2014-06-14 11:02:47'),(4,'Owner managed property',NULL,'2014-06-14 11:03:01'),(5,'Restaurant on site',NULL,'2014-06-14 11:03:16');
/*!40000 ALTER TABLE `feature` ENABLE KEYS */;
UNLOCK TABLES;

--
-- Table structure for table `feature_content`
--

DROP TABLE IF EXISTS `feature_content`;
/*!40101 SET @saved_cs_client     = @@character_set_client */;
/*!40101 SET character_set_client = utf8 */;
CREATE TABLE `feature_content` (
  `feature_content_id` int(11) NOT NULL AUTO_INCREMENT,
  `feature_id` int(11) NOT NULL,
  `feature` varchar(50) COLLATE utf8_unicode_ci NOT NULL,
  `lan` varchar(2) COLLATE utf8_unicode_ci NOT NULL,
  PRIMARY KEY (`feature_content_id`),
  KEY `feature_id` (`feature_id`),
  CONSTRAINT `feature_content_ibfk_1` FOREIGN KEY (`feature_id`) REFERENCES `feature` (`feature_id`) ON DELETE CASCADE ON UPDATE CASCADE
) ENGINE=InnoDB AUTO_INCREMENT=12 DEFAULT CHARSET=utf8 COLLATE=utf8_unicode_ci;
/*!40101 SET character_set_client = @saved_cs_client */;

--
-- Dumping data for table `feature_content`
--

LOCK TABLES `feature_content` WRITE;
/*!40000 ALTER TABLE `feature_content` DISABLE KEYS */;
INSERT INTO `feature_content` VALUES (1,1,'Air Conditioning','en'),(2,1,'Aire acondicionado','es'),(3,1,'air climatisé','fr'),(4,2,'Cuban Heritage sites nearby','en'),(5,3,'Children Welcome','en'),(6,4,'Owner managed property','en'),(7,5,'Restaurant on site','en'),(8,2,'Patrimonios Nacionales','es'),(9,3,'Los niños son bienvenidos','es'),(10,5,'Restaurantes en el lugar','es'),(11,4,'Hostales Particulares','es');
/*!40000 ALTER TABLE `feature_content` ENABLE KEYS */;
UNLOCK TABLES;

--
-- Table structure for table `hostal`
--

DROP TABLE IF EXISTS `hostal`;
/*!40101 SET @saved_cs_client     = @@character_set_client */;
/*!40101 SET character_set_client = utf8 */;
CREATE TABLE `hostal` (
  `hostal_id` int(11) NOT NULL AUTO_INCREMENT,
  `destination_id` int(11) NOT NULL,
  `name` varchar(50) COLLATE utf8_unicode_ci NOT NULL,
  `url` varchar(255) COLLATE utf8_unicode_ci NOT NULL,
  `cccode` int(11) DEFAULT NULL,
  `phone` varchar(150) COLLATE utf8_unicode_ci DEFAULT NULL,
  `cmcode` int(11) DEFAULT NULL,
  `mobile` varchar(150) COLLATE utf8_unicode_ci DEFAULT NULL,
  `owner_email` varchar(255) COLLATE utf8_unicode_ci NOT NULL,
  `video` varchar(255) COLLATE utf8_unicode_ci DEFAULT NULL,
  `tripadvisor` text COLLATE utf8_unicode_ci,
  `latitude` varchar(255) COLLATE utf8_unicode_ci NOT NULL,
  `longitude` varchar(255) COLLATE utf8_unicode_ci NOT NULL,
  `created_date` timestamp NOT NULL DEFAULT CURRENT_TIMESTAMP,
  `modify_date` datetime NOT NULL,
  `status` enum('Active','Inactive','Trash') COLLATE utf8_unicode_ci NOT NULL DEFAULT 'Active',
  PRIMARY KEY (`hostal_id`),
  KEY `destination_id` (`destination_id`),
  CONSTRAINT `hostal_ibfk_1` FOREIGN KEY (`destination_id`) REFERENCES `destination` (`destination_id`) ON DELETE CASCADE ON UPDATE CASCADE
) ENGINE=InnoDB AUTO_INCREMENT=27 DEFAULT CHARSET=utf8 COLLATE=utf8_unicode_ci;
/*!40101 SET character_set_client = @saved_cs_client */;

--
-- Dumping data for table `hostal`
--

LOCK TABLES `hostal` WRITE;
/*!40000 ALTER TABLE `hostal` DISABLE KEYS */;
INSERT INTO `hostal` VALUES (1,1,'Hostal Villa Lagarto','hostal_villa_lagarto',NULL,'+53 21 45165',NULL,'+53 21 641204','','<iframe width=\"420\" height=\"315\" src=\"//www.youtube.com/embed/O6L0bXjsQzY\" frameborder=\"0\" allowfullscreen></iframe>',NULL,'20.365061','-74.506089','2014-07-08 05:22:19','2014-09-06 15:01:44','Trash'),(2,2,'Brisas Santa Lucia ','brisas_santa_lucia_',NULL,'56654654656',NULL,'6565465','','<iframe width=\"420\" height=\"315\" src=\"//www.youtube.com/embed/O6L0bXjsQzY\" frameborder=\"0\" allowfullscreen></iframe>',NULL,'21.3926035','-77.9053182','2014-09-03 10:01:34','2014-09-06 15:01:12','Trash'),(4,12,'Park Plaza','park_plaza',NULL,'12312312',NULL,'6565465','','<iframe width=\"560\" height=\"315\" src=\"//www.youtube.com/embed/_0gv2SBBSZ8\" frameborder=\"0\" allowfullscreen></iframe>',NULL,'9.9252007','78.1197754','2014-09-06 08:46:00','2014-09-06 14:28:00','Trash'),(5,3,'test','test',NULL,'15148341928',NULL,'15148341928','','test','','22.15','-80.413887','2014-10-08 07:45:55','2014-10-30 03:38:35','Trash'),(6,3,'mytest','mytest',NULL,'372874283',NULL,'73294793289','','Youtube URL : https://www.youtube.com/watch?v=RpqN2u-7Aik','dsalkdjs','22.15','-80.413887','2014-10-17 11:21:41','2014-10-17 07:21:41','Trash'),(7,3,'Ana Maria\'s House','ana_maria_s_house',53,'52822737',53,'52822737','victor@venacuba.org','https://www.youtube.com/watch?v=TmE-_XbuyTM','','19.9847458','-75.8730026','2014-10-29 15:56:51','2014-10-30 16:34:09','Trash'),(8,3,'Iván & Lili','iv__n___lili',53,'43597245',53,'52473192','ivanlili71@nauta.cu','https://www.youtube.com/watch?v=yxg01HcPapQ','','22.1280771','-80.4452475','2014-11-27 21:01:48','2014-12-26 12:37:26','Active'),(9,3,'Leticia & Oscar','leticia___oscar',53,'52822737',53,'52822737','victor@venacuba.org','https://www.youtube.com/watch?v=TmE-_XbuyTM','','22.15','-80.413887','2014-11-29 01:47:22','2014-12-26 12:40:21','Active'),(10,11,'Casa Naveda','casa_naveda',53,'48695265',53,'53373983','neyvyssuarez@yahoo.es','https://www.youtube.com/watch?v=TmE-_XbuyTM','','22.615278','-83.715833','2014-12-13 11:46:59','2014-12-26 10:25:56','Active'),(11,4,'Casa de Clarita y Orlando','casa_de_clarita_y_orlando',53,'76984235',53,'52911181','claritam182@yahoo.es','https://www.youtube.com/watch?v=TmE-_XbuyTM','','23.0971888','-82.349353','2014-12-13 11:50:11','2014-12-19 20:01:47','Active'),(12,3,'Hostal Villa Marlyn','hostal_villa_marlyn',53,'52380448',53,'52380448','rgonzalezolive@gmail.com','https://www.youtube.com/watch?v=TmE-_XbuyTM','','19.9847458','-75.8730026','2014-12-19 23:49:31','2014-12-27 05:38:41','Active'),(13,9,'Hostal Dr. Suárez y Sra.','hostal_dr__su__rez_y_sra_',53,'41992422',53,'58070303','addystrinidad@gmail.com','https://www.youtube.com/watch?v=TmE-_XbuyTM','','22.6849534','-83.0119665','2014-12-20 00:22:11','2014-12-26 11:24:36','Active'),(14,9,'Hostal Jose y Kirenia','hostal_jose_y_kirenia',53,'41993143',53,'53561898','josekire76@gmail.com','https://www.youtube.com/watch?v=TmE-_XbuyTM','','21.8008634','-79.9897143','2014-12-20 00:25:01','2014-12-19 19:25:01','Active'),(15,9,'Casa Osmary Alberto','casa_osmary_alberto',53,'41998099',53,'52818446','osmyalbe@gmail.com','https://www.youtube.com/watch?v=TmE-_XbuyTM','','21.8807137','-80.2363137','2014-12-20 00:29:17','2014-12-26 11:47:40','Active'),(16,9,'Casa de Miriam','casa_de_miriam',53,'41993365',53,'52489826','casamiriamtrinidad@yahoo.es','https://www.youtube.com/watch?v=TmE-_XbuyTM','','21.8807137','-80.2363137','2014-12-20 00:31:22','2014-12-26 11:55:52','Active'),(17,9,'Casa Ileana','casa_ileana',53,'41994359',53,'52753419','casaileanatrinidad@yahoo.es','https://www.youtube.com/watch?v=TmE-_XbuyTM','','22.316667','-83.533333','2014-12-20 00:34:10','2014-12-26 12:08:58','Active'),(18,11,'Casa Leonel y Amarilis','casa_leonel_y_amarilis',53,'48696748',53,'53365479','casaleonelyamarilis@gmail.com','https://www.youtube.com/watch?v=TmE-_XbuyTM','','22.6156499','-83.7086296','2014-12-20 00:41:06','2014-12-26 10:19:10','Active'),(19,11,'Villa Jorge y Ana Luisa','villa_jorge_y_ana_luisa',53,'48695524',53,'52238825','casajorgeyanaluisa@yahoo.es','https://www.youtube.com/watch?v=TmE-_XbuyTM','','22.615278','-83.715833','2014-12-20 00:46:14','2014-12-25 20:02:06','Active'),(20,11,'Casa de Marilyn','casa_de_marilyn',53,'53373972',53,'53373972','casamarilyn@nauta.cu','https://www.youtube.com/watch?v=TmE-_XbuyTM','','22.615278','-83.715833','2014-12-20 00:57:40','2014-12-27 05:34:39','Active'),(21,4,'Hostal Martha de Luz','hostal_martha_de_luz',53,'78673317',53,'52705913','victor@venacuba.org','https://www.youtube.com/watch?v=TmE-_XbuyTM','','23.0540698','-82.345189','2014-12-20 01:08:57','2014-12-19 20:08:57','Active'),(22,4,'AlexCasaHabana','alexcasahabana',53,'78678371',53,'52900375','alex800512@yahoo.es','https://www.youtube.com/watch?v=TmE-_XbuyTM','','23.1371216','-82.3633687','2014-12-20 01:12:23','2014-12-26 10:38:43','Active'),(23,4,'Casa Colonial Cary y Nilo','casa_colonial_cary_y_nilo',53,'78627109',53,'53307337','caridadgf45@yahoo.es','https://www.youtube.com/watch?v=TmE-_XbuyTM','','23.1391207','-82.367113','2014-12-20 01:17:49','2014-12-26 10:43:03','Active'),(24,30,'Hostal Buenviaje','hostal_buenviaje',53,'42396560',53,'54160018','hostal.buenviaje@gmail.com','https://www.youtube.com/watch?v=TmE-_XbuyTM','','22.4959449','-79.5458325','2014-12-20 01:32:39','2014-12-22 20:44:36','Active'),(25,30,'Casa Colonial Pérez-­Ramos','casa_colonial_p__rez-__ramos',53,'42395479',53,'53564943','casaperezramos@nauta.cu','https://www.youtube.com/watch?v=TmE-_XbuyTM','','22.4966683','-79.5450604','2014-12-20 01:35:13','2014-12-23 18:36:29','Active'),(26,30,'Hostal La Buganvilia','hostal_la_buganvilia',53,'42396571',53,'53123384','joaquinvelazcodiaz@gmail.com','https://www.youtube.com/watch?v=TmE-_XbuyTM','','22.492222','-79.545833','2014-12-20 01:37:55','2014-12-24 16:17:37','Active');
/*!40000 ALTER TABLE `hostal` ENABLE KEYS */;
UNLOCK TABLES;

--
-- Table structure for table `hostal_cancel_details`
--

DROP TABLE IF EXISTS `hostal_cancel_details`;
/*!40101 SET @saved_cs_client     = @@character_set_client */;
/*!40101 SET character_set_client = utf8 */;
CREATE TABLE `hostal_cancel_details` (
  `hostal_cancel_id` int(11) NOT NULL AUTO_INCREMENT,
  `hostal` int(11) NOT NULL,
  `days` int(11) NOT NULL,
  `percentage` int(11) NOT NULL,
  PRIMARY KEY (`hostal_cancel_id`),
  KEY `hostal` (`hostal`),
  CONSTRAINT `hostal_cancel_details_ibfk_1` FOREIGN KEY (`hostal`) REFERENCES `hostal` (`hostal_id`) ON DELETE CASCADE ON UPDATE CASCADE
) ENGINE=InnoDB AUTO_INCREMENT=73 DEFAULT CHARSET=latin1;
/*!40101 SET character_set_client = @saved_cs_client */;

--
-- Dumping data for table `hostal_cancel_details`
--

LOCK TABLES `hostal_cancel_details` WRITE;
/*!40000 ALTER TABLE `hostal_cancel_details` DISABLE KEYS */;
INSERT INTO `hostal_cancel_details` VALUES (1,1,25,100),(4,2,2,10),(5,2,30,100),(7,4,30,100),(8,4,20,50),(9,4,2,10),(10,5,30,100),(11,5,20,50),(12,5,2,10),(13,6,30,100),(14,6,20,50),(15,6,2,10),(16,7,30,100),(17,7,20,50),(18,7,2,10),(19,9,30,100),(20,9,20,50),(21,9,2,10),(22,10,30,100),(23,10,20,50),(24,10,2,10),(25,11,30,100),(26,11,20,50),(27,11,2,10),(28,12,30,100),(29,12,20,50),(30,12,2,10),(31,13,30,100),(32,13,20,50),(33,13,2,10),(34,14,30,100),(35,14,20,50),(36,14,2,10),(37,15,30,100),(38,15,20,50),(39,15,2,10),(40,16,30,100),(41,16,20,50),(42,16,2,10),(43,17,30,100),(44,17,20,50),(45,17,2,10),(46,18,30,100),(47,18,20,50),(48,18,2,10),(49,19,30,100),(50,19,20,50),(51,19,2,10),(52,20,30,100),(53,20,20,50),(54,20,2,10),(55,21,30,100),(56,21,20,50),(57,21,2,10),(58,22,30,100),(59,22,20,50),(60,22,2,10),(61,23,30,100),(62,23,20,50),(63,23,2,10),(64,24,30,100),(65,24,20,50),(66,24,2,10),(67,25,30,100),(68,25,20,50),(69,25,2,10),(70,26,30,100),(71,26,20,50),(72,26,2,10);
/*!40000 ALTER TABLE `hostal_cancel_details` ENABLE KEYS */;
UNLOCK TABLES;

--
-- Table structure for table `hostal_content`
--

DROP TABLE IF EXISTS `hostal_content`;
/*!40101 SET @saved_cs_client     = @@character_set_client */;
/*!40101 SET character_set_client = utf8 */;
CREATE TABLE `hostal_content` (
  `hostal_content_id` int(11) NOT NULL AUTO_INCREMENT,
  `hostal_id` int(11) NOT NULL,
  `name` varchar(150) COLLATE utf8_unicode_ci NOT NULL,
  `owner_name` varchar(150) COLLATE utf8_unicode_ci NOT NULL,
  `description` text COLLATE utf8_unicode_ci NOT NULL,
  `small_desc` text COLLATE utf8_unicode_ci NOT NULL,
  `location_desc` text COLLATE utf8_unicode_ci NOT NULL,
  `meta_title` text COLLATE utf8_unicode_ci,
  `meta_description` text COLLATE utf8_unicode_ci,
  `meta_keyword` text COLLATE utf8_unicode_ci,
  `address` varchar(150) COLLATE utf8_unicode_ci NOT NULL,
  `city` varchar(150) COLLATE utf8_unicode_ci NOT NULL,
  `province` varchar(150) COLLATE utf8_unicode_ci NOT NULL,
  `country` varchar(150) COLLATE utf8_unicode_ci NOT NULL,
  `lan` varchar(2) COLLATE utf8_unicode_ci NOT NULL,
  PRIMARY KEY (`hostal_content_id`),
  KEY `hostal_id` (`hostal_id`),
  CONSTRAINT `hostal_content_ibfk_1` FOREIGN KEY (`hostal_id`) REFERENCES `hostal` (`hostal_id`) ON DELETE CASCADE ON UPDATE CASCADE
) ENGINE=InnoDB AUTO_INCREMENT=31 DEFAULT CHARSET=utf8 COLLATE=utf8_unicode_ci;
/*!40101 SET character_set_client = @saved_cs_client */;

--
-- Dumping data for table `hostal_content`
--

LOCK TABLES `hostal_content` WRITE;
/*!40000 ALTER TABLE `hostal_content` DISABLE KEYS */;
INSERT INTO `hostal_content` VALUES (1,1,'Hostal Villa Lagarto','RobinThom','Lorem ipsum dolor sit amet, consectetur adipiscing elit. Fusce ut auctor lacus. Curabitur quis leo eu nulla ornare commodo. Donec vulputate ante in felis dignissim, a interdum tortor euismod. Nunc bibendum egestas massa, nec ornare justo dictum eget. Suspendisse mollis pharetra magna. Nullam aliquet mollis metus, quis congue odio dapibus a. In ac lacinia tortor. Praesent venenatis porta porta. Donec porttitor viverra convallis. Vivamus nec velit ac nisl tempus vehicula. Pellentesque suscipit orci at hendrerit lobortis.','Lorem ipsum dolor sit amet, consectetur adipiscing elit. Fusce ut auctor lacus. Curabitur quis leo eu nulla ornare commodo. Donec vulputate ante in felis dignissim, a interdum tortor euismod. Nunc bibendum egestas massa.','Lorem ipsum dolor sit amet, consectetur adipiscing elit. Fusce ut auctor lacus. Curabitur quis leo eu nulla ornare commodo. Donec vulputate ante in felis dignis','Hostal Villa Lagarto Baracoa','Hostal Villa Lagarto Baracoa','Hostal Villa Lagarto Baracoa','Baracoa 97310,Cuba ','Baracoa','Guantanamo','Cuba ','en'),(2,1,'Hostal Villa Lagarto spanish','RobinThom1','Se requiere esta página para publicar un comentario. Organizaciones responsables clínicos. \'M Una ingresos partido de fútbol. Por desgracia, el gato Township antes en el activo, una historia macro proteína. Ahora, una organización regional de aplicación de la ley, no sólo para que el club de fútbol. Residentes problemas de inmigración suaves. Aquí hay algo de miedo suave, proteína odio de un hotel. Al margen de la ventana. Es jugar a la puerta. Presupuesto comportamiento de los inversores aerolínea.','Se requiere esta página para publicar un comentario. Organizaciones responsables clínicos. \'MUna ingresos partido de fútbol. Por desgracia, el gato Township antes en el activo,una historia macro proteína.','Se requiere esta página para publicar un comentario. Organizaciones responsables clínicos. \'M Una ingresos partido de fútbol. Por desgracia','Hostal Villa Lagarto Baracoa spanish','Hostal Villa Lagarto Baracoa spanish','Hostal Villa Lagarto Baracoa spanish','Baracoa 97310,Cuba','Baracoa','Guantanamo','Cuba ','es'),(3,1,'Hostal Villa Lagarto franch','RobinThom','Cette page est obligatoire pour déposer un commentaire. Organisations responsables cliniques. Suis Un chiffre d\'affaires de jeu de football. Malheureusement, le chat canton plus tôt dans l\'actif, une protéine macro histoire. Maintenant, une organisation régionale d\'application de la loi, non seulement pour le club de football dit. Les résidents des problèmes d\'immigration doux. Voici une certaine crainte doux, la protéine de la haine d\'un hôtel. En marge de la fenêtre. ','Cette page est obligatoire pour déposer un commentaire. Organisations responsables cliniques. Suis Un chiffre d\'affaires de jeu de football. Malheureusement, le chat canton plus tôt dans l\'actif,','Cette page est obligatoire pour déposer un commentaire. Organisations responsables cliniques. Suis Un chiffre d\'affaires de jeu de football. ','Hostal Villa Lagarto Baracoa','Hostal Villa Lagarto Baracoa','Hostal Villa Lagarto Baracoa','Baracoa 97310,Cuba','Baracoa','Guantanamo','Cuba ','fr'),(4,2,'Brisas Santa Lucia ','Brisas','Our online travel partners don\'t provide prices for this hotel, but we can search other options in Playa Santa Lucia','Our online travel partners don\'t provide prices for this hotel, but we can search other options in Playa Santa Lucia','Our online travel partners don\'t provide prices for this hotel, but we can search other options in Playa Santa Lucia','Brisas Santa Lucia ','Brisas Santa Lucia ','Brisas Santa Lucia ',' Avenida Turistica Tararaco, Playa Santa Lucia 74250, Cuba ,Cuba ','Camaguey','Camaguey','Cuba ','en'),(6,4,'Park Plaza','Brisas','For more information and bookings click http://bit.ly/Al3Tay Individual design, city centre locations and outstanding meeting facilities are key features of the Park Plaza® Hotels & Resorts brand','For more information and bookings click http://bit.ly/Al3Tay Individual design, city centre locations and outstanding meeting facilities are key features of the Park Plaza® Hotels & Resorts brand','The ancient southern Indian city of Madurai that has earned the sobriquet, \'Athens of the East\', is a place of great historical importance. ','Park Plaza','Park Plaza','Park Plaza','114-115,West Perumal Maistry street, Madurai, Tamil Nadu 625001,India ','Madurai','Tamil Nadu [Madris]','India ','en'),(7,5,'test','test','test','test','test','test','test','test','test,Cuba ','Cienfuegos','Cienfuegos','Cuba ','en'),(8,6,'mytest','test onwer','test','test my','kfdjha','test meta','','','jhfdlka,Cuba ','Cienfuegos','Cienfuegos','Cuba ','en'),(9,7,'Ana Maria\'s House','Ana Maria','A small place near the bay, beautiful rooms and best service.','Ana Maria\'s','Cienfuegos','Ana Maria\'s House','','','Punta Gorda,Cuba ','Cienfuegos','Cienfuegos','Cuba ','en'),(10,8,'Iván & Lili','Ivan Alvarez','Hostal Iván & Lili is a splendid place with a comfortable modernity located in the city of Cienfuegos.\r\nThe hostal is located just 200 meters from the city´s bus station and 5 minutes from its Old Quarter.\r\nThe city´s fabulous landscapes seen from the terrace along with the delicious cocktails prepared by the owner suggest a wonderful stay in the beautiful Pearl of the South.','Hostal Iván & Lili is a splendid place with a comfortable modernity located in the city of Cienfuegos.','The hostal has two conditioned and independent double rooms with hot and cold water. The owners speak English and Italian.','Iván & Lili','','','Calle 47 #5604, e/ 56 y 58, Cienfuegos','Cienfuegos','Cienfuegos','Cuba ','en'),(11,9,'Leticia & Oscar','Leticia Becerra','Along with Oscar and Leticia you will enjoy an authentic service in their elegantly preserved Californian colonial style house located in Cienfuegos´ old quarter.\r\n\r\n“Hostal Leticia & Oscar” is located just 200 meters from the Viazul bus station and 700 meters from the city´s Old Quarter, declared World Heritage by UNESCO in 2005.\r\n\r\nThe freshness of its rooms and its beautiful gardens promise a cozy stay next to the ideal people in order to discover the city´s history, customs and exceptional beauty.','You will be able to enjoy two spacious triple rooms with a special natural lighting and  air circulation, air conditioning, refrigerator, minibar, bath (hot and cold water), and 110/ 220V electrical service.','In order to help you we show a map for you not to get lost when arriving to the city and looking for Hostal Leticia & Oscar. ','Leticia & Oscar','You will be able to enjoy two spacious triple rooms with a special natural lighting and  air circulation, air conditioning, refrigerator, minibar, bath (hot and cold water), and 110/ 220V electrical service.','Leticia & Oscar','Avenida 56 No. 5321 between 53 and 55, Cienfuegos, Cuba.','Cienfuegos','Cienfuegos','Cuba ','en'),(12,10,'Casa Naveda','Neyvys Suarez','Lorem ipsum dolor sit amet, consectetur adipiscing elit. Fusce ut auctor lacus. Curabitur quis leo eu nulla ornare commodo','Lorem ipsum dolor sit amet, consectetur adipiscing elit. Fusce ut auctor lacus. Curabitur quis leo eu nulla ornare commodo','Lorem ipsum dolor sit amet, consectetur adipiscing elit. Fusce ut auctor lacus. Curabitur quis leo eu nulla ornare commodo','Casa Naveda','Casa Naveda','Casa Naveda','Salvador Cisneros #168 (Calle Pcpal), Viñales,Cuba ','Viñales','Pinar del Rio','Cuba ','en'),(13,11,'Casa de Clarita y Orlando','Clarita','Lorem ipsum dolor sit amet, consectetur adipiscing elit. Fusce ut auctor lacus. Curabitur quis leo eu nulla ornare commodo','Lorem ipsum dolor sit amet, consectetur adipiscing elit. Fusce ut auctor lacus. Curabitur quis leo eu nulla ornare commodo','Lorem ipsum dolor sit amet, consectetur adipiscing elit. Fusce ut auctor lacus. Curabitur quis leo eu nulla ornare commodo','Casa de Clarita y Orlando','Casa de Clarita y Orlando','Casa de Clarita y Orlando','Calle D, # 258 1/2, 1er piso, e/ 10 y 11, Lawton, 10 de Octubre, Habana,Cuba ','Habana','Ciudad de La Habana','Cuba ','en'),(14,9,'Leticia & Oscar','Leticia Becerra','Vous pouvez profiter de l´attention de Leticia et Oscar, ainsi que de la préservation exclusive et l´élégance de leur maison coloniale placée au centre de la ville de Cienfuegos.\r\n\r\nLa fraîcheur de ses chambres et la beauté de ses jardins promettent un séjour accueillant avec les personnes idéales pour découvrir l\'histoire, les coutumes et le charme exceptionnel de la ville. ','Vous pourrez profiter de deux chambres triples et spacieuses avec une illumination spéciale et une ventilation naturelle.','La maison de Leticia et Oscar est située à 200 mètres de la gare des autobus Viazul et à 700 mètres du centre historique de la ville.','Leticia & Oscar','Vous pourrez profiter de deux chambres triples et spacieuses avec une illumination spéciale et une ventilation naturelle,  climatisées, avec réfrigérateur, minibar, bain avec de l´eau chaude et froide, service électrique de 110-220V. ','Leticia & Oscar','Avenida 56 No. 5321 between 53 and 55, Cienfuegos, Cuba.','Cienfuegos','Cienfuegos','Cuba ','fr'),(15,9,'Leticia & Oscar','Leticia Becerra','La exclusiva conservación y elegancia de su casa colonial y un auténtico trato y atenciones podrán disfrutar junto a Oscar y Leticia en el centro de la ciudad de Cienfuegos.\r\nLa frescura de sus habitaciones y el privilegio de sus jardines prometen una acogedora estancia junto a las personas ideales para descubrir la historia, costumbres y la excepcional belleza de la ciudad. ','Podrá disfrutar de dos amplias habitaciones triples con una especial iluminación y ventilación natural, climatizadas, con nevera, minibar, baño con agua caliente y fría, además de servicio eléctrico de 110V-220 V.','El Hostal está a sólo 200 metros de la terminal de ómnibus Viazul y a 700 metros del Centro Histórico.','Leticia & Oscar','Podrá disfrutar de dos amplias habitaciones triples con una especial iluminación y ventilación natural, climatizadas, con nevera, minibar, baño con agua caliente y fría, además de servicio eléctrico de 110 V -220 V.','Leticia & Oscar','Avenida 56 No. 5321 entre 53 y 55, Cienfuegos, Cuba.','Cienfuegos','Cienfuegos','Cuba ','es'),(16,12,'Hostal Villa Marlyn','Marlin','Lorem ipsum dolor sit amet, consectetur adipiscing elit. Fusce ut auctor lacus. Curabitur quis leo eu nulla ornare commodo. Donec vulputate ante in felis dignissim, a interdum tortor ','Lorem ipsum dolor sit amet, consectetur adipiscing elit. Fusce ut auctor lacus. Curabitur quis leo eu nulla ornare commodo. Donec vulputate ante in felis dignissim, a interdum tortor ','Lorem ipsum dolor sit amet, consectetur adipiscing elit. Fusce ut auctor lacus. Curabitur quis leo eu nulla ornare commodo. ','Hostal Villa Marlyn','Hostal Villa Marlyn','Hostal Villa Marlyn','Calle 37 esquina a 10 No. 1002 A Punta Gorda,Cuba ','Cienfuegos','Cienfuegos','Cuba ','en'),(17,13,'Hostal Dr. Suárez y Sra.','Dr Suarez','Lorem ipsum dolor sit amet, consectetur adipiscing elit. Fusce ut auctor lacus. Curabitur quis leo eu nulla ornare commodo. Donec vulputate ante in felis dignissim, a interdum tortor euismod.','Lorem ipsum dolor sit amet, consectetur adipiscing elit. Fusce ut auctor lacus. Curabitur quis leo eu nulla ornare commodo. Donec vulputate ante in felis dignissim, a interdum tortor euismod.','Lorem ipsum dolor sit amet, consectetur adipiscing elit. Fusce ut auctor lacus. Curabitur quis leo eu nulla ornare commodo. ','Hostal Dr. Suárez y Sra.','Hostal Dr. Suárez y Sra.','Hostal Dr. Suárez y Sra.','174 Santiago Escobar (Olvido), calle, e/ Frank País y José Martí,Cuba ','Trinidad','Sancti Spiritus','Cuba ','en'),(18,14,'Hostal Jose y Kirenia','Jose y Kirenia','Lorem ipsum dolor sit amet, consectetur adipiscing elit. Fusce ut auctor lacus. Curabitur quis leo eu nulla ornare commodo. Donec vulputate ante in felis dignissim, a interdum tortor euismod.','Lorem ipsum dolor sit amet, consectetur adipiscing elit. Fusce ut auctor lacus. Curabitur quis leo eu nulla ornare commodo. Donec vulputate ante in felis dignissim, a interdum tortor euismod.','Lorem ipsum dolor sit amet, consectetur adipiscing elit. Fusce ut auctor lacus. Curabitur quis leo eu nulla ornare commodo. ','Hostal Jose y Kirenia','Hostal Jose y Kirenia','Hostal Jose y Kirenia','Anastacio Cárdenas 369, Trinidad 62600 ,Cuba ','Trinidad','Sancti Spiritus','Cuba ','en'),(19,15,'Casa Osmary Alberto','Osmary Alberto','Lorem ipsum dolor sit amet, consectetur adipiscing elit. Fusce ut auctor lacus. Curabitur quis leo eu nulla ornare commodo. ','Lorem ipsum dolor sit amet, consectetur adipiscing elit. Fusce ut auctor lacus. Curabitur quis leo eu nulla ornare commodo. Donec vulputate ante in felis dignissim, a interdum tortor euismod.','Lorem ipsum dolor sit amet, consectetur adipiscing elit. Fusce ut auctor lacus. Curabitur quis leo eu nulla ornare commodo. ','Casa Osmary Alberto','Casa Osmary Alberto','Casa Osmary Alberto','Miguel Calzada (Borrell) #114, e/ Lino Pérez y Camilo Cienfuegos,Cuba ','Trinidad','Sancti Spiritus','Cuba ','en'),(20,16,'Casa de Miriam','Miriam','Lorem ipsum dolor sit amet, consectetur adipiscing elit. Fusce ut auctor lacus. Curabitur quis leo eu nulla ornare commodo. Donec vulputate ante in felis dignissim, a interdum tortor euismod.','Lorem ipsum dolor sit amet, consectetur adipiscing elit. Fusce ut auctor lacus. Curabitur quis leo eu nulla ornare commodo. Donec vulputate ante in felis dignissim, a interdum tortor euismod.','Lorem ipsum dolor sit amet, consectetur adipiscing elit. Fusce ut auctor lacus. Curabitur quis leo eu nulla ornare commodo.','Casa de Miriam','Casa de Miriam','Casa de Miriam','Frank País #185 e/Lino Pérez y Camilo Cienfuegos,Cuba ','Trinidad','Sancti Spiritus','Cuba ','en'),(21,17,'Casa Ileana','Ileana','Lorem ipsum dolor sit amet, consectetur adipiscing elit. Fusce ut auctor lacus. Curabitur quis leo eu nulla ornare commodo. Donec vulputate ante in felis dignissim, a interdum tortor euismod.','Lorem ipsum dolor sit amet, consectetur adipiscing elit. Fusce ut auctor lacus. Curabitur quis leo eu nulla ornare commodo. Donec vulputate ante in felis dignissim, a interdum tortor euismod.','Lorem ipsum dolor sit amet, consectetur adipiscing elit. Fusce ut auctor lacus. Curabitur quis leo eu nulla ornare commodo. ','Casa Ileana','Casa Ileana','Casa Ileana','Jesús Menéndez (Alameda) #92, e/ Augustin Bernaz (Paz) y Colón,Cuba ','Trinidad','Sancti Spiritus','Cuba ','en'),(22,18,'Casa Leonel y Amarilis','Leonel y Amarilis','Lorem ipsum dolor sit amet, consectetur adipiscing elit. Fusce ut auctor lacus. Curabitur quis leo eu nulla ornare commodo. Donec vulputate ante in felis dignissim, a interdum tortor euismod.','Lorem ipsum dolor sit amet, consectetur adipiscing elit. Fusce ut auctor lacus. Curabitur quis leo eu nulla ornare commodo. Donec vulputate ante in felis dignissim, a interdum tortor euismod.','Lorem ipsum dolor sit amet, consectetur adipiscing elit. Fusce ut auctor lacus. Curabitur quis leo eu nulla ornare commodo. ','Casa Leonel y Amarilis','Casa Leonel y Amarilis','Casa Leonel y Amarilis','Rafael Trejo (interior) 7H, Viñales  ,Cuba ','Viñales','Pinar del Rio','Cuba ','en'),(23,19,'Villa Jorge y Ana Luisa','Jorge y Ana Luisa','Lorem ipsum dolor sit amet, consectetur adipiscing elit. Fusce ut auctor lacus. Curabitur quis leo eu nulla ornare commodo. Donec vulputate ante in felis dignissim, a interdum tortor euismod.','Lorem ipsum dolor sit amet, consectetur adipiscing elit. Fusce ut auctor lacus. Curabitur quis leo eu nulla ornare commodo. Donec vulputate ante in felis dignissim, a interdum tortor euismod.','Lorem ipsum dolor sit amet, consectetur adipiscing elit. Fusce ut auctor lacus. Curabitur quis leo eu nulla ornare commodo. ','Villa Jorge y Ana Luisa','Villa Jorge y Ana Luisa','Villa Jorge y Ana Luisa','Calle Final del Policlínico No. 2C, Viñales ,Cuba ','Viñales','Pinar del Rio','Cuba ','en'),(24,20,'Casa de Marilyn','Marilyn','Lorem ipsum dolor sit amet, consectetur adipiscing elit. Fusce ut auctor lacus. Curabitur quis leo eu nulla ornare commodo. Donec vulputate ante in felis dignissim, a interdum tortor euismod.','Lorem ipsum dolor sit amet, consectetur adipiscing elit. Fusce ut auctor lacus. Curabitur quis leo eu nulla ornare commodo. Donec vulputate ante in felis dignissim, a interdum tortor euismod.','Lorem ipsum dolor sit amet, consectetur adipiscing elit. Fusce ut auctor lacus. Curabitur quis leo eu nulla ornare commodo. ','Casa de Marilyn','Casa de Marilyn','Casa de Marilyn','Calle 1ra, No. 4B, e/ A y B, reparto LaCarbonera (detrás del Hospital), Viñales,Cuba ','Viñales','Pinar del Rio','Cuba ','en'),(25,21,'Hostal Martha de Luz','Martha','Lorem ipsum dolor sit amet, consectetur adipiscing elit. Fusce ut auctor lacus. Curabitur quis leo eu nulla ornare commodo. Donec vulputate ante in felis dignissim, a interdum tortor euismod.','Lorem ipsum dolor sit amet, consectetur adipiscing elit. Fusce ut auctor lacus. Curabitur quis leo eu nulla ornare commodo. Donec vulputate ante in felis dignissim, a interdum tortor euismod.','Lorem ipsum dolor sit amet, consectetur adipiscing elit. Fusce ut auctor lacus. Curabitur quis leo eu nulla ornare commodo.','Hostal Martha de Luz	','Hostal Martha de Luz	','Hostal Martha de Luz	','Luz # 471 bajo, e/ Eguido y Curazao. Habana Vieja,Cuba ','Habana','Ciudad de La Habana','Cuba ','en'),(26,22,'AlexCasaHabana','Alex','Lorem ipsum dolor sit amet, consectetur adipiscing elit. Fusce ut auctor lacus. Curabitur quis leo eu nulla ornare commodo. Donec vulputate ante in felis dignissim, a interdum tortor euismod.','Lorem ipsum dolor sit amet, consectetur adipiscing elit. Fusce ut auctor lacus. Curabitur quis leo eu nulla ornare commodo. Donec vulputate ante in felis dignissim, a interdum tortor euismod.','Lorem ipsum dolor sit amet, consectetur adipiscing elit. Fusce ut auctor lacus. Curabitur quis leo eu nulla ornare commodo. ','AlexCasaHabana','AlexCasaHabana','AlexCasaHabana','Zanja #502, apto.3 e/ Rayo y Galiano, Habana,Cuba ','Habana','Ciudad de La Habana','Cuba ','en'),(27,23,'Casa Colonial Cary y Nilo','Cary y Nilo','Lorem ipsum dolor sit amet, consectetur adipiscing elit. Fusce ut auctor lacus. Curabitur quis leo eu nulla ornare commodo. Donec vulputate ante in felis dignissim, a interdum tortor euismod.','Lorem ipsum dolor sit amet, consectetur adipiscing elit. Fusce ut auctor lacus. Curabitur quis leo eu nulla ornare commodo. Donec vulputate ante in felis dignissim, a interdum tortor euismod.','Lorem ipsum dolor sit amet, consectetur adipiscing elit. Fusce ut auctor lacus. Curabitur quis leo eu nulla ornare commodo. ','Casa Colonial Cary y Nilo','Casa Colonial Cary y Nilo','Casa Colonial Cary y Nilo','216 Gervasio, e/ Concordia y Virtudes, Habana,Cuba ','Habana','Ciudad de La Habana','Cuba ','en'),(28,24,'Hostal Buenviaje','Victor','Lorem ipsum dolor sit amet, consectetur adipiscing elit. Fusce ut auctor lacus. Curabitur quis leo eu nulla ornare commodo. Donec vulputate ante in felis dignissim, a interdum tortor euismod.','Lorem ipsum dolor sit amet, consectetur adipiscing elit. Fusce ut auctor lacus. Curabitur quis leo eu nulla ornare commodo. Donec vulputate ante in felis dignissim, a interdum tortor euismod.','Lorem ipsum dolor sit amet, consectetur adipiscing elit. Fusce ut auctor lacus. Curabitur quis leo eu nulla ornare commodo. ','Hostal Buenviaje','Hostal Buenviaje','Hostal Buenviaje','Calle Andrés del Rio No. 20, e/ Enrique Malaret y Máximo Gómez, Remedios,Cuba ','Remedios','Villa Clara','Cuba ','en'),(29,25,'Casa Colonial Pérez-­Ramos','Pérez­ Ramos','Lorem ipsum dolor sit amet, consectetur adipiscing elit. Fusce ut auctor lacus. Curabitur quis leo eu nulla ornare commodo. Donec vulputate ante in felis dignissim, a interdum tortor euismod.','Lorem ipsum dolor sit amet, consectetur adipiscing elit. Fusce ut auctor lacus. Curabitur quis leo eu nulla ornare commodo. Donec vulputate ante in felis dignissim, a interdum tortor euismod.','Lorem ipsum dolor sit amet, consectetur adipiscing elit. Fusce ut auctor lacus. Curabitur quis leo eu nulla ornare commodo. ','Casa Colonial Pérez­Ramos','Casa Colonial Pérez­Ramos','Casa Colonial Pérez­Ramos','Alejandro del Rio, #78 e/ Máximo Gómez y Enrique Malaret, Remedios,Cuba ','Remedios','Villa Clara','Cuba ','en'),(30,26,'Hostal La Buganvilia','Joaquin','Lorem ipsum dolor sit amet, consectetur adipiscing elit. Fusce ut auctor lacus. Curabitur quis leo eu nulla ornare commodo. Donec vulputate ante in felis dignissim, a interdum tortor euismod.','Lorem ipsum dolor sit amet, consectetur adipiscing elit. Fusce ut auctor lacus. Curabitur quis leo eu nulla ornare commodo. Donec vulputate ante in felis dignissim, a interdum tortor euismod.','Lorem ipsum dolor sit amet, consectetur adipiscing elit. Fusce ut auctor lacus. Curabitur quis leo eu nulla ornare commodo.','Hostal La Buganvilia','Hostal La Buganvilia','Hostal La Buganvilia','Andrés del Rio St. #46 e/ Pedro Díaz y Gonzalo de Quesada, Remedios,Cuba ','Remedios','Villa Clara','Cuba ','en');
/*!40000 ALTER TABLE `hostal_content` ENABLE KEYS */;
UNLOCK TABLES;

--
-- Table structure for table `hostal_feature`
--

DROP TABLE IF EXISTS `hostal_feature`;
/*!40101 SET @saved_cs_client     = @@character_set_client */;
/*!40101 SET character_set_client = utf8 */;
CREATE TABLE `hostal_feature` (
  `hostal_feature_id` int(11) NOT NULL AUTO_INCREMENT,
  `hostal_id` int(11) NOT NULL,
  `feature_id` int(11) NOT NULL,
  `created_date` timestamp NOT NULL DEFAULT CURRENT_TIMESTAMP,
  PRIMARY KEY (`hostal_feature_id`),
  KEY `hostal_id` (`hostal_id`),
  KEY `feature_id` (`feature_id`),
  CONSTRAINT `hostal_feature_ibfk_1` FOREIGN KEY (`hostal_id`) REFERENCES `hostal` (`hostal_id`) ON DELETE CASCADE ON UPDATE CASCADE,
  CONSTRAINT `hostal_feature_ibfk_2` FOREIGN KEY (`feature_id`) REFERENCES `feature` (`feature_id`) ON DELETE CASCADE ON UPDATE CASCADE
) ENGINE=InnoDB AUTO_INCREMENT=265 DEFAULT CHARSET=utf8 COLLATE=utf8_unicode_ci;
/*!40101 SET character_set_client = @saved_cs_client */;

--
-- Dumping data for table `hostal_feature`
--

LOCK TABLES `hostal_feature` WRITE;
/*!40000 ALTER TABLE `hostal_feature` DISABLE KEYS */;
INSERT INTO `hostal_feature` VALUES (25,4,1,'2014-09-06 08:58:00'),(26,4,3,'2014-09-06 08:58:00'),(27,4,4,'2014-09-06 08:58:00'),(28,4,5,'2014-09-06 08:58:00'),(29,2,1,'2014-09-06 09:31:12'),(30,2,4,'2014-09-06 09:31:12'),(31,1,1,'2014-09-06 09:31:45'),(32,1,2,'2014-09-06 09:31:45'),(33,1,4,'2014-09-06 09:31:45'),(36,6,1,'2014-10-17 11:21:41'),(37,6,2,'2014-10-17 11:21:41'),(38,6,4,'2014-10-17 11:21:41'),(39,6,5,'2014-10-17 11:21:41'),(48,5,1,'2014-10-30 07:38:35'),(49,5,2,'2014-10-30 07:38:35'),(54,7,1,'2014-10-30 20:34:09'),(55,7,3,'2014-10-30 20:34:09'),(56,7,4,'2014-10-30 20:34:09'),(57,7,5,'2014-10-30 20:34:09'),(104,14,1,'2014-12-20 00:25:02'),(105,14,2,'2014-12-20 00:25:02'),(106,14,3,'2014-12-20 00:25:02'),(107,14,4,'2014-12-20 00:25:02'),(108,14,5,'2014-12-20 00:25:02'),(139,11,1,'2014-12-20 01:01:47'),(140,11,2,'2014-12-20 01:01:48'),(141,11,3,'2014-12-20 01:01:48'),(142,11,4,'2014-12-20 01:01:48'),(143,21,1,'2014-12-20 01:08:58'),(144,21,2,'2014-12-20 01:08:58'),(145,21,3,'2014-12-20 01:08:58'),(146,21,4,'2014-12-20 01:08:58'),(147,21,5,'2014-12-20 01:08:58'),(182,24,1,'2014-12-23 01:44:36'),(183,24,3,'2014-12-23 01:44:36'),(184,24,4,'2014-12-23 01:44:36'),(188,25,1,'2014-12-23 23:36:29'),(189,25,3,'2014-12-23 23:36:29'),(190,25,4,'2014-12-23 23:36:29'),(191,26,1,'2014-12-24 21:17:37'),(192,26,3,'2014-12-24 21:17:37'),(193,26,4,'2014-12-24 21:17:37'),(194,19,1,'2014-12-26 01:02:06'),(195,19,2,'2014-12-26 01:02:06'),(196,19,3,'2014-12-26 01:02:06'),(197,19,4,'2014-12-26 01:02:06'),(198,19,5,'2014-12-26 01:02:06'),(199,18,1,'2014-12-26 15:19:10'),(200,18,2,'2014-12-26 15:19:11'),(201,18,3,'2014-12-26 15:19:11'),(202,18,4,'2014-12-26 15:19:11'),(203,18,5,'2014-12-26 15:19:11'),(204,10,1,'2014-12-26 15:25:56'),(205,10,2,'2014-12-26 15:25:56'),(206,10,3,'2014-12-26 15:25:56'),(207,10,4,'2014-12-26 15:25:56'),(208,22,1,'2014-12-26 15:38:43'),(209,22,2,'2014-12-26 15:38:43'),(210,22,3,'2014-12-26 15:38:43'),(211,22,4,'2014-12-26 15:38:43'),(212,22,5,'2014-12-26 15:38:43'),(213,23,1,'2014-12-26 15:43:03'),(214,23,2,'2014-12-26 15:43:03'),(215,23,3,'2014-12-26 15:43:03'),(216,23,4,'2014-12-26 15:43:03'),(217,23,5,'2014-12-26 15:43:03'),(218,13,1,'2014-12-26 16:24:36'),(219,13,2,'2014-12-26 16:24:36'),(220,13,3,'2014-12-26 16:24:36'),(221,13,4,'2014-12-26 16:24:36'),(222,13,5,'2014-12-26 16:24:36'),(223,15,1,'2014-12-26 16:47:41'),(224,15,2,'2014-12-26 16:47:41'),(225,15,3,'2014-12-26 16:47:41'),(226,15,4,'2014-12-26 16:47:41'),(227,15,5,'2014-12-26 16:47:41'),(228,16,1,'2014-12-26 16:55:52'),(229,16,2,'2014-12-26 16:55:52'),(230,16,3,'2014-12-26 16:55:52'),(231,16,4,'2014-12-26 16:55:52'),(232,16,5,'2014-12-26 16:55:52'),(233,17,1,'2014-12-26 17:08:58'),(234,17,2,'2014-12-26 17:08:58'),(235,17,3,'2014-12-26 17:08:58'),(236,17,4,'2014-12-26 17:08:58'),(237,17,5,'2014-12-26 17:08:58'),(238,8,1,'2014-12-26 17:37:26'),(239,8,2,'2014-12-26 17:37:26'),(240,8,4,'2014-12-26 17:37:26'),(241,9,1,'2014-12-26 17:40:21'),(242,9,2,'2014-12-26 17:40:21'),(243,9,3,'2014-12-26 17:40:21'),(244,9,4,'2014-12-26 17:40:21'),(255,20,1,'2014-12-27 10:34:39'),(256,20,2,'2014-12-27 10:34:39'),(257,20,3,'2014-12-27 10:34:39'),(258,20,4,'2014-12-27 10:34:39'),(259,20,5,'2014-12-27 10:34:39'),(260,12,1,'2014-12-27 10:38:41'),(261,12,2,'2014-12-27 10:38:41'),(262,12,3,'2014-12-27 10:38:41'),(263,12,4,'2014-12-27 10:38:41'),(264,12,5,'2014-12-27 10:38:41');
/*!40000 ALTER TABLE `hostal_feature` ENABLE KEYS */;
UNLOCK TABLES;

--
-- Table structure for table `hostal_image`
--

DROP TABLE IF EXISTS `hostal_image`;
/*!40101 SET @saved_cs_client     = @@character_set_client */;
/*!40101 SET character_set_client = utf8 */;
CREATE TABLE `hostal_image` (
  `hostal_image_id` int(11) NOT NULL AUTO_INCREMENT,
  `hostal_id` int(11) NOT NULL,
  `image` varchar(150) COLLATE utf8_unicode_ci NOT NULL,
  `created_date` timestamp NOT NULL DEFAULT CURRENT_TIMESTAMP,
  PRIMARY KEY (`hostal_image_id`),
  KEY `hostal_id` (`hostal_id`),
  CONSTRAINT `hostal_image_ibfk_1` FOREIGN KEY (`hostal_id`) REFERENCES `hostal` (`hostal_id`) ON DELETE CASCADE ON UPDATE CASCADE
) ENGINE=InnoDB AUTO_INCREMENT=49 DEFAULT CHARSET=utf8 COLLATE=utf8_unicode_ci;
/*!40101 SET character_set_client = @saved_cs_client */;

--
-- Dumping data for table `hostal_image`
--

LOCK TABLES `hostal_image` WRITE;
/*!40000 ALTER TABLE `hostal_image` DISABLE KEYS */;
INSERT INTO `hostal_image` VALUES (5,4,'9ywv744u.jpg','2014-09-06 08:58:15'),(6,2,'0lmuf1iv.jpg','2014-09-06 09:31:23'),(7,1,'59lizzy4.jpg','2014-09-06 09:31:59'),(9,6,'o207hcd1.jpeg','2014-10-17 11:21:44'),(10,7,'fbts7zer.jpg','2014-10-29 15:56:53'),(11,5,'hd7znul0.JPEG','2014-10-30 07:38:36'),(19,14,'kw3qu95v.jpg','2014-12-20 00:25:03'),(25,20,'po3yy23o.jpg','2014-12-20 00:57:41'),(26,11,'vr6pw2yw.jpg','2014-12-20 01:01:49'),(27,21,'73q2cuw6.jpg','2014-12-20 01:08:58'),(34,24,'07ww8rne.jpg','2014-12-23 00:23:22'),(35,25,'h8cz2e2k.jpg','2014-12-23 02:57:01'),(36,26,'of1iqpac.jpg','2014-12-24 21:17:39'),(37,19,'j3t1db69.jpg','2014-12-26 01:02:07'),(38,18,'78lqoqw5.jpg','2014-12-26 15:19:13'),(39,10,'ywomkb6j.jpg','2014-12-26 15:25:57'),(40,22,'179meczv.jpg','2014-12-26 15:38:45'),(41,23,'ic4dder2.jpg','2014-12-26 15:43:04'),(42,13,'r8uiclan.jpg','2014-12-26 16:24:37'),(43,15,'5l3cfsaf.jpg','2014-12-26 16:47:42'),(44,16,'dp5epzpg.jpg','2014-12-26 16:55:53'),(45,17,'kzt72luy.jpg','2014-12-26 17:08:59'),(46,8,'c4nm48zg.jpg','2014-12-26 17:37:28'),(47,9,'cgph0dvy.jpg','2014-12-26 17:40:22'),(48,12,'o41fnp7w.jpg','2014-12-26 17:42:49');
/*!40000 ALTER TABLE `hostal_image` ENABLE KEYS */;
UNLOCK TABLES;

--
-- Table structure for table `hostal_rooms`
--

DROP TABLE IF EXISTS `hostal_rooms`;
/*!40101 SET @saved_cs_client     = @@character_set_client */;
/*!40101 SET character_set_client = utf8 */;
CREATE TABLE `hostal_rooms` (
  `room_id` int(11) NOT NULL AUTO_INCREMENT,
  `hostal_id` int(11) NOT NULL,
  `roomtype` varchar(255) COLLATE utf8_unicode_ci NOT NULL,
  `guests` int(11) NOT NULL,
  `adults` int(11) NOT NULL,
  `child` int(11) NOT NULL,
  `price` double(8,2) NOT NULL,
  PRIMARY KEY (`room_id`),
  KEY `hostal_id` (`hostal_id`),
  CONSTRAINT `hostal_rooms_ibfk_1` FOREIGN KEY (`hostal_id`) REFERENCES `hostal` (`hostal_id`) ON DELETE CASCADE ON UPDATE CASCADE
) ENGINE=InnoDB AUTO_INCREMENT=23 DEFAULT CHARSET=utf8 COLLATE=utf8_unicode_ci;
/*!40101 SET character_set_client = @saved_cs_client */;

--
-- Dumping data for table `hostal_rooms`
--

LOCK TABLES `hostal_rooms` WRITE;
/*!40000 ALTER TABLE `hostal_rooms` DISABLE KEYS */;
INSERT INTO `hostal_rooms` VALUES (2,1,'Single Room',5,3,2,256.00),(3,2,'Single Room',5,4,1,240.00),(5,4,'Single Room',5,4,1,240.00),(6,4,'Single Room',5,4,1,240.00),(7,2,'Single Room',5,4,1,240.00),(8,1,'Single Room',5,3,2,256.00),(9,5,'Double',2,2,0,25.00),(10,6,'test roomtype',20,30,0,200.00),(11,7,'Double',4,2,1,30.00),(12,7,'Single',1,1,1,20.00),(13,7,'Triple',3,3,0,40.00),(14,8,'Single',1,1,0,5.00),(15,8,'Double',2,2,1,10.00),(16,9,'Single',1,1,0,25.00),(17,11,'',0,0,0,0.00),(18,22,'',0,0,0,0.00),(19,9,'',0,0,0,0.00),(20,9,'',0,0,0,0.00),(21,9,'',0,0,0,0.00),(22,25,'',0,0,0,0.00);
/*!40000 ALTER TABLE `hostal_rooms` ENABLE KEYS */;
UNLOCK TABLES;

--
-- Table structure for table `language`
--

DROP TABLE IF EXISTS `language`;
/*!40101 SET @saved_cs_client     = @@character_set_client */;
/*!40101 SET character_set_client = utf8 */;
CREATE TABLE `language` (
  `language_id` int(11) NOT NULL AUTO_INCREMENT,
  `language` varchar(50) COLLATE utf8_unicode_ci NOT NULL,
  `lan_code` varchar(2) COLLATE utf8_unicode_ci NOT NULL,
  `flag` varchar(100) COLLATE utf8_unicode_ci NOT NULL,
  PRIMARY KEY (`language_id`)
) ENGINE=InnoDB AUTO_INCREMENT=4 DEFAULT CHARSET=utf8 COLLATE=utf8_unicode_ci;
/*!40101 SET character_set_client = @saved_cs_client */;

--
-- Dumping data for table `language`
--

LOCK TABLES `language` WRITE;
/*!40000 ALTER TABLE `language` DISABLE KEYS */;
INSERT INTO `language` VALUES (1,'English','en','en.jpg'),(2,'Spanish','es','es.jpg'),(3,'French','fr','fr.jpg');
/*!40000 ALTER TABLE `language` ENABLE KEYS */;
UNLOCK TABLES;

--
-- Table structure for table `payment_security_token`
--

DROP TABLE IF EXISTS `payment_security_token`;
/*!40101 SET @saved_cs_client     = @@character_set_client */;
/*!40101 SET character_set_client = utf8 */;
CREATE TABLE `payment_security_token` (
  `token` int(11) NOT NULL,
  `details` longtext CHARACTER SET utf8 COLLATE utf8_unicode_ci COMMENT '(DC2Type:object)',
  `after_url` longtext CHARACTER SET utf8 COLLATE utf8_unicode_ci,
  `target_url` longtext CHARACTER SET utf8 COLLATE utf8_unicode_ci NOT NULL,
  `payment_name` varchar(255) CHARACTER SET utf8 COLLATE utf8_unicode_ci NOT NULL,
  `hash` text NOT NULL
) ENGINE=InnoDB DEFAULT CHARSET=latin1;
/*!40101 SET character_set_client = @saved_cs_client */;

--
-- Dumping data for table `payment_security_token`
--

LOCK TABLES `payment_security_token` WRITE;
/*!40000 ALTER TABLE `payment_security_token` DISABLE KEYS */;
INSERT INTO `payment_security_token` VALUES (1,'C:30:\"Payum\\Core\\Model\\Identificator\":68:{a:2:{i:0;i:1;i:1;s:42:\"Mytrip\\PaymentBundle\\Entity\\PaymentDetails\";}}',NULL,'http://localhost/mytrip/web/app_dev.php/paypaldetails?payum_token=7jT5JRHRr8tgDtuRUc5jMxxTl4KHsoZ-A4C8lXuh6x4','paypal_express_checkout_and_doctrine_orm','7jT5JRHRr8tgDtuRUc5jMxxTl4KHsoZ-A4C8lXuh6x4'),(3,'C:30:\"Payum\\Core\\Model\\Identificator\":68:{a:2:{i:0;i:2;i:1;s:42:\"Mytrip\\PaymentBundle\\Entity\\PaymentDetails\";}}',NULL,'http://localhost/mytrip/web/app_dev.php/paypaldetails?payum_token=pNYX5ztdwzLH0T8z4IpMALyFB5Wf8_BbAb9AvZLLAuk','paypal_express_checkout_and_doctrine_orm','pNYX5ztdwzLH0T8z4IpMALyFB5Wf8_BbAb9AvZLLAuk'),(5,'C:30:\"Payum\\Core\\Model\\Identificator\":84:{a:2:{i:0;s:13:\"53f205a61c174\";i:1;s:41:\"Mytrip\\PaymentBundle\\Model\\PaymentDetails\";}}',NULL,'http://localhost/mytrip/web/app_dev.php/stripedetails?payum_token=WOXtdR-OoKTyL8OZph5QCLmlm_pjcY-E4Lre5aWPsp8','stripe_checkout','WOXtdR-OoKTyL8OZph5QCLmlm_pjcY-E4Lre5aWPsp8'),(7,'C:30:\"Payum\\Core\\Model\\Identificator\":84:{a:2:{i:0;s:13:\"53f20c869fda5\";i:1;s:41:\"Mytrip\\PaymentBundle\\Model\\PaymentDetails\";}}',NULL,'http://localhost/mytrip/web/app_dev.php/stripedetails?payum_token=nnx1KTl5rGV_0sY6iZVXx3Y0F-3-R18dDM_UpafT5Qw','stripe_checkout','nnx1KTl5rGV_0sY6iZVXx3Y0F-3-R18dDM_UpafT5Qw'),(9,'C:30:\"Payum\\Core\\Model\\Identificator\":84:{a:2:{i:0;s:13:\"53f210f86874f\";i:1;s:41:\"Mytrip\\PaymentBundle\\Model\\PaymentDetails\";}}',NULL,'http://192.168.1.30/mytrip/web/stripedetails?payum_token=qPj3sD4a0DhoLSAJxzM4n1yxdTO0bS5dL7v-OQsHllU','stripe_checkout','qPj3sD4a0DhoLSAJxzM4n1yxdTO0bS5dL7v-OQsHllU'),(10,'C:30:\"Payum\\Core\\Model\\Identificator\":84:{a:2:{i:0;s:13:\"53f47c8c36b46\";i:1;s:41:\"Mytrip\\PaymentBundle\\Model\\PaymentDetails\";}}',NULL,'http://localhost/mytrip/web/app_dev.php/stripedetails?payum_token=4L9LPUezZkMEPEVPXJ7klzZ_lwTmF1mqYzCUIPeCBtY','stripe_checkout','4L9LPUezZkMEPEVPXJ7klzZ_lwTmF1mqYzCUIPeCBtY'),(11,'C:30:\"Payum\\Core\\Model\\Identificator\":84:{a:2:{i:0;s:13:\"53f47c8c36b46\";i:1;s:41:\"Mytrip\\PaymentBundle\\Model\\PaymentDetails\";}}','http://localhost/mytrip/web/app_dev.php/stripedetails?payum_token=4L9LPUezZkMEPEVPXJ7klzZ_lwTmF1mqYzCUIPeCBtY','http://localhost/mytrip/web/app_dev.php/payment/capture/zWOYrCc9GNi91k6OkguqRwmHCu8lRRUtBy57qZtKuHI','stripe_checkout','zWOYrCc9GNi91k6OkguqRwmHCu8lRRUtBy57qZtKuHI'),(12,'C:30:\"Payum\\Core\\Model\\Identificator\":68:{a:2:{i:0;i:3;i:1;s:42:\"Mytrip\\PaymentBundle\\Entity\\PaymentDetails\";}}',NULL,'http://localhost/mytrip/web/app_dev.php/paypaldetails?payum_token=641ufB33466P9yClCdVqbrm5sCo-32O692e5MQQjjWg','paypal_express_checkout_and_doctrine_orm','641ufB33466P9yClCdVqbrm5sCo-32O692e5MQQjjWg'),(13,'C:30:\"Payum\\Core\\Model\\Identificator\":68:{a:2:{i:0;i:3;i:1;s:42:\"Mytrip\\PaymentBundle\\Entity\\PaymentDetails\";}}','http://localhost/mytrip/web/app_dev.php/paypaldetails?payum_token=641ufB33466P9yClCdVqbrm5sCo-32O692e5MQQjjWg','http://localhost/mytrip/web/app_dev.php/payment/capture/j_JcEed1mXgyAJlcWrREciwNJDA7jKnFIT7lpUSIBuE','paypal_express_checkout_and_doctrine_orm','j_JcEed1mXgyAJlcWrREciwNJDA7jKnFIT7lpUSIBuE'),(14,'C:30:\"Payum\\Core\\Model\\Identificator\":68:{a:2:{i:0;i:4;i:1;s:42:\"Mytrip\\PaymentBundle\\Entity\\PaymentDetails\";}}',NULL,'http://localhost/mytrip/web/app_dev.php/paypaldetails?payum_token=LxyOqm5tdJFKO3VFiW017lYAW7R1rpf5HmOUHjHW8dE','paypal_express_checkout_and_doctrine_orm','LxyOqm5tdJFKO3VFiW017lYAW7R1rpf5HmOUHjHW8dE'),(15,'C:30:\"Payum\\Core\\Model\\Identificator\":68:{a:2:{i:0;i:4;i:1;s:42:\"Mytrip\\PaymentBundle\\Entity\\PaymentDetails\";}}','http://localhost/mytrip/web/app_dev.php/paypaldetails?payum_token=LxyOqm5tdJFKO3VFiW017lYAW7R1rpf5HmOUHjHW8dE','http://localhost/mytrip/web/app_dev.php/payment/capture/4lRJcIn7-zEI1u1mbUpMgvpKnVce6UcKpFad-8Gs7_s','paypal_express_checkout_and_doctrine_orm','4lRJcIn7-zEI1u1mbUpMgvpKnVce6UcKpFad-8Gs7_s'),(16,'C:30:\"Payum\\Core\\Model\\Identificator\":68:{a:2:{i:0;i:5;i:1;s:42:\"Mytrip\\PaymentBundle\\Entity\\PaymentDetails\";}}',NULL,'http://localhost/mytrip/web/app_dev.php/paypaldetails?payum_token=FNNRduAufdGgYVmgtMF3NDK0oM33mkMQOgdcIZMuNSQ','paypal_express_checkout_and_doctrine_orm','FNNRduAufdGgYVmgtMF3NDK0oM33mkMQOgdcIZMuNSQ'),(17,'C:30:\"Payum\\Core\\Model\\Identificator\":68:{a:2:{i:0;i:6;i:1;s:42:\"Mytrip\\PaymentBundle\\Entity\\PaymentDetails\";}}',NULL,'http://localhost/mytrip/web/app_dev.php/paypaldetails?payum_token=NGLSV5_-752QXF48Wrh9eQmIIiGgUlHtw8386NjWXck','paypal_express_checkout_and_doctrine_orm','NGLSV5_-752QXF48Wrh9eQmIIiGgUlHtw8386NjWXck'),(18,'C:30:\"Payum\\Core\\Model\\Identificator\":68:{a:2:{i:0;i:7;i:1;s:42:\"Mytrip\\PaymentBundle\\Entity\\PaymentDetails\";}}',NULL,'http://localhost/mytrip/web/app_dev.php/paypaldetails?payum_token=gpz5cwCiX0fZ2v36czfCvXPa4n6FALVSEFq8VWb8w3E','paypal_express_checkout_and_doctrine_orm','gpz5cwCiX0fZ2v36czfCvXPa4n6FALVSEFq8VWb8w3E'),(20,'C:30:\"Payum\\Core\\Model\\Identificator\":84:{a:2:{i:0;s:13:\"53fd8f55d5a91\";i:1;s:41:\"Mytrip\\PaymentBundle\\Model\\PaymentDetails\";}}',NULL,'http://localhost/mytrip/web/app_dev.php/stripedetails?payum_token=xae_Zwv08x_X0oqnECIziMI_SWy1XLKEUZBNYQmEjIM','stripe_checkout','xae_Zwv08x_X0oqnECIziMI_SWy1XLKEUZBNYQmEjIM'),(21,'C:30:\"Payum\\Core\\Model\\Identificator\":68:{a:2:{i:0;i:8;i:1;s:42:\"Mytrip\\PaymentBundle\\Entity\\PaymentDetails\";}}',NULL,'http://w139.venacuba.com/paypaldetails?payum_token=2ZPRUAufXzjiWWbrLpTTArn1Os313GuZEhX5y2U-Yvk','paypal_express_checkout_and_doctrine_orm','2ZPRUAufXzjiWWbrLpTTArn1Os313GuZEhX5y2U-Yvk'),(22,'C:30:\"Payum\\Core\\Model\\Identificator\":68:{a:2:{i:0;i:8;i:1;s:42:\"Mytrip\\PaymentBundle\\Entity\\PaymentDetails\";}}','http://w139.venacuba.com/paypaldetails?payum_token=2ZPRUAufXzjiWWbrLpTTArn1Os313GuZEhX5y2U-Yvk','http://w139.venacuba.com/payment/capture/bAaPTGuDGXJF6nW2a8Y3jPdR4RzBYUnRf4z9g9ZGeto','paypal_express_checkout_and_doctrine_orm','bAaPTGuDGXJF6nW2a8Y3jPdR4RzBYUnRf4z9g9ZGeto'),(23,'C:30:\"Payum\\Core\\Model\\Identificator\":68:{a:2:{i:0;i:9;i:1;s:42:\"Mytrip\\PaymentBundle\\Entity\\PaymentDetails\";}}',NULL,'http://w156.venacuba.com/paypaldetails?payum_token=DEzjRSGh0x9QtsuDuKtOOfo0mTYw6wo8ozz4pNrb9BQ','paypal_express_checkout_and_doctrine_orm','DEzjRSGh0x9QtsuDuKtOOfo0mTYw6wo8ozz4pNrb9BQ'),(24,'C:30:\"Payum\\Core\\Model\\Identificator\":68:{a:2:{i:0;i:9;i:1;s:42:\"Mytrip\\PaymentBundle\\Entity\\PaymentDetails\";}}','http://w156.venacuba.com/paypaldetails?payum_token=DEzjRSGh0x9QtsuDuKtOOfo0mTYw6wo8ozz4pNrb9BQ','http://w156.venacuba.com/payment/capture/PoYQLpcf2pqYpxaiH13eiqUeMTT08SCbvsNPnOhb8i8','paypal_express_checkout_and_doctrine_orm','PoYQLpcf2pqYpxaiH13eiqUeMTT08SCbvsNPnOhb8i8'),(0,'C:30:\"Payum\\Core\\Model\\Identificator\":68:{a:2:{i:0;i:0;i:1;s:42:\"Mytrip\\PaymentBundle\\Entity\\PaymentDetails\";}}',NULL,'http://w139.venacuba.com/paypaldetails?payum_token=4-qTwmaC96bqiudQvlpr3UKhcTQ5W59tM8eFR7eO2hc','paypal_express_checkout_and_doctrine_orm','4-qTwmaC96bqiudQvlpr3UKhcTQ5W59tM8eFR7eO2hc'),(0,'C:30:\"Payum\\Core\\Model\\Identificator\":68:{a:2:{i:0;i:0;i:1;s:42:\"Mytrip\\PaymentBundle\\Entity\\PaymentDetails\";}}','http://w139.venacuba.com/paypaldetails?payum_token=4-qTwmaC96bqiudQvlpr3UKhcTQ5W59tM8eFR7eO2hc','http://w139.venacuba.com/payment/capture/5E0Al25rydq_1D-1rTR07YQY3hdLvZyAcuVW36jvY4E','paypal_express_checkout_and_doctrine_orm','5E0Al25rydq_1D-1rTR07YQY3hdLvZyAcuVW36jvY4E');
/*!40000 ALTER TABLE `payment_security_token` ENABLE KEYS */;
UNLOCK TABLES;

--
-- Table structure for table `payum_payment_details`
--

DROP TABLE IF EXISTS `payum_payment_details`;
/*!40101 SET @saved_cs_client     = @@character_set_client */;
/*!40101 SET character_set_client = utf8 */;
CREATE TABLE `payum_payment_details` (
  `id` int(11) NOT NULL,
  `details` text NOT NULL
) ENGINE=InnoDB DEFAULT CHARSET=latin1;
/*!40101 SET character_set_client = @saved_cs_client */;

--
-- Dumping data for table `payum_payment_details`
--

LOCK TABLES `payum_payment_details` WRITE;
/*!40000 ALTER TABLE `payum_payment_details` DISABLE KEYS */;
INSERT INTO `payum_payment_details` VALUES (1,'{\"PAYMENTREQUEST_0_CURRENCYCODE\":\"CAD\",\"PAYMENTREQUEST_0_AMT\":\"768.00\",\"L_PAYMENTREQUEST_0_AMT0\":\"768.00\",\"L_PAYMENTREQUEST_0_QTY0\":\"1\",\"L_PAYMENTREQUEST_0_NAME0\":\"Hostal Villa Lagarto\",\"L_PAYMENTREQUEST_0_DESC0\":\"Lorem ipsum dolor sit amet, consectetur adipiscing elit. Fusce ut auctor lacus. Curabitur quis leo eu nulla ornare commodo. Don\",\"RETURNURL\":\"http:\\/\\/localhost\\/mytrip\\/web\\/app_dev.php\\/payment\\/capture\\/x1HQme2UGLPtyL4P1te45wQ9Gc_nf2Q5b-JXDQQ67js\",\"CANCELURL\":\"http:\\/\\/localhost\\/mytrip\\/web\\/app_dev.php\\/payment\\/capture\\/x1HQme2UGLPtyL4P1te45wQ9Gc_nf2Q5b-JXDQQ67js\",\"INVNUM\":1,\"PAYMENTREQUEST_0_PAYMENTACTION\":\"Sale\",\"TOKEN\":\"EC-2A828253UR376343C\",\"TIMESTAMP\":\"2014-08-18T06:11:47Z\",\"CORRELATIONID\":\"e89fc4cd3d819\",\"ACK\":\"Success\",\"VERSION\":\"65.1\",\"BUILD\":\"12364540\",\"L_ERRORCODE0\":\"11812\",\"L_SHORTMESSAGE0\":\"Invalid Data\",\"L_LONGMESSAGE0\":\"The value of Description parameter has been truncated.\",\"L_SEVERITYCODE0\":\"Warning\",\"BILLINGAGREEMENTACCEPTEDSTATUS\":\"0\",\"CHECKOUTSTATUS\":\"PaymentActionCompleted\",\"EMAIL\":\"pss.suresh2_test3@gmail.com\",\"PAYERID\":\"CR56RNU674AYC\",\"PAYERSTATUS\":\"verified\",\"FIRSTNAME\":\"p\",\"LASTNAME\":\"shunmugasundaram\",\"COUNTRYCODE\":\"US\",\"SHIPTONAME\":\"p shunmugasundaram\",\"SHIPTOSTREET\":\"1 Main St\",\"SHIPTOCITY\":\"San Jose\",\"SHIPTOSTATE\":\"CA\",\"SHIPTOZIP\":\"95131\",\"SHIPTOCOUNTRYCODE\":\"US\",\"SHIPTOCOUNTRYNAME\":\"United States\",\"ADDRESSSTATUS\":\"Confirmed\",\"CURRENCYCODE\":\"CAD\",\"AMT\":\"768.00\",\"ITEMAMT\":\"768.00\",\"SHIPPINGAMT\":\"0.00\",\"HANDLINGAMT\":\"0.00\",\"TAXAMT\":\"0.00\",\"INSURANCEAMT\":\"0.00\",\"SHIPDISCAMT\":\"0.00\",\"L_NAME0\":\"Hostal Villa Lagarto\",\"L_QTY0\":\"1\",\"L_TAXAMT0\":\"0.00\",\"L_AMT0\":\"768.00\",\"L_DESC0\":\"Lorem ipsum dolor sit amet, consectetur adipiscing elit. Fusce ut auctor lacus. Curabitur quis leo eu nulla ornare commodo. Don\",\"L_ITEMWEIGHTVALUE0\":\"   0.00000\",\"L_ITEMLENGTHVALUE0\":\"   0.00000\",\"L_ITEMWIDTHVALUE0\":\"   0.00000\",\"L_ITEMHEIGHTVALUE0\":\"   0.00000\",\"PAYMENTREQUEST_0_ITEMAMT\":\"768.00\",\"PAYMENTREQUEST_0_SHIPPINGAMT\":\"0.00\",\"PAYMENTREQUEST_0_HANDLINGAMT\":\"0.00\",\"PAYMENTREQUEST_0_TAXAMT\":\"0.00\",\"PAYMENTREQUEST_0_INSURANCEAMT\":\"0.00\",\"PAYMENTREQUEST_0_SHIPDISCAMT\":\"0.00\",\"PAYMENTREQUEST_0_INSURANCEOPTIONOFFERED\":\"false\",\"PAYMENTREQUEST_0_SHIPTONAME\":\"p shunmugasundaram\",\"PAYMENTREQUEST_0_SHIPTOSTREET\":\"1 Main St\",\"PAYMENTREQUEST_0_SHIPTOCITY\":\"San Jose\",\"PAYMENTREQUEST_0_SHIPTOSTATE\":\"CA\",\"PAYMENTREQUEST_0_SHIPTOZIP\":\"95131\",\"PAYMENTREQUEST_0_SHIPTOCOUNTRYCODE\":\"US\",\"PAYMENTREQUEST_0_SHIPTOCOUNTRYNAME\":\"United States\",\"PAYMENTREQUEST_0_ADDRESSSTATUS\":\"Confirmed\",\"L_PAYMENTREQUEST_0_TAXAMT0\":\"0.00\",\"L_PAYMENTREQUEST_0_ITEMWEIGHTVALUE0\":\"   0.00000\",\"L_PAYMENTREQUEST_0_ITEMLENGTHVALUE0\":\"   0.00000\",\"L_PAYMENTREQUEST_0_ITEMWIDTHVALUE0\":\"   0.00000\",\"L_PAYMENTREQUEST_0_ITEMHEIGHTVALUE0\":\"   0.00000\",\"PAYMENTREQUESTINFO_0_ERRORCODE\":\"0\",\"SUCCESSPAGEREDIRECTREQUESTED\":\"false\",\"INSURANCEOPTIONSELECTED\":\"false\",\"SHIPPINGOPTIONISDEFAULT\":\"false\",\"PAYMENTINFO_0_TRANSACTIONID\":\"32039467SJ724193B\",\"PAYMENTINFO_0_TRANSACTIONTYPE\":\"cart\",\"PAYMENTINFO_0_PAYMENTTYPE\":\"instant\",\"PAYMENTINFO_0_ORDERTIME\":\"2014-08-18T06:11:01Z\",\"PAYMENTINFO_0_AMT\":\"768.00\",\"PAYMENTINFO_0_TAXAMT\":\"0.00\",\"PAYMENTINFO_0_CURRENCYCODE\":\"CAD\",\"PAYMENTINFO_0_PAYMENTSTATUS\":\"Pending\",\"PAYMENTINFO_0_PENDINGREASON\":\"multicurrency\",\"PAYMENTINFO_0_REASONCODE\":\"None\",\"PAYMENTINFO_0_PROTECTIONELIGIBILITY\":\"Ineligible\",\"PAYMENTINFO_0_PROTECTIONELIGIBILITYTYPE\":\"None\",\"PAYMENTINFO_0_ERRORCODE\":\"0\",\"PAYMENTINFO_0_ACK\":\"Success\",\"PAYMENTREQUEST_0_TRANSACTIONID\":\"32039467SJ724193B\",\"PAYMENTREQUESTINFO_0_TRANSACTIONID\":\"32039467SJ724193B\",\"PAYMENTREQUEST_0_TRANSACTIONTYPE\":\"cart\",\"PAYMENTREQUEST_0_PAYMENTTYPE\":\"instant\",\"PAYMENTREQUEST_0_ORDERTIME\":\"2014-08-18T06:11:01Z\",\"PAYMENTREQUEST_0_PAYMENTSTATUS\":\"Pending\",\"PAYMENTREQUEST_0_PENDINGREASON\":\"multicurrency\",\"PAYMENTREQUEST_0_REASONCODE\":\"None\"}'),(2,'{\"PAYMENTREQUEST_0_CURRENCYCODE\":\"CAD\",\"PAYMENTREQUEST_0_AMT\":\"256.00\",\"L_PAYMENTREQUEST_0_AMT0\":\"256.00\",\"L_PAYMENTREQUEST_0_QTY0\":\"1\",\"L_PAYMENTREQUEST_0_NAME0\":\"Hostal Villa Lagarto\",\"L_PAYMENTREQUEST_0_DESC0\":\"Lorem ipsum dolor sit amet, consectetur adipiscing elit. Fusce ut auctor lacus. Curabitur quis leo eu nulla ornare commodo. Don\",\"RETURNURL\":\"http:\\/\\/localhost\\/mytrip\\/web\\/app_dev.php\\/payment\\/capture\\/6c272fK8Gun45zZZY4xkg7N0RmvQm2oMtsC-Qn8Or8c\",\"CANCELURL\":\"http:\\/\\/localhost\\/mytrip\\/web\\/app_dev.php\\/payment\\/capture\\/6c272fK8Gun45zZZY4xkg7N0RmvQm2oMtsC-Qn8Or8c\",\"INVNUM\":2,\"PAYMENTREQUEST_0_PAYMENTACTION\":\"Sale\",\"TOKEN\":\"EC-5MJ094333V5947310\",\"TIMESTAMP\":\"2014-08-18T09:45:54Z\",\"CORRELATIONID\":\"eab457c16ca2c\",\"ACK\":\"Success\",\"VERSION\":\"65.1\",\"BUILD\":\"12364540\",\"L_ERRORCODE0\":\"11812\",\"L_SHORTMESSAGE0\":\"Invalid Data\",\"L_LONGMESSAGE0\":\"The value of Description parameter has been truncated.\",\"L_SEVERITYCODE0\":\"Warning\",\"BILLINGAGREEMENTACCEPTEDSTATUS\":\"0\",\"CHECKOUTSTATUS\":\"PaymentActionCompleted\",\"EMAIL\":\"pss.suresh2_test3@gmail.com\",\"PAYERID\":\"CR56RNU674AYC\",\"PAYERSTATUS\":\"verified\",\"FIRSTNAME\":\"p\",\"LASTNAME\":\"shunmugasundaram\",\"COUNTRYCODE\":\"US\",\"SHIPTONAME\":\"p shunmugasundaram\",\"SHIPTOSTREET\":\"1 Main St\",\"SHIPTOCITY\":\"San Jose\",\"SHIPTOSTATE\":\"CA\",\"SHIPTOZIP\":\"95131\",\"SHIPTOCOUNTRYCODE\":\"US\",\"SHIPTOCOUNTRYNAME\":\"United States\",\"ADDRESSSTATUS\":\"Confirmed\",\"CURRENCYCODE\":\"CAD\",\"AMT\":\"256.00\",\"ITEMAMT\":\"256.00\",\"SHIPPINGAMT\":\"0.00\",\"HANDLINGAMT\":\"0.00\",\"TAXAMT\":\"0.00\",\"INSURANCEAMT\":\"0.00\",\"SHIPDISCAMT\":\"0.00\",\"L_NAME0\":\"Hostal Villa Lagarto\",\"L_QTY0\":\"1\",\"L_TAXAMT0\":\"0.00\",\"L_AMT0\":\"256.00\",\"L_DESC0\":\"Lorem ipsum dolor sit amet, consectetur adipiscing elit. Fusce ut auctor lacus. Curabitur quis leo eu nulla ornare commodo. Don\",\"L_ITEMWEIGHTVALUE0\":\"   0.00000\",\"L_ITEMLENGTHVALUE0\":\"   0.00000\",\"L_ITEMWIDTHVALUE0\":\"   0.00000\",\"L_ITEMHEIGHTVALUE0\":\"   0.00000\",\"PAYMENTREQUEST_0_ITEMAMT\":\"256.00\",\"PAYMENTREQUEST_0_SHIPPINGAMT\":\"0.00\",\"PAYMENTREQUEST_0_HANDLINGAMT\":\"0.00\",\"PAYMENTREQUEST_0_TAXAMT\":\"0.00\",\"PAYMENTREQUEST_0_INSURANCEAMT\":\"0.00\",\"PAYMENTREQUEST_0_SHIPDISCAMT\":\"0.00\",\"PAYMENTREQUEST_0_INSURANCEOPTIONOFFERED\":\"false\",\"PAYMENTREQUEST_0_SHIPTONAME\":\"p shunmugasundaram\",\"PAYMENTREQUEST_0_SHIPTOSTREET\":\"1 Main St\",\"PAYMENTREQUEST_0_SHIPTOCITY\":\"San Jose\",\"PAYMENTREQUEST_0_SHIPTOSTATE\":\"CA\",\"PAYMENTREQUEST_0_SHIPTOZIP\":\"95131\",\"PAYMENTREQUEST_0_SHIPTOCOUNTRYCODE\":\"US\",\"PAYMENTREQUEST_0_SHIPTOCOUNTRYNAME\":\"United States\",\"PAYMENTREQUEST_0_ADDRESSSTATUS\":\"Confirmed\",\"L_PAYMENTREQUEST_0_TAXAMT0\":\"0.00\",\"L_PAYMENTREQUEST_0_ITEMWEIGHTVALUE0\":\"   0.00000\",\"L_PAYMENTREQUEST_0_ITEMLENGTHVALUE0\":\"   0.00000\",\"L_PAYMENTREQUEST_0_ITEMWIDTHVALUE0\":\"   0.00000\",\"L_PAYMENTREQUEST_0_ITEMHEIGHTVALUE0\":\"   0.00000\",\"PAYMENTREQUESTINFO_0_ERRORCODE\":\"0\",\"SUCCESSPAGEREDIRECTREQUESTED\":\"false\",\"INSURANCEOPTIONSELECTED\":\"false\",\"SHIPPINGOPTIONISDEFAULT\":\"false\",\"PAYMENTINFO_0_TRANSACTIONID\":\"73L43649US671964G\",\"PAYMENTINFO_0_TRANSACTIONTYPE\":\"cart\",\"PAYMENTINFO_0_PAYMENTTYPE\":\"instant\",\"PAYMENTINFO_0_ORDERTIME\":\"2014-08-18T09:45:48Z\",\"PAYMENTINFO_0_AMT\":\"256.00\",\"PAYMENTINFO_0_TAXAMT\":\"0.00\",\"PAYMENTINFO_0_CURRENCYCODE\":\"CAD\",\"PAYMENTINFO_0_PAYMENTSTATUS\":\"Pending\",\"PAYMENTINFO_0_PENDINGREASON\":\"multicurrency\",\"PAYMENTINFO_0_REASONCODE\":\"None\",\"PAYMENTINFO_0_PROTECTIONELIGIBILITY\":\"Ineligible\",\"PAYMENTINFO_0_PROTECTIONELIGIBILITYTYPE\":\"None\",\"PAYMENTINFO_0_ERRORCODE\":\"0\",\"PAYMENTINFO_0_ACK\":\"Success\",\"PAYMENTREQUEST_0_TRANSACTIONID\":\"73L43649US671964G\",\"PAYMENTREQUESTINFO_0_TRANSACTIONID\":\"73L43649US671964G\",\"PAYMENTREQUEST_0_TRANSACTIONTYPE\":\"cart\",\"PAYMENTREQUEST_0_PAYMENTTYPE\":\"instant\",\"PAYMENTREQUEST_0_ORDERTIME\":\"2014-08-18T09:45:48Z\",\"PAYMENTREQUEST_0_PAYMENTSTATUS\":\"Pending\",\"PAYMENTREQUEST_0_PENDINGREASON\":\"multicurrency\",\"PAYMENTREQUEST_0_REASONCODE\":\"None\"}'),(3,'{\"PAYMENTREQUEST_0_CURRENCYCODE\":\"CAD\",\"PAYMENTREQUEST_0_AMT\":128,\"L_PAYMENTREQUEST_0_AMT0\":128,\"L_PAYMENTREQUEST_0_QTY0\":1,\"L_PAYMENTREQUEST_0_NAME0\":\"Hostal Villa Lagarto\",\"L_PAYMENTREQUEST_0_DESC0\":\"Lorem ipsum dolor sit amet, consectetur adipiscing elit. Fusce ut auctor lacus. Curabitur quis leo eu nulla ornare commodo. Donec vulputate ante in felis dignissim, a interdum tortor euismod. Nunc bibendum egestas massa.\",\"RETURNURL\":\"http:\\/\\/localhost\\/mytrip\\/web\\/app_dev.php\\/payment\\/capture\\/j_JcEed1mXgyAJlcWrREciwNJDA7jKnFIT7lpUSIBuE\",\"CANCELURL\":\"http:\\/\\/localhost\\/mytrip\\/web\\/app_dev.php\\/payment\\/capture\\/j_JcEed1mXgyAJlcWrREciwNJDA7jKnFIT7lpUSIBuE\",\"INVNUM\":3,\"PAYMENTREQUEST_0_PAYMENTACTION\":\"Sale\",\"TOKEN\":\"EC-1KS85351NA1996451\",\"TIMESTAMP\":\"2014-08-20T11:12:08Z\",\"CORRELATIONID\":\"c350fd971d83e\",\"ACK\":\"SuccessWithWarning\",\"VERSION\":\"65.1\",\"BUILD\":\"12403652\",\"L_ERRORCODE0\":\"11812\",\"L_SHORTMESSAGE0\":\"Invalid Data\",\"L_LONGMESSAGE0\":\"The value of Description parameter has been truncated.\",\"L_SEVERITYCODE0\":\"Warning\"}'),(4,'{\"PAYMENTREQUEST_0_CURRENCYCODE\":\"CAD\",\"PAYMENTREQUEST_0_AMT\":128,\"L_PAYMENTREQUEST_0_AMT0\":128,\"L_PAYMENTREQUEST_0_QTY0\":1,\"L_PAYMENTREQUEST_0_NAME0\":\"Hostal Villa Lagarto\",\"L_PAYMENTREQUEST_0_DESC0\":\"Lorem ipsum dolor sit amet, consectetur adipiscing elit. Fusce ut auctor lacus. Curabitur quis leo eu nulla ornare commodo. Donec vulputate ante in felis dignissim, a interdum tortor euismod. Nunc bibendum egestas massa.\",\"RETURNURL\":\"http:\\/\\/localhost\\/mytrip\\/web\\/app_dev.php\\/payment\\/capture\\/4lRJcIn7-zEI1u1mbUpMgvpKnVce6UcKpFad-8Gs7_s\",\"CANCELURL\":\"http:\\/\\/localhost\\/mytrip\\/web\\/app_dev.php\\/payment\\/capture\\/4lRJcIn7-zEI1u1mbUpMgvpKnVce6UcKpFad-8Gs7_s\",\"INVNUM\":4,\"PAYMENTREQUEST_0_PAYMENTACTION\":\"Sale\",\"TOKEN\":\"EC-2RM33957XF4874353\",\"TIMESTAMP\":\"2014-08-20T11:15:16Z\",\"CORRELATIONID\":\"b81b66d12279e\",\"ACK\":\"SuccessWithWarning\",\"VERSION\":\"65.1\",\"BUILD\":\"12403652\",\"L_ERRORCODE0\":\"11812\",\"L_SHORTMESSAGE0\":\"Invalid Data\",\"L_LONGMESSAGE0\":\"The value of Description parameter has been truncated.\",\"L_SEVERITYCODE0\":\"Warning\"}'),(5,'{\"PAYMENTREQUEST_0_CURRENCYCODE\":\"USD\",\"PAYMENTREQUEST_0_AMT\":\"174.72\",\"L_PAYMENTREQUEST_0_AMT0\":\"174.72\",\"L_PAYMENTREQUEST_0_QTY0\":\"1\",\"L_PAYMENTREQUEST_0_NAME0\":\"Hostal Villa Lagarto\",\"L_PAYMENTREQUEST_0_DESC0\":\"Lorem ipsum dolor sit amet, consectetur adipiscing elit. Fusce ut auctor lacus. Curabitur quis leo eu nulla ornare commodo. Don\",\"RETURNURL\":\"http:\\/\\/localhost\\/mytrip\\/web\\/app_dev.php\\/payment\\/capture\\/2bPesTYS5WKi8PnT4cnOKv9_-2X8tet5IF9drp5VEZg\",\"CANCELURL\":\"http:\\/\\/localhost\\/mytrip\\/web\\/app_dev.php\\/payment\\/capture\\/2bPesTYS5WKi8PnT4cnOKv9_-2X8tet5IF9drp5VEZg\",\"INVNUM\":5,\"PAYMENTREQUEST_0_PAYMENTACTION\":\"Sale\",\"TOKEN\":\"EC-8P4247552P412391J\",\"TIMESTAMP\":\"2014-08-22T07:47:49Z\",\"CORRELATIONID\":\"bd5e9d62aed6c\",\"ACK\":\"Success\",\"VERSION\":\"65.1\",\"BUILD\":\"12471160\",\"L_ERRORCODE0\":\"11812\",\"L_SHORTMESSAGE0\":\"Invalid Data\",\"L_LONGMESSAGE0\":\"The value of Description parameter has been truncated.\",\"L_SEVERITYCODE0\":\"Warning\",\"BILLINGAGREEMENTACCEPTEDSTATUS\":\"0\",\"CHECKOUTSTATUS\":\"PaymentActionCompleted\",\"EMAIL\":\"pss.suresh2_test3@gmail.com\",\"PAYERID\":\"CR56RNU674AYC\",\"PAYERSTATUS\":\"verified\",\"FIRSTNAME\":\"p\",\"LASTNAME\":\"shunmugasundaram\",\"COUNTRYCODE\":\"US\",\"SHIPTONAME\":\"p shunmugasundaram\",\"SHIPTOSTREET\":\"1 Main St\",\"SHIPTOCITY\":\"San Jose\",\"SHIPTOSTATE\":\"CA\",\"SHIPTOZIP\":\"95131\",\"SHIPTOCOUNTRYCODE\":\"US\",\"SHIPTOCOUNTRYNAME\":\"United States\",\"ADDRESSSTATUS\":\"Confirmed\",\"CURRENCYCODE\":\"USD\",\"AMT\":\"174.72\",\"ITEMAMT\":\"174.72\",\"SHIPPINGAMT\":\"0.00\",\"HANDLINGAMT\":\"0.00\",\"TAXAMT\":\"0.00\",\"INSURANCEAMT\":\"0.00\",\"SHIPDISCAMT\":\"0.00\",\"L_NAME0\":\"Hostal Villa Lagarto\",\"L_QTY0\":\"1\",\"L_TAXAMT0\":\"0.00\",\"L_AMT0\":\"174.72\",\"L_DESC0\":\"Lorem ipsum dolor sit amet, consectetur adipiscing elit. Fusce ut auctor lacus. Curabitur quis leo eu nulla ornare commodo. Don\",\"L_ITEMWEIGHTVALUE0\":\"   0.00000\",\"L_ITEMLENGTHVALUE0\":\"   0.00000\",\"L_ITEMWIDTHVALUE0\":\"   0.00000\",\"L_ITEMHEIGHTVALUE0\":\"   0.00000\",\"PAYMENTREQUEST_0_ITEMAMT\":\"174.72\",\"PAYMENTREQUEST_0_SHIPPINGAMT\":\"0.00\",\"PAYMENTREQUEST_0_HANDLINGAMT\":\"0.00\",\"PAYMENTREQUEST_0_TAXAMT\":\"0.00\",\"PAYMENTREQUEST_0_INSURANCEAMT\":\"0.00\",\"PAYMENTREQUEST_0_SHIPDISCAMT\":\"0.00\",\"PAYMENTREQUEST_0_INSURANCEOPTIONOFFERED\":\"false\",\"PAYMENTREQUEST_0_SHIPTONAME\":\"p shunmugasundaram\",\"PAYMENTREQUEST_0_SHIPTOSTREET\":\"1 Main St\",\"PAYMENTREQUEST_0_SHIPTOCITY\":\"San Jose\",\"PAYMENTREQUEST_0_SHIPTOSTATE\":\"CA\",\"PAYMENTREQUEST_0_SHIPTOZIP\":\"95131\",\"PAYMENTREQUEST_0_SHIPTOCOUNTRYCODE\":\"US\",\"PAYMENTREQUEST_0_SHIPTOCOUNTRYNAME\":\"United States\",\"PAYMENTREQUEST_0_ADDRESSSTATUS\":\"Confirmed\",\"L_PAYMENTREQUEST_0_TAXAMT0\":\"0.00\",\"L_PAYMENTREQUEST_0_ITEMWEIGHTVALUE0\":\"   0.00000\",\"L_PAYMENTREQUEST_0_ITEMLENGTHVALUE0\":\"   0.00000\",\"L_PAYMENTREQUEST_0_ITEMWIDTHVALUE0\":\"   0.00000\",\"L_PAYMENTREQUEST_0_ITEMHEIGHTVALUE0\":\"   0.00000\",\"PAYMENTREQUESTINFO_0_ERRORCODE\":\"0\",\"SUCCESSPAGEREDIRECTREQUESTED\":\"false\",\"INSURANCEOPTIONSELECTED\":\"false\",\"SHIPPINGOPTIONISDEFAULT\":\"false\",\"PAYMENTINFO_0_TRANSACTIONID\":\"6M594082KH4995904\",\"PAYMENTINFO_0_TRANSACTIONTYPE\":\"cart\",\"PAYMENTINFO_0_PAYMENTTYPE\":\"instant\",\"PAYMENTINFO_0_ORDERTIME\":\"2014-08-22T07:47:43Z\",\"PAYMENTINFO_0_AMT\":\"174.72\",\"PAYMENTINFO_0_FEEAMT\":\"5.37\",\"PAYMENTINFO_0_TAXAMT\":\"0.00\",\"PAYMENTINFO_0_CURRENCYCODE\":\"USD\",\"PAYMENTINFO_0_PAYMENTSTATUS\":\"Pending\",\"PAYMENTINFO_0_PENDINGREASON\":\"paymentreview\",\"PAYMENTINFO_0_REASONCODE\":\"None\",\"PAYMENTINFO_0_PROTECTIONELIGIBILITY\":\"Ineligible\",\"PAYMENTINFO_0_PROTECTIONELIGIBILITYTYPE\":\"None\",\"PAYMENTINFO_0_ERRORCODE\":\"0\",\"PAYMENTINFO_0_ACK\":\"Success\",\"PAYMENTREQUEST_0_TRANSACTIONID\":\"6M594082KH4995904\",\"PAYMENTREQUESTINFO_0_TRANSACTIONID\":\"6M594082KH4995904\",\"PAYMENTREQUEST_0_TRANSACTIONTYPE\":\"cart\",\"PAYMENTREQUEST_0_PAYMENTTYPE\":\"instant\",\"PAYMENTREQUEST_0_ORDERTIME\":\"2014-08-22T07:47:43Z\",\"PAYMENTREQUEST_0_FEEAMT\":\"5.37\",\"PAYMENTREQUEST_0_PAYMENTSTATUS\":\"Pending\",\"PAYMENTREQUEST_0_PENDINGREASON\":\"paymentreview\",\"PAYMENTREQUEST_0_REASONCODE\":\"None\"}'),(6,'{\"PAYMENTREQUEST_0_CURRENCYCODE\":\"CAD\",\"PAYMENTREQUEST_0_AMT\":\"268.80\",\"L_PAYMENTREQUEST_0_AMT0\":\"268.80\",\"L_PAYMENTREQUEST_0_QTY0\":\"1\",\"L_PAYMENTREQUEST_0_NAME0\":\"Hostal Villa Lagarto\",\"L_PAYMENTREQUEST_0_DESC0\":\"Lorem ipsum dolor sit amet, consectetur adipiscing elit. Fusce ut auctor lacus. Curabitur quis leo eu nulla ornare commodo. Don\",\"RETURNURL\":\"http:\\/\\/localhost\\/mytrip\\/web\\/app_dev.php\\/payment\\/capture\\/0vJgQQ1QroVzokDQfLR1zyg0cDg_ZzVgUegLjeT_cHQ\",\"CANCELURL\":\"http:\\/\\/localhost\\/mytrip\\/web\\/app_dev.php\\/payment\\/capture\\/0vJgQQ1QroVzokDQfLR1zyg0cDg_ZzVgUegLjeT_cHQ\",\"INVNUM\":6,\"PAYMENTREQUEST_0_PAYMENTACTION\":\"Sale\",\"TOKEN\":\"EC-39F40765TN501443S\",\"TIMESTAMP\":\"2014-08-26T13:47:29Z\",\"CORRELATIONID\":\"dc8b0d47bb4f9\",\"ACK\":\"Success\",\"VERSION\":\"65.1\",\"BUILD\":\"12513933\",\"L_ERRORCODE0\":\"11812\",\"L_SHORTMESSAGE0\":\"Invalid Data\",\"L_LONGMESSAGE0\":\"The value of Description parameter has been truncated.\",\"L_SEVERITYCODE0\":\"Warning\",\"BILLINGAGREEMENTACCEPTEDSTATUS\":\"0\",\"CHECKOUTSTATUS\":\"PaymentActionCompleted\",\"EMAIL\":\"pss.suresh2_test3@gmail.com\",\"PAYERID\":\"CR56RNU674AYC\",\"PAYERSTATUS\":\"verified\",\"FIRSTNAME\":\"p\",\"LASTNAME\":\"shunmugasundaram\",\"COUNTRYCODE\":\"US\",\"SHIPTONAME\":\"p shunmugasundaram\",\"SHIPTOSTREET\":\"1 Main St\",\"SHIPTOCITY\":\"San Jose\",\"SHIPTOSTATE\":\"CA\",\"SHIPTOZIP\":\"95131\",\"SHIPTOCOUNTRYCODE\":\"US\",\"SHIPTOCOUNTRYNAME\":\"United States\",\"ADDRESSSTATUS\":\"Confirmed\",\"CURRENCYCODE\":\"CAD\",\"AMT\":\"268.80\",\"ITEMAMT\":\"268.80\",\"SHIPPINGAMT\":\"0.00\",\"HANDLINGAMT\":\"0.00\",\"TAXAMT\":\"0.00\",\"INSURANCEAMT\":\"0.00\",\"SHIPDISCAMT\":\"0.00\",\"L_NAME0\":\"Hostal Villa Lagarto\",\"L_QTY0\":\"1\",\"L_TAXAMT0\":\"0.00\",\"L_AMT0\":\"268.80\",\"L_DESC0\":\"Lorem ipsum dolor sit amet, consectetur adipiscing elit. Fusce ut auctor lacus. Curabitur quis leo eu nulla ornare commodo. Don\",\"L_ITEMWEIGHTVALUE0\":\"   0.00000\",\"L_ITEMLENGTHVALUE0\":\"   0.00000\",\"L_ITEMWIDTHVALUE0\":\"   0.00000\",\"L_ITEMHEIGHTVALUE0\":\"   0.00000\",\"PAYMENTREQUEST_0_ITEMAMT\":\"268.80\",\"PAYMENTREQUEST_0_SHIPPINGAMT\":\"0.00\",\"PAYMENTREQUEST_0_HANDLINGAMT\":\"0.00\",\"PAYMENTREQUEST_0_TAXAMT\":\"0.00\",\"PAYMENTREQUEST_0_INSURANCEAMT\":\"0.00\",\"PAYMENTREQUEST_0_SHIPDISCAMT\":\"0.00\",\"PAYMENTREQUEST_0_INSURANCEOPTIONOFFERED\":\"false\",\"PAYMENTREQUEST_0_SHIPTONAME\":\"p shunmugasundaram\",\"PAYMENTREQUEST_0_SHIPTOSTREET\":\"1 Main St\",\"PAYMENTREQUEST_0_SHIPTOCITY\":\"San Jose\",\"PAYMENTREQUEST_0_SHIPTOSTATE\":\"CA\",\"PAYMENTREQUEST_0_SHIPTOZIP\":\"95131\",\"PAYMENTREQUEST_0_SHIPTOCOUNTRYCODE\":\"US\",\"PAYMENTREQUEST_0_SHIPTOCOUNTRYNAME\":\"United States\",\"PAYMENTREQUEST_0_ADDRESSSTATUS\":\"Confirmed\",\"L_PAYMENTREQUEST_0_TAXAMT0\":\"0.00\",\"L_PAYMENTREQUEST_0_ITEMWEIGHTVALUE0\":\"   0.00000\",\"L_PAYMENTREQUEST_0_ITEMLENGTHVALUE0\":\"   0.00000\",\"L_PAYMENTREQUEST_0_ITEMWIDTHVALUE0\":\"   0.00000\",\"L_PAYMENTREQUEST_0_ITEMHEIGHTVALUE0\":\"   0.00000\",\"PAYMENTREQUESTINFO_0_ERRORCODE\":\"0\",\"SUCCESSPAGEREDIRECTREQUESTED\":\"false\",\"INSURANCEOPTIONSELECTED\":\"false\",\"SHIPPINGOPTIONISDEFAULT\":\"false\",\"PAYMENTINFO_0_TRANSACTIONID\":\"5WM89421K80001053\",\"PAYMENTINFO_0_TRANSACTIONTYPE\":\"cart\",\"PAYMENTINFO_0_PAYMENTTYPE\":\"instant\",\"PAYMENTINFO_0_ORDERTIME\":\"2014-08-26T13:47:24Z\",\"PAYMENTINFO_0_AMT\":\"268.80\",\"PAYMENTINFO_0_TAXAMT\":\"0.00\",\"PAYMENTINFO_0_CURRENCYCODE\":\"CAD\",\"PAYMENTINFO_0_PAYMENTSTATUS\":\"Pending\",\"PAYMENTINFO_0_PENDINGREASON\":\"multicurrency\",\"PAYMENTINFO_0_REASONCODE\":\"None\",\"PAYMENTINFO_0_PROTECTIONELIGIBILITY\":\"Ineligible\",\"PAYMENTINFO_0_PROTECTIONELIGIBILITYTYPE\":\"None\",\"PAYMENTINFO_0_ERRORCODE\":\"0\",\"PAYMENTINFO_0_ACK\":\"Success\",\"PAYMENTREQUEST_0_TRANSACTIONID\":\"5WM89421K80001053\",\"PAYMENTREQUESTINFO_0_TRANSACTIONID\":\"5WM89421K80001053\",\"PAYMENTREQUEST_0_TRANSACTIONTYPE\":\"cart\",\"PAYMENTREQUEST_0_PAYMENTTYPE\":\"instant\",\"PAYMENTREQUEST_0_ORDERTIME\":\"2014-08-26T13:47:24Z\",\"PAYMENTREQUEST_0_PAYMENTSTATUS\":\"Pending\",\"PAYMENTREQUEST_0_PENDINGREASON\":\"multicurrency\",\"PAYMENTREQUEST_0_REASONCODE\":\"None\"}'),(7,'{\"PAYMENTREQUEST_0_CURRENCYCODE\":\"CAD\",\"PAYMENTREQUEST_0_AMT\":\"320.00\",\"L_PAYMENTREQUEST_0_AMT0\":\"320.00\",\"L_PAYMENTREQUEST_0_QTY0\":\"1\",\"L_PAYMENTREQUEST_0_NAME0\":\"Hostal Villa Lagarto\",\"L_PAYMENTREQUEST_0_DESC0\":\"Lorem ipsum dolor sit amet, consectetur adipiscing elit. Fusce ut auctor lacus. Curabitur quis leo eu nulla ornare commodo. Don\",\"RETURNURL\":\"http:\\/\\/localhost\\/mytrip\\/web\\/app_dev.php\\/payment\\/capture\\/5fcjXXjnUm6wnqDaQ5l5DExEG13eef-Rd0mDqgTScIo\",\"CANCELURL\":\"http:\\/\\/localhost\\/mytrip\\/web\\/app_dev.php\\/payment\\/capture\\/5fcjXXjnUm6wnqDaQ5l5DExEG13eef-Rd0mDqgTScIo\",\"INVNUM\":7,\"PAYMENTREQUEST_0_PAYMENTACTION\":\"Sale\",\"TOKEN\":\"EC-4HU715662L3422549\",\"TIMESTAMP\":\"2014-08-27T05:28:12Z\",\"CORRELATIONID\":\"748e52b11fdd3\",\"ACK\":\"Success\",\"VERSION\":\"65.1\",\"BUILD\":\"12513933\",\"L_ERRORCODE0\":\"11812\",\"L_SHORTMESSAGE0\":\"Invalid Data\",\"L_LONGMESSAGE0\":\"The value of Description parameter has been truncated.\",\"L_SEVERITYCODE0\":\"Warning\",\"BILLINGAGREEMENTACCEPTEDSTATUS\":\"0\",\"CHECKOUTSTATUS\":\"PaymentActionCompleted\",\"EMAIL\":\"pss.suresh2_test3@gmail.com\",\"PAYERID\":\"CR56RNU674AYC\",\"PAYERSTATUS\":\"verified\",\"FIRSTNAME\":\"p\",\"LASTNAME\":\"shunmugasundaram\",\"COUNTRYCODE\":\"US\",\"SHIPTONAME\":\"p shunmugasundaram\",\"SHIPTOSTREET\":\"1 Main St\",\"SHIPTOCITY\":\"San Jose\",\"SHIPTOSTATE\":\"CA\",\"SHIPTOZIP\":\"95131\",\"SHIPTOCOUNTRYCODE\":\"US\",\"SHIPTOCOUNTRYNAME\":\"United States\",\"ADDRESSSTATUS\":\"Confirmed\",\"CURRENCYCODE\":\"CAD\",\"AMT\":\"320.00\",\"ITEMAMT\":\"320.00\",\"SHIPPINGAMT\":\"0.00\",\"HANDLINGAMT\":\"0.00\",\"TAXAMT\":\"0.00\",\"INSURANCEAMT\":\"0.00\",\"SHIPDISCAMT\":\"0.00\",\"L_NAME0\":\"Hostal Villa Lagarto\",\"L_QTY0\":\"1\",\"L_TAXAMT0\":\"0.00\",\"L_AMT0\":\"320.00\",\"L_DESC0\":\"Lorem ipsum dolor sit amet, consectetur adipiscing elit. Fusce ut auctor lacus. Curabitur quis leo eu nulla ornare commodo. Don\",\"L_ITEMWEIGHTVALUE0\":\"   0.00000\",\"L_ITEMLENGTHVALUE0\":\"   0.00000\",\"L_ITEMWIDTHVALUE0\":\"   0.00000\",\"L_ITEMHEIGHTVALUE0\":\"   0.00000\",\"PAYMENTREQUEST_0_ITEMAMT\":\"320.00\",\"PAYMENTREQUEST_0_SHIPPINGAMT\":\"0.00\",\"PAYMENTREQUEST_0_HANDLINGAMT\":\"0.00\",\"PAYMENTREQUEST_0_TAXAMT\":\"0.00\",\"PAYMENTREQUEST_0_INSURANCEAMT\":\"0.00\",\"PAYMENTREQUEST_0_SHIPDISCAMT\":\"0.00\",\"PAYMENTREQUEST_0_INSURANCEOPTIONOFFERED\":\"false\",\"PAYMENTREQUEST_0_SHIPTONAME\":\"p shunmugasundaram\",\"PAYMENTREQUEST_0_SHIPTOSTREET\":\"1 Main St\",\"PAYMENTREQUEST_0_SHIPTOCITY\":\"San Jose\",\"PAYMENTREQUEST_0_SHIPTOSTATE\":\"CA\",\"PAYMENTREQUEST_0_SHIPTOZIP\":\"95131\",\"PAYMENTREQUEST_0_SHIPTOCOUNTRYCODE\":\"US\",\"PAYMENTREQUEST_0_SHIPTOCOUNTRYNAME\":\"United States\",\"PAYMENTREQUEST_0_ADDRESSSTATUS\":\"Confirmed\",\"L_PAYMENTREQUEST_0_TAXAMT0\":\"0.00\",\"L_PAYMENTREQUEST_0_ITEMWEIGHTVALUE0\":\"   0.00000\",\"L_PAYMENTREQUEST_0_ITEMLENGTHVALUE0\":\"   0.00000\",\"L_PAYMENTREQUEST_0_ITEMWIDTHVALUE0\":\"   0.00000\",\"L_PAYMENTREQUEST_0_ITEMHEIGHTVALUE0\":\"   0.00000\",\"PAYMENTREQUESTINFO_0_ERRORCODE\":\"0\",\"SUCCESSPAGEREDIRECTREQUESTED\":\"false\",\"INSURANCEOPTIONSELECTED\":\"false\",\"SHIPPINGOPTIONISDEFAULT\":\"false\",\"PAYMENTINFO_0_TRANSACTIONID\":\"11C325925V840343C\",\"PAYMENTINFO_0_TRANSACTIONTYPE\":\"cart\",\"PAYMENTINFO_0_PAYMENTTYPE\":\"instant\",\"PAYMENTINFO_0_ORDERTIME\":\"2014-08-27T05:28:02Z\",\"PAYMENTINFO_0_AMT\":\"320.00\",\"PAYMENTINFO_0_TAXAMT\":\"0.00\",\"PAYMENTINFO_0_CURRENCYCODE\":\"CAD\",\"PAYMENTINFO_0_PAYMENTSTATUS\":\"Pending\",\"PAYMENTINFO_0_PENDINGREASON\":\"multicurrency\",\"PAYMENTINFO_0_REASONCODE\":\"None\",\"PAYMENTINFO_0_PROTECTIONELIGIBILITY\":\"Eligible\",\"PAYMENTINFO_0_PROTECTIONELIGIBILITYTYPE\":\"ItemNotReceivedEligible,UnauthorizedPaymentEligible\",\"PAYMENTINFO_0_ERRORCODE\":\"0\",\"PAYMENTINFO_0_ACK\":\"Success\",\"PAYMENTREQUEST_0_TRANSACTIONID\":\"11C325925V840343C\",\"PAYMENTREQUESTINFO_0_TRANSACTIONID\":\"11C325925V840343C\",\"PAYMENTREQUEST_0_TRANSACTIONTYPE\":\"cart\",\"PAYMENTREQUEST_0_PAYMENTTYPE\":\"instant\",\"PAYMENTREQUEST_0_ORDERTIME\":\"2014-08-27T05:28:02Z\",\"PAYMENTREQUEST_0_PAYMENTSTATUS\":\"Pending\",\"PAYMENTREQUEST_0_PENDINGREASON\":\"multicurrency\",\"PAYMENTREQUEST_0_REASONCODE\":\"None\"}'),(8,'{\"PAYMENTREQUEST_0_CURRENCYCODE\":\"USD\",\"PAYMENTREQUEST_0_AMT\":320.4,\"L_PAYMENTREQUEST_0_AMT0\":320.4,\"L_PAYMENTREQUEST_0_QTY0\":1,\"L_PAYMENTREQUEST_0_NAME0\":\"test\",\"L_PAYMENTREQUEST_0_DESC0\":\"test\",\"RETURNURL\":\"http:\\/\\/w139.venacuba.com\\/payment\\/capture\\/bAaPTGuDGXJF6nW2a8Y3jPdR4RzBYUnRf4z9g9ZGeto\",\"CANCELURL\":\"http:\\/\\/w139.venacuba.com\\/payment\\/capture\\/bAaPTGuDGXJF6nW2a8Y3jPdR4RzBYUnRf4z9g9ZGeto\",\"INVNUM\":8,\"PAYMENTREQUEST_0_PAYMENTACTION\":\"Sale\",\"TOKEN\":\"EC-5DT755309X8010242\",\"TIMESTAMP\":\"2014-10-18T21:54:53Z\",\"CORRELATIONID\":\"5894c530b357d\",\"ACK\":\"Success\",\"VERSION\":\"65.1\",\"BUILD\":\"000000\"}'),(9,'{\"PAYMENTREQUEST_0_CURRENCYCODE\":\"CAD\",\"PAYMENTREQUEST_0_AMT\":1800,\"L_PAYMENTREQUEST_0_AMT0\":1800,\"L_PAYMENTREQUEST_0_QTY0\":1,\"L_PAYMENTREQUEST_0_NAME0\":\"test\",\"L_PAYMENTREQUEST_0_DESC0\":\"test\",\"RETURNURL\":\"http:\\/\\/w156.venacuba.com\\/payment\\/capture\\/PoYQLpcf2pqYpxaiH13eiqUeMTT08SCbvsNPnOhb8i8\",\"CANCELURL\":\"http:\\/\\/w156.venacuba.com\\/payment\\/capture\\/PoYQLpcf2pqYpxaiH13eiqUeMTT08SCbvsNPnOhb8i8\",\"INVNUM\":9,\"PAYMENTREQUEST_0_PAYMENTACTION\":\"Sale\",\"TOKEN\":\"EC-2158538955871181J\",\"TIMESTAMP\":\"2014-10-20T18:52:57Z\",\"CORRELATIONID\":\"8bead211583d5\",\"ACK\":\"Success\",\"VERSION\":\"65.1\",\"BUILD\":\"13443904\"}'),(0,'{\"PAYMENTREQUEST_0_CURRENCYCODE\":\"CAD\",\"PAYMENTREQUEST_0_AMT\":7.5,\"L_PAYMENTREQUEST_0_AMT0\":7.5,\"L_PAYMENTREQUEST_0_QTY0\":1,\"L_PAYMENTREQUEST_0_NAME0\":\"Ana Maria\'s House\",\"L_PAYMENTREQUEST_0_DESC0\":\"Ana Maria\'s\",\"RETURNURL\":\"http:\\/\\/w139.venacuba.com\\/payment\\/capture\\/5E0Al25rydq_1D-1rTR07YQY3hdLvZyAcuVW36jvY4E\",\"CANCELURL\":\"http:\\/\\/w139.venacuba.com\\/payment\\/capture\\/5E0Al25rydq_1D-1rTR07YQY3hdLvZyAcuVW36jvY4E\",\"INVNUM\":0,\"PAYMENTREQUEST_0_PAYMENTACTION\":\"Sale\",\"TOKEN\":\"EC-5SJ616109W777741U\",\"TIMESTAMP\":\"2014-11-18T04:20:41Z\",\"CORRELATIONID\":\"73ca5dbfbe7bc\",\"ACK\":\"Success\",\"VERSION\":\"65.1\",\"BUILD\":\"13630372\"}');
/*!40000 ALTER TABLE `payum_payment_details` ENABLE KEYS */;
UNLOCK TABLES;

--
-- Table structure for table `review`
--

DROP TABLE IF EXISTS `review`;
/*!40101 SET @saved_cs_client     = @@character_set_client */;
/*!40101 SET character_set_client = utf8 */;
CREATE TABLE `review` (
  `review_id` int(11) NOT NULL AUTO_INCREMENT,
  `user_id` int(11) NOT NULL,
  `review_type` enum('Destination','Hostal','Story') COLLATE utf8_unicode_ci NOT NULL,
  `type_id` int(11) NOT NULL COMMENT 'Destination, Hostal and Story id',
  `rating` int(11) NOT NULL,
  `review` varchar(255) COLLATE utf8_unicode_ci DEFAULT NULL,
  `lan` varchar(2) COLLATE utf8_unicode_ci NOT NULL,
  `created_date` timestamp NOT NULL DEFAULT CURRENT_TIMESTAMP,
  `status` enum('Active','Inactive') COLLATE utf8_unicode_ci NOT NULL DEFAULT 'Active',
  PRIMARY KEY (`review_id`),
  KEY `user_id` (`user_id`),
  CONSTRAINT `review_ibfk_1` FOREIGN KEY (`user_id`) REFERENCES `user` (`user_id`) ON DELETE CASCADE ON UPDATE CASCADE
) ENGINE=InnoDB AUTO_INCREMENT=16 DEFAULT CHARSET=utf8 COLLATE=utf8_unicode_ci;
/*!40101 SET character_set_client = @saved_cs_client */;

--
-- Dumping data for table `review`
--

LOCK TABLES `review` WRITE;
/*!40000 ALTER TABLE `review` DISABLE KEYS */;
INSERT INTO `review` VALUES (1,19,'Destination',3,3,'hello','fr','2014-10-13 04:11:00','Active'),(2,23,'Destination',3,4,'good place','en','2014-10-13 14:18:53','Active'),(3,23,'Destination',3,5,'good to see','en','2014-10-13 14:21:28','Active'),(4,13,'Hostal',5,5,'Best site ever !!!','en','2014-10-18 23:26:20','Active'),(5,34,'Hostal',5,5,'Test!!! This is awesome!!!','en','2014-10-21 07:11:56','Active'),(6,34,'Destination',4,1,'Que ciudad mas suciaaaaa!!!!','en','2014-10-21 07:47:03','Active'),(7,30,'Destination',4,4,'dskjfhkjs','en','2014-10-27 11:35:13','Active'),(8,13,'Destination',4,3,'I found it to be rather loud :-(','en','2014-10-27 18:34:44','Active'),(9,13,'Destination',4,5,'sfasdfdf','en','2014-10-27 18:36:58','Active'),(10,30,'Destination',3,4,'test','en','2014-10-28 09:33:45','Active'),(11,30,'Destination',4,4,'good to see ','en','2014-10-29 14:05:26','Active'),(12,13,'Hostal',7,4,'Very nice place !','en','2014-10-29 15:59:17','Active'),(14,59,'Hostal',9,5,'esto es una prueba.perfecto al crear mi cuenta en la web me funciono muy rapido.','es','2014-12-23 01:05:21','Active'),(15,59,'Hostal',9,5,'Se ve muy bien los  banner de la casa.','es','2014-12-23 03:51:35','Active');
/*!40000 ALTER TABLE `review` ENABLE KEYS */;
UNLOCK TABLES;

--
-- Table structure for table `settings`
--

DROP TABLE IF EXISTS `settings`;
/*!40101 SET @saved_cs_client     = @@character_set_client */;
/*!40101 SET character_set_client = utf8 */;
CREATE TABLE `settings` (
  `setting_id` int(11) NOT NULL AUTO_INCREMENT,
  `reservation_charge` double(8,2) NOT NULL COMMENT 'percentage',
  `booking_percentage` double(8,2) NOT NULL COMMENT 'percentage',
  `booking_confirmation_days` int(11) NOT NULL COMMENT 'days',
  PRIMARY KEY (`setting_id`)
) ENGINE=InnoDB AUTO_INCREMENT=2 DEFAULT CHARSET=latin1;
/*!40101 SET character_set_client = @saved_cs_client */;

--
-- Dumping data for table `settings`
--

LOCK TABLES `settings` WRITE;
/*!40000 ALTER TABLE `settings` DISABLE KEYS */;
INSERT INTO `settings` VALUES (1,5.00,20.00,12);
/*!40000 ALTER TABLE `settings` ENABLE KEYS */;
UNLOCK TABLES;

--
-- Table structure for table `social_link`
--

DROP TABLE IF EXISTS `social_link`;
/*!40101 SET @saved_cs_client     = @@character_set_client */;
/*!40101 SET character_set_client = utf8 */;
CREATE TABLE `social_link` (
  `social_link_id` int(11) NOT NULL AUTO_INCREMENT,
  `site` varchar(50) COLLATE utf8_unicode_ci NOT NULL,
  `link` text COLLATE utf8_unicode_ci NOT NULL,
  `created_date` timestamp NOT NULL DEFAULT CURRENT_TIMESTAMP,
  PRIMARY KEY (`social_link_id`)
) ENGINE=InnoDB AUTO_INCREMENT=6 DEFAULT CHARSET=utf8 COLLATE=utf8_unicode_ci;
/*!40101 SET character_set_client = @saved_cs_client */;

--
-- Dumping data for table `social_link`
--

LOCK TABLES `social_link` WRITE;
/*!40000 ALTER TABLE `social_link` DISABLE KEYS */;
INSERT INTO `social_link` VALUES (1,'Facebook','http://www.facebook.com/','2014-06-14 12:09:21'),(2,'Twitter','http://www.twitter.com','2014-06-14 12:10:14'),(3,'Trip Advisor','http://www.tripadvisor.com','2014-06-14 12:10:45'),(4,'Flickr','http://www.flicker.com','2014-06-14 12:11:19'),(5,'Youtube','http://www.youtube.com/','2014-06-14 12:11:43');
/*!40000 ALTER TABLE `social_link` ENABLE KEYS */;
UNLOCK TABLES;

--
-- Table structure for table `states`
--

DROP TABLE IF EXISTS `states`;
/*!40101 SET @saved_cs_client     = @@character_set_client */;
/*!40101 SET character_set_client = utf8 */;
CREATE TABLE `states` (
  `sid` int(11) NOT NULL AUTO_INCREMENT,
  `cid` int(11) NOT NULL,
  `state` varchar(150) NOT NULL,
  `code` varchar(150) NOT NULL,
  PRIMARY KEY (`sid`)
) ENGINE=InnoDB AUTO_INCREMENT=7757 DEFAULT CHARSET=latin1;
/*!40101 SET character_set_client = @saved_cs_client */;

--
-- Dumping data for table `states`
--

LOCK TABLES `states` WRITE;
/*!40000 ALTER TABLE `states` DISABLE KEYS */;
INSERT INTO `states` VALUES (1,1,'Alabama','USAL'),(2,1,'Alaska','USAK'),(3,1,'American Samoa','USAS'),(4,1,'Arizona','USAZ'),(5,1,'Arkansas','USAR'),(6,1,'California','USCA'),(7,1,'Colorado','USCO'),(8,1,'Connecticut','USCT'),(9,1,'Delaware','USDE'),(10,1,'District of Columbia','USDC'),(11,1,'Florida','USFL'),(12,1,'Georgia','USGA'),(13,1,'Guam','USGU'),(14,1,'Hawaii','USHI'),(15,1,'Idaho','USID'),(16,1,'Illinois','USIL'),(17,1,'Indiana','USIN'),(18,1,'Iowa','USIA'),(19,1,'Kansas','USKS'),(20,1,'Kentucky','USKY'),(21,1,'Louisiana','USLA'),(22,1,'Maine','USME'),(23,1,'Marshall Islands','USMH'),(24,1,'Maryland','USMD'),(25,1,'Massachusetts','USMA'),(26,1,'Michigan','USMI'),(27,1,'Micronesia','USFM'),(28,1,'Minnesota','USMN'),(29,1,'Mississippi','USMS'),(30,1,'Missouri','USMO'),(31,1,'Montana','USMT'),(32,1,'N. Mariana Islands','USMP'),(33,1,'Nebraska','USNE'),(34,1,'Nevada','USNV'),(35,1,'New Hampshire','USNH'),(36,1,'New Jersey','USNJ'),(37,1,'New Mexico','USNM'),(38,1,'New York','USNY'),(39,1,'North Carolina','USNC'),(40,1,'North Dakota','USND'),(41,1,'Ohio','USOH'),(42,1,'Oklahoma','USOK'),(43,1,'Oregon','USOR'),(44,1,'Pennsylvania','USPA'),(45,1,'Republic of Palau','USPW'),(46,1,'Rhode Island','USRI'),(47,1,'South Carolina','USSC'),(48,1,'South Dakota','USSD'),(49,1,'Tennessee','USTN'),(50,1,'Texas','USTX'),(51,1,'U.S. Virgin Islands','USVI'),(52,1,'Utah','USUT'),(53,1,'Vermont','USVT'),(54,1,'Virginia','USVA'),(55,1,'Washington','USWA'),(56,1,'West Virginia','USWV'),(57,1,'Wisconsin','USWI'),(58,1,'Wyoming','USWY'),(59,2,'Alberta','CA01'),(60,2,'British Columbia','CA02'),(61,2,'Manitoba','CA03'),(62,2,'New Brunswick','CA04'),(63,2,'Newfoundland','CA05'),(64,2,'Northwest Territories','CA13'),(65,2,'Nova Scotia','CA07'),(66,2,'Nunavut','CA14'),(67,2,'Ontario','CA08'),(68,2,'Prince Edward Island','CA09'),(69,2,'Quebec','CA10'),(70,2,'Saskatchewan','CA11'),(71,2,'Yukon Territory','CA12'),(72,3,'Avon','UK01'),(73,3,'Bedfordshire','UK02'),(74,3,'Berkshire','UK03'),(75,3,'Borders','UK04'),(76,3,'Buckinghamshire','UK05'),(77,3,'Cambridgeshire','UK06'),(78,3,'Central','UK07'),(79,3,'Cheshire','UK08'),(80,3,'Cleveland','UK09'),(81,3,'Clwyd','UK10'),(82,3,'Cornwall','UK11'),(83,3,'Cumbria','UK12'),(84,3,'Derbyshire','UK13'),(85,3,'Devon','UK14'),(86,3,'Dorset','UK15'),(87,3,'Dumfries and Galloway','UK16'),(88,3,'Durham','UK17'),(89,3,'Dyfed','UK18'),(90,3,'East Sussex','UK19'),(91,3,'Essex','UK20'),(92,3,'Fife','UK21'),(93,3,'Gloucestershire','UK22'),(94,3,'Grampian','UK23'),(95,3,'Greater London','UK24'),(96,3,'Greater Manchester','UK25'),(97,3,'Gwent','UK26'),(98,3,'Gwynedd','UK27'),(99,3,'Hampshire','UK28'),(100,3,'Hereford and Worcester','UK29'),(101,3,'Hertfordshire','UK30'),(102,3,'Highland','UK31'),(103,3,'Humberside','UK32'),(104,3,'Isle of Man','UK33'),(105,3,'Isle of Wight','UK34'),(106,3,'Kent','UK35'),(107,3,'Lancashire','UK36'),(108,3,'Leicestershire','UK37'),(109,3,'Limavady','UK68'),(110,3,'Lincolnshire','UK38'),(111,3,'Lothian','UK39'),(112,3,'Merseyside','UK40'),(113,3,'Mid Glamorgan','UK41'),(114,3,'Norfolk','UK42'),(115,3,'North Yorkshire','UK43'),(116,3,'Northamptonshire','UK44'),(117,3,'Northumberland','UK45'),(118,3,'Nottinghamshire','UK46'),(119,3,'OTHER PROVINCE','UK00'),(120,3,'Orkney','UK47'),(121,3,'Oxfordshire','UK48'),(122,3,'Powys','UK49'),(123,3,'Shetland','UK50'),(124,3,'Shropshire','UK51'),(125,3,'Somerset','UK52'),(126,3,'South Glamorgan','UK53'),(127,3,'South Yorkshire','UK54'),(128,3,'Staffordshire','UK55'),(129,3,'Strathclyde','UK56'),(130,3,'Suffolk','UK57'),(131,3,'Surrey','UK58'),(132,3,'Tayside','UK59'),(133,3,'Tyne and Wear','UK60'),(134,3,'Warwickshire','UK61'),(135,3,'West Glamorgan','UK62'),(136,3,'West Midlands','UK63'),(137,3,'West Sussex','UK64'),(138,3,'West Yorkshire','UK65'),(139,3,'Western Isles','UK66'),(140,3,'Wiltshire','UK67'),(142,5,'AF04','AF04'),(143,5,'AF12','AF12'),(144,5,'AF25','AF25'),(145,5,'Badakhshan','AF01'),(146,5,'Badghis','AF02'),(147,5,'Baghlan','AF03'),(148,5,'Balkh','AF30'),(149,5,'Bamian','AF05'),(150,5,'Farah','AF06'),(151,5,'Faryab','AF07'),(152,5,'Ghazni','AF08'),(153,5,'Ghowr','AF09'),(154,5,'Helmand','AF10'),(155,5,'Herat','AF11'),(156,5,'Jowzjan','AF31'),(157,5,'Kabol','AF13'),(158,5,'Kandahar','AF23'),(159,5,'Kapisa','AF14'),(160,5,'Konar','AF15'),(161,5,'Kondoz','AF24'),(162,5,'Laghman','AF16'),(163,5,'Lowgar','AF17'),(164,5,'Nangarhar','AF18'),(165,5,'Nimruz','AF19'),(166,5,'OTHER PROVINCES','AF00'),(167,5,'Oruzgan','AF20'),(168,5,'Paktia','AF21'),(169,5,'Paktika','AF29'),(170,5,'Parvan','AF22'),(171,5,'Samangan','AF32'),(172,5,'Sare Pol','AF33'),(173,5,'Takhar','AF26'),(174,5,'Vardak','AF27'),(175,5,'Zabol','AF28'),(176,6,'Berat','AL01'),(177,6,'Bulqize','AL29'),(178,6,'Delvine','AL30'),(179,6,'Devoll','AL31'),(180,6,'Diber','AL02'),(181,6,'Durres','AL03'),(182,6,'Elbasan','AL04'),(183,6,'Fier','AL05'),(184,6,'Gjirokaster','AL06'),(185,6,'Gramsh','AL07'),(186,6,'Has','AL32'),(187,6,'Kavaje','AL33'),(188,6,'Kolonje','AL08'),(189,6,'Korce','AL09'),(190,6,'Kruje','AL10'),(191,6,'Kucove','AL34'),(192,6,'Kukes','AL11'),(193,6,'Lac','AL35'),(194,6,'Lezhe','AL12'),(195,6,'Librazhd','AL13'),(196,6,'Lushnje','AL14'),(197,6,'Malesi e Madhe','AL36'),(198,6,'Mallakaster','AL37'),(199,6,'Mat','AL15'),(200,6,'Mirdite','AL16'),(201,6,'OTHER PROVINCES','AL00'),(202,6,'Peqin','AL38'),(203,6,'Permet','AL17'),(204,6,'Pogradec','AL18'),(205,6,'Puke','AL19'),(206,6,'Sarande','AL20'),(207,6,'Shkoder','AL21'),(208,6,'Skrapar','AL22'),(209,6,'Tepelene','AL23'),(210,6,'Tiran','AL28'),(211,6,'Tirane','AL39'),(212,6,'Tropoje','AL26'),(213,6,'Vlore','AL27'),(214,7,'Adrar','AG34'),(215,7,'Ain Defla','AG35'),(216,7,'Ain Temouchent','AG36'),(217,7,'Alger','AG01'),(218,7,'Annaba','AG37'),(219,7,'Batna','AG03'),(220,7,'Bechar','AG38'),(221,7,'Bejaia','AG18'),(222,7,'Biskra','AG19'),(223,7,'Blida','AG20'),(224,7,'Bordj Bou Arreridj','AG39'),(225,7,'Bouira','AG21'),(226,7,'Boumerdes','AG40'),(227,7,'Chlef','AG41'),(228,7,'Constantine','AG04'),(229,7,'Djelfa','AG22'),(230,7,'El Bayadh','AG42'),(231,7,'El Oued','AG43'),(232,7,'Illizi','AG46'),(233,7,'Jijel','AG24'),(234,7,'Khenchela','AG47'),(235,7,'Laghouat','AG25'),(236,7,'M\'Sila','AG27'),(237,7,'Mascara','AG26'),(238,7,'Medea','AG06'),(239,7,'Mila','AG48'),(240,7,'Mostaganem','AG07'),(241,7,'Naama','AG49'),(242,7,'OTHER PROVINCES','AG00'),(243,7,'Oran','AG09'),(244,7,'Ouargla','AG50'),(245,7,'Oum el Bouaghi','AG29'),(246,7,'Relizane','AG51'),(247,7,'Saida','AG10'),(248,7,'Setif','AG12'),(249,7,'Sidi Bel Abbes','AG30'),(250,7,'Skikda','AG31'),(251,7,'Souk Ahras','AG52'),(252,7,'Tamanghasset','AG53'),(253,7,'Tebessa','AG33'),(254,7,'Tiaret','AG13'),(255,7,'Tindouf','AG54'),(256,7,'Tipaza','AG55'),(257,7,'Tissemsilt','AG56'),(258,7,'Tizi Ouzou','AG14'),(259,7,'Tlemcen','AG15'),(260,8,'OTHER PROVINCES','AN00'),(261,9,'Bengo','AO19'),(262,9,'Benguela','AO01'),(263,9,'Bie','AO02'),(264,9,'Cabinda','AO03'),(265,9,'Cuando Cubango','AO04'),(266,9,'Cuanza Norte','AO05'),(267,9,'Cuanza Sul','AO06'),(268,9,'Cunene','AO07'),(269,9,'Huambo','AO08'),(270,9,'Huila','AO09'),(271,9,'Luanda','AO10'),(272,9,'Lunda Norte','AO17'),(273,9,'Lunda Sul','AO18'),(274,9,'Malanje','AO12'),(275,9,'Moxico','AO14'),(276,9,'Namibe','AO13'),(277,9,'Uige','AO15'),(278,9,'Zaire','AO16'),(279,10,'OTHER PROVINCES','AV00'),(280,11,'Barbuda','AC01'),(281,11,'OTHER PROVINCES','AC00'),(282,11,'Saint George','AC03'),(283,11,'Saint John','AC04'),(284,11,'Saint Mary','AC05'),(285,11,'Saint Paul','AC06'),(286,11,'Saint Peter','AC07'),(287,11,'Saint Philip','AC08'),(288,12,'Buenos Aires','AR01'),(289,12,'Catamarca','AR02'),(290,12,'Chaco','AR03'),(291,12,'Chubut','AR04'),(292,12,'Cordoba','AR05'),(293,12,'Corrientes','AR06'),(294,12,'Distrito Federal','AR07'),(295,12,'Entre Rios','AR08'),(296,12,'Formosa','AR09'),(297,12,'Jujuy','AR10'),(298,12,'La Pampa','AR11'),(299,12,'La Rioja','AR12'),(300,12,'Mendoza','AR13'),(301,12,'Misiones','AR14'),(302,12,'Neuquen','AR15'),(303,12,'Rio Negro','AR16'),(304,12,'Salta','AR17'),(305,12,'San Juan','AR18'),(306,12,'San Luis','AR19'),(307,12,'Santa Cruz','AR20'),(308,12,'Santa Fe','AR21'),(309,12,'Santiago del Estero','AR22'),(310,12,'Tierra del Fuego, Antartida e Islas del Atlantico Sur','AR23'),(311,12,'Tucuman','AR24'),(312,13,'Aragatsotn','AM01'),(313,13,'Ararat','AM02'),(314,13,'Armavir','AM03'),(315,13,'Geghark\'unik\'','AM04'),(316,13,'Kotayk\'','AM05'),(317,13,'Lorri','AM06'),(318,13,'OTHER PROVINCES','AM00'),(319,13,'Shirak','AM07'),(320,13,'Syunik\'','AM08'),(321,13,'Tavush','AM09'),(322,13,'Vayots\' Dzor','AM10'),(323,13,'Yerevan','AM11'),(324,14,'OTHER PROVINCES','AA00'),(325,15,'Australian Capital Territory','AS01'),(326,15,'New South Wales','AS02'),(327,15,'Northern Territory','AS03'),(328,15,'OTHER PROVINCES','AS00'),(329,15,'Queensland','AS04'),(330,15,'South Australia','AS05'),(331,15,'Tasmania','AS06'),(332,15,'Victoria','AS07'),(333,15,'Western Australia','AS08'),(334,16,'Burgenland','AU01'),(335,16,'Karnten','AU02'),(336,16,'Niederosterreich','AU03'),(337,16,'OTHER PROVINCES','AU00'),(338,16,'Oberosterreich','AU04'),(339,16,'Salzburg','AU05'),(340,16,'Steiermark','AU06'),(341,16,'Tirol','AU07'),(342,16,'Vorarlberg','AU08'),(343,16,'Wien','AU09'),(344,17,'Abseron','AJ01'),(345,17,'Agcabadi','AJ02'),(346,17,'Agdam','AJ03'),(347,17,'Agdas','AJ04'),(348,17,'Agstafa','AJ05'),(349,17,'Agsu','AJ06'),(350,17,'Ali Bayramli','AJ07'),(351,17,'Astara','AJ08'),(352,17,'Baki','AJ09'),(353,17,'Balakan','AJ10'),(354,17,'Barda','AJ11'),(355,17,'Beylaqan','AJ12'),(356,17,'Bilasuvar','AJ13'),(357,17,'Cabrayil','AJ14'),(358,17,'Calilabad','AJ15'),(359,17,'Daskasan','AJ16'),(360,17,'Davaci','AJ17'),(361,17,'Fuzuli','AJ18'),(362,17,'Gadabay','AJ19'),(363,17,'Ganca','AJ20'),(364,17,'Goranboy','AJ21'),(365,17,'Goycay','AJ22'),(366,17,'Haciqabul','AJ23'),(367,17,'Imisli','AJ24'),(368,17,'Ismayilli','AJ25'),(369,17,'Kalbacar','AJ26'),(370,17,'Kurdamir','AJ27'),(371,17,'Lacin','AJ28'),(372,17,'Lankaran','AJ29'),(373,17,'Lankaran','AJ30'),(374,17,'Lerik','AJ31'),(375,17,'Masalli','AJ32'),(376,17,'Mingacevir','AJ33'),(377,17,'Naftalan','AJ34'),(378,17,'Naxcivan','AJ35'),(379,17,'Neftcala','AJ36'),(380,17,'OTHER PROVINCES','AJ00'),(381,17,'Oguz','AJ37'),(382,17,'Qabala','AJ38'),(383,17,'Qax','AJ39'),(384,17,'Qazax','AJ40'),(385,17,'Qobustan','AJ41'),(386,17,'Quba','AJ42'),(387,17,'Qubadli','AJ43'),(388,17,'Qusar','AJ44'),(389,17,'Saatli','AJ45'),(390,17,'Sabirabad','AJ46'),(391,17,'Saki','AJ47'),(392,17,'Saki','AJ48'),(393,17,'Salyan','AJ49'),(394,17,'Samaxi','AJ50'),(395,17,'Samkir','AJ51'),(396,17,'Samux','AJ52'),(397,17,'Siyazan','AJ53'),(398,17,'Sumqayit','AJ54'),(399,17,'Susa','AJ55'),(400,17,'Susa','AJ56'),(401,17,'Tartar','AJ57'),(402,17,'Tovuz','AJ58'),(403,17,'Ucar','AJ59'),(404,17,'Xacmaz','AJ60'),(405,17,'Xankandi','AJ61'),(406,17,'Xanlar','AJ62'),(407,17,'Xizi','AJ63'),(408,17,'Xocali','AJ64'),(409,17,'Xocavand','AJ65'),(410,17,'Yardimli','AJ66'),(411,17,'Yevlax','AJ67'),(412,17,'Yevlax','AJ68'),(413,17,'Zangilan','AJ69'),(414,17,'Zaqatala','AJ70'),(415,17,'Zardab','AJ71'),(416,18,'Acklins and Crooked Islands','BF24'),(417,18,'Bimini','BF05'),(418,18,'Cat Island','BF06'),(419,18,'Exuma','BF10'),(420,18,'Freeport','BF25'),(421,18,'Fresh Creek','BF26'),(422,18,'Governor\'s Harbour','BF27'),(423,18,'Green Turtle Cay','BF28'),(424,18,'Harbour Island','BF22'),(425,18,'High Rock','BF29'),(426,18,'Inagua','BF13'),(427,18,'Kemps Bay','BF30'),(428,18,'Long Island','BF15'),(429,18,'Marsh Harbour','BF31'),(430,18,'Mayaguana','BF16'),(431,18,'New Providence','BF23'),(432,18,'Nichollstown and Berry Islands','BF32'),(433,18,'Ragged Island','BF18'),(434,18,'Rock Sound','BF33'),(435,18,'San Salvador and Rum Cay','BF35'),(436,18,'Sandy Point','BF34'),(437,19,'Al Hadd','BA01'),(438,19,'Al Manamah','BA02'),(439,19,'Al Mintaqah al Gharbiyah','BA08'),(440,19,'Al Mintaqah al Wusta','BA11'),(441,19,'Al Mintaqah ash Shamaliyah','BA10'),(442,19,'Al Muharraq','BA03'),(443,19,'Ar Rifa\' wa al Mintaqah al Janubiyah','BA13'),(444,19,'BA07','BA07'),(445,19,'Jidd Hafs','BA05'),(446,19,'Madinat Isa','BA12'),(447,19,'Mintaqat Juzur Hawar','BA09'),(448,19,'Sitrah','BA06'),(449,20,'Chittagong','BG80'),(450,20,'Dhaka','BG81'),(451,20,'Khulna','BG82'),(452,20,'OTHER PROVINCES','BG00'),(453,20,'Rajshahi','BG83'),(454,21,'Christ Church','BB01'),(455,21,'OTHER PROVINCES','BB00'),(456,21,'Saint Andrew','BB02'),(457,21,'Saint George','BB03'),(458,21,'Saint James','BB04'),(459,21,'Saint John','BB05'),(460,21,'Saint Joseph','BB06'),(461,21,'Saint Lucy','BB07'),(462,21,'Saint Michael','BB08'),(463,21,'Saint Peter','BB09'),(464,21,'Saint Philip','BB10'),(465,21,'Saint Thomas','BB11'),(466,22,'Brestskaya Voblasts\'','BO01'),(467,22,'Homyel\'skaya Voblasts\'','BO02'),(468,22,'Hrodzyenskaya Voblasts\'','BO03'),(469,22,'Mahilyowskaya Voblasts\'','BO06'),(470,22,'Minsk','BO04'),(471,22,'OTHER PROVINCES','BO00'),(472,22,'Vitsyebskaya Voblasts\'','BO07'),(473,23,'Antwerpen','BE01'),(474,23,'Brabant','BE02'),(475,23,'Hainaut','BE03'),(476,23,'Liege','BE04'),(477,23,'Limburg','BE05'),(478,23,'Luxembourg','BE06'),(479,23,'Namur','BE07'),(480,23,'OTHER PROVINCES','BE00'),(481,23,'Oost-Vlaanderen','BE08'),(482,23,'West-Vlaanderen','BE09'),(483,24,'Belize','BH01'),(484,24,'Cayo','BH02'),(485,24,'Corozal','BH03'),(486,24,'Orange Walk','BH04'),(487,24,'Stann Creek','BH05'),(488,24,'Toledo','BH06'),(489,25,'Atlantique','BN02'),(490,25,'Mono','BN04'),(491,25,'OTHER PROVINCES','BN00'),(492,25,'Oueme','BN05'),(493,26,'Devonshire','BD01'),(494,26,'Hamilton','BD02'),(495,26,'Hamilton','BD03'),(496,26,'Paget','BD04'),(497,26,'Saint George','BD06'),(498,26,'Saint George\'s','BD07'),(499,26,'Sandys','BD08'),(500,26,'Smiths','BD09'),(501,26,'Warwick','BD11'),(502,27,'Bumthang','BT05'),(503,27,'Chhukha','BT06'),(504,27,'Chirang','BT07'),(505,27,'Daga','BT08'),(506,27,'Geylegphug','BT09'),(507,27,'Ha','BT10'),(508,27,'Lhuntshi','BT11'),(509,27,'Mongar','BT12'),(510,27,'OTHER PROVINCES','BT00'),(511,27,'Paro','BT13'),(512,27,'Pemagatsel','BT14'),(513,27,'Punakha','BT15'),(514,27,'Samchi','BT16'),(515,27,'Samdrup','BT17'),(516,27,'Shemgang','BT18'),(517,27,'Tashigang','BT19'),(518,27,'Thimphu','BT20'),(519,27,'Tongsa','BT21'),(520,27,'Wangdi Phodrang','BT22'),(521,28,'Chuquisaca','BL01'),(522,28,'Cochabamba','BL02'),(523,28,'El Beni','BL03'),(524,28,'La Paz','BL04'),(525,28,'OTHER PROVINCES','BL00'),(526,28,'Oruro','BL05'),(527,28,'Pando','BL06'),(528,28,'Potosi','BL07'),(529,28,'Santa Cruz','BL08'),(530,28,'Tarija','BL09'),(531,29,'OTHER PROVINCES','BK00'),(532,30,'OTHER PROVINCES','BC00'),(533,31,'Acre','BR01'),(534,31,'Alagoas','BR02'),(535,31,'Amapa','BR03'),(536,31,'Amazonas','BR04'),(537,31,'Bahia','BR05'),(538,31,'Ceara','BR06'),(539,31,'Distrito Federal','BR07'),(540,31,'Espirito Santo','BR08'),(541,31,'Fernando de Noronha','BR09'),(542,31,'Goias','BR10'),(543,31,'Maranhao','BR13'),(544,31,'Mato Grosso','BR14'),(545,31,'Mato Grosso do Sul','BR11'),(546,31,'Minas Gerais','BR15'),(547,31,'OTHER PROVINCES','BR00'),(548,31,'Paraiba','BR17'),(549,31,'Parana','BR18'),(550,31,'Paro','BR16'),(551,31,'Pernambuco','BR19'),(552,31,'Piaui','BR20'),(553,31,'Rio Grande do Norte','BR22'),(554,31,'Rio Grande do Sul','BR23'),(555,31,'Rio de Janeiro','BR21'),(556,31,'Rondonia','BR24'),(557,31,'Roraima','BR25'),(558,31,'Santa Catarina','BR26'),(559,31,'Sao Paulo','BR27'),(560,31,'Sergipe','BR28'),(561,31,'Tocantins','BR31'),(562,32,'OTHER PROVINCES','VI00'),(563,33,'OTHER PROVINCES','BX00'),(564,34,'Burgas','BU29'),(565,34,'Grad Sofiya','BU30'),(566,34,'Khaskovo','BU31'),(567,34,'Lovech','BU32'),(568,34,'Montana','BU33'),(569,34,'OTHER PROVINCES','BU00'),(570,34,'Plovdiv','BU34'),(571,34,'Ruse','BU35'),(572,34,'Sofiya','BU36'),(573,34,'Varna','BU37'),(574,35,'Bam','UV15'),(575,35,'Bazega','UV16'),(576,35,'Bougouriba','UV17'),(577,35,'Boulgou','UV18'),(578,35,'Boulkiemde','UV19'),(579,35,'Ganzourgou','UV20'),(580,35,'Gnagna','UV21'),(581,35,'Gourma','UV22'),(582,35,'Houe','UV23'),(583,35,'Kadiogo','UV24'),(584,35,'Kenedougou','UV25'),(585,35,'Kossi','UV27'),(586,35,'Kouritenga','UV28'),(587,35,'Mouhoun','UV29'),(588,35,'Namentenga','UV30'),(589,35,'Naouri','UV31'),(590,35,'OTHER PROVINCES','UV00'),(591,35,'Oubritenga','UV32'),(592,35,'Oudalan','UV33'),(593,35,'Passore','UV34'),(594,35,'Poni','UV35'),(595,35,'Sanguie','UV36'),(596,35,'Sanmatenga','UV37'),(597,35,'Seno','UV38'),(598,35,'Sissili','UV39'),(599,35,'Soum','UV40'),(600,35,'Sourou','UV41'),(601,35,'Tapoa','UV42'),(602,35,'Yatenga','UV43'),(603,35,'Zoundweogo','UV44'),(604,36,'Bubanza','BY09'),(605,36,'Cibitoke','BY12'),(606,36,'OTHER PROVINCES','BY00'),(607,37,'Batdambang','CB01'),(608,37,'Batdambang','CB20'),(609,37,'Kampong Cham','CB02'),(610,37,'Kampong Chhnang','CB03'),(611,37,'Kampong Spoe','CB04'),(612,37,'Kampong Thum','CB05'),(613,37,'Kampot','CB06'),(614,37,'Kandal','CB07'),(615,37,'Kaoh Kong','CB08'),(616,37,'Krachen','CB09'),(617,37,'Mondol Kiri','CB10'),(618,37,'OTHER PROVINCES','CB00'),(619,37,'Phnum Penh','CB11'),(620,37,'Pouthisat','CB12'),(621,37,'Preah Vihear','CB13'),(622,37,'Prey Veng','CB14'),(623,37,'Rotanokiri','CB15'),(624,37,'Siemreab-Otdar Meanchey','CB16'),(625,37,'Stoeng Treng','CB17'),(626,37,'Svay Rieng','CB18'),(627,37,'Takev','CB19'),(628,38,'Adamaoua','CM10'),(629,38,'Centre','CM11'),(630,38,'Est','CM04'),(631,38,'ExtremeNord','CM12'),(632,38,'Littoral','CM05'),(633,38,'Nord','CM13'),(634,38,'NordOuest','CM07'),(635,38,'OTHER PROVINCES','CM00'),(636,38,'Ouest','CM08'),(637,38,'Sud','CM14'),(638,38,'SudOuest','CM09'),(639,39,'OTHER PROVINCES','CV00'),(640,40,'OTHER PROVINCES','CJ00'),(641,41,'Bamingui-Bangoran','CT01'),(642,41,'Lobaye','CT07'),(643,41,'OTHER PROVINCES','CT00'),(644,41,'Ombella-Mpoko','CT17'),(645,41,'Ouaka','CT11'),(646,42,'Batha','CD01'),(647,42,'Biltine','CD02'),(648,42,'Borkou-Ennedi-Tibesti','CD03'),(649,42,'ChariBaguirmi','CD04'),(650,42,'Guera','CD05'),(651,42,'Kanem','CD06'),(652,42,'Lac','CD07'),(653,42,'Logone Occidental','CD08'),(654,42,'Logone Oriental','CD09'),(655,42,'Mayo-Kebbi','CD10'),(656,42,'Moyen-Chari','CD11'),(657,42,'Ouaddai','CD12'),(658,42,'Salamat','CD13'),(659,42,'Tandjile','CD14'),(660,43,'Aisen del General Carlos Ibanez del Campo','CI02'),(661,43,'Antofagasta','CI03'),(662,43,'Araucania','CI04'),(663,43,'Atacama','CI05'),(664,43,'Bio-Bio','CI06'),(665,43,'Coquimbo','CI07'),(666,43,'Libertador General Bernardo O\'Higgins','CI08'),(667,43,'Los Lagos','CI09'),(668,43,'Magallanes y de la Antartica Chilena','CI10'),(669,43,'Maule','CI11'),(670,43,'OTHER PROVINCES','CI00'),(671,43,'Region Metropolitana','CI12'),(672,43,'Tarapaca','CI13'),(673,43,'Valparaiso','CI01'),(674,44,'Anhui','CH01'),(675,44,'Beijing','CH22'),(676,44,'Fujian','CH07'),(677,44,'Gansu','CH15'),(678,44,'Guangdong','CH30'),(679,44,'Guangxi','CH16'),(680,44,'Guizhou','CH18'),(681,44,'Hainan','CH31'),(682,44,'Hebei','CH10'),(683,44,'Heilongjiang','CH08'),(684,44,'Henan','CH09'),(685,44,'Hubei','CH12'),(686,44,'Hunan','CH11'),(687,44,'Jiangsu','CH04'),(688,44,'Jiangxi','CH03'),(689,44,'Jilin','CH05'),(690,44,'Liaoning','CH19'),(691,44,'Nei Mongol (Inner Mongolia)','CH20'),(692,44,'Ningxia','CH21'),(693,44,'OTHER PROVINCES','CH00'),(694,44,'Qinghai','CH06'),(695,44,'Shaanxi','CH26'),(696,44,'Shandong','CH25'),(697,44,'Shanghai','CH23'),(698,44,'Shanxi','CH24'),(699,44,'Sichuan','CH27'),(700,44,'Tianjin','CH28'),(701,44,'Xinjiang','CH13'),(702,44,'Xizang (Tibet)','CH14'),(703,44,'Yunnan','CH29'),(704,44,'Zhejiang','CH02'),(705,45,'OTHER PROVINCES','KT00'),(706,46,'OTHER PROVINCES','CK00'),(707,47,'Amazonas','CO01'),(708,47,'Antioquia','CO02'),(709,47,'Arauca','CO03'),(710,47,'Atlantico','CO04'),(711,47,'Bolivar','CO05'),(712,47,'Boyaca','CO06'),(713,47,'Caldas','CO07'),(714,47,'Caqueta','CO08'),(715,47,'Casanare','CO32'),(716,47,'Cauca','CO09'),(717,47,'Cesar','CO10'),(718,47,'Choco','CO11'),(719,47,'Cordoba','CO12'),(720,47,'Cundinamarca','CO33'),(721,47,'Distrito Capital','CO34'),(722,47,'Guainia','CO15'),(723,47,'Guaviare','CO14'),(724,47,'Huila','CO16'),(725,47,'La Guajira','CO17'),(726,47,'Magdalena','CO18'),(727,47,'Meta','CO19'),(728,47,'Narino','CO20'),(729,47,'Norte de Santander','CO21'),(730,47,'OTHER PROVINCES','CO00'),(731,47,'Putumayo','CO22'),(732,47,'Quindio','CO23'),(733,47,'Risaralda','CO24'),(734,47,'San Andres y Providencia','CO25'),(735,47,'Santander','CO26'),(736,47,'Sucre','CO27'),(737,47,'Tolima','CO28'),(738,47,'Valle del Cauca','CO29'),(739,47,'Vaupes','CO30'),(740,47,'Vichada','CO31'),(741,48,'Anjouan','CN01'),(742,48,'Grande Comore','CN02'),(743,48,'Moheli','CN03'),(744,48,'OTHER PROVINCES','CN00'),(745,49,'Bouenza','CF01'),(746,49,'Brazzaville','CF12'),(747,49,'Cuvette','CF03'),(748,49,'Kouilou','CF04'),(749,49,'Lekoumou','CF05'),(750,49,'Likouala','CF06'),(751,49,'Niari','CF07'),(752,49,'OTHER PROVINCES','CF00'),(753,49,'Plateaux','CF08'),(754,49,'Pool','CF11'),(755,49,'Sangha','CF10'),(756,50,'Bandundu','CG01'),(757,50,'Equateur','CG02'),(758,50,'Haut-Zaire','CG09'),(759,50,'Kasai-Occidental','CG03'),(760,50,'Kivu','CG07'),(761,50,'OTHER PROVINCES','CG00'),(762,50,'Shaba','CG05'),(763,51,'OTHER PROVINCES','CW00'),(764,52,'Alajuela','CS01'),(765,52,'Cartago','CS02'),(766,52,'Guanacaste','CS03'),(767,52,'Heredia','CS04'),(768,52,'Limon','CS06'),(769,52,'Puntarenas','CS07'),(770,52,'San Jose','CS08'),(771,53,'Abengourou','IV01'),(772,53,'Abidjan','IV35'),(773,53,'Aboisso','IV04'),(774,53,'Adzope','IV05'),(775,53,'Agboville','IV06'),(776,53,'Bangolo','IV36'),(777,53,'Beoumi','IV37'),(778,53,'Biankouma','IV07'),(779,53,'Bondoukou','IV38'),(780,53,'Bongouanou','IV27'),(781,53,'Bouafle','IV39'),(782,53,'Bouake','IV40'),(783,53,'Bouna','IV11'),(784,53,'Boundiali','IV12'),(785,53,'Dabakala','IV03'),(786,53,'Daloa','IV41'),(787,53,'Danane','IV14'),(788,53,'Daoukro','IV42'),(789,53,'Dimbokro','IV43'),(790,53,'Divo','IV16'),(791,53,'Duekoue','IV44'),(792,53,'Ferkessedougou','IV17'),(793,53,'Gagnoa','IV18'),(794,53,'Grand-Lahou','IV45'),(795,53,'Guiglo','IV46'),(796,53,'Issia','IV28'),(797,53,'Katiola','IV20'),(798,53,'Korhogo','IV21'),(799,53,'Lakota','IV29'),(800,53,'Man','IV47'),(801,53,'Mankono','IV30'),(802,53,'Mbahiakro','IV48'),(803,53,'OTHER PROVINCES','IV00'),(804,53,'Odienne','IV23'),(805,53,'Oume','IV31'),(806,53,'Sakassou','IV49'),(807,53,'San Pedro','IV50'),(808,53,'Sassandra','IV51'),(809,53,'Seguela','IV25'),(810,53,'Sinfra','IV52'),(811,53,'Soubre','IV32'),(812,53,'Tabou','IV53'),(813,53,'Tanda','IV54'),(814,53,'Tiassale','IV55'),(815,53,'Tingrela','IV33'),(816,53,'Touba','IV26'),(817,53,'Toumodi','IV56'),(818,53,'Vavoua','IV57'),(819,53,'Yamoussoukro','IV58'),(820,53,'Zuenoula','IV34'),(821,54,'OTHER PROVINCES','HR00'),(822,55,'Camaguey','CU05'),(823,55,'Ciego de Avila','CU07'),(824,55,'Cienfuegos','CU08'),(825,55,'Ciudad de La Habana','CU02'),(826,55,'Granma','CU09'),(827,55,'Guantanamo','CU10'),(828,55,'Holguin','CU12'),(829,55,'Isla de la Juventud','CU04'),(830,55,'La Habana','CU11'),(831,55,'Las Tunas','CU13'),(832,55,'Matanzas','CU03'),(833,55,'OTHER PROVINCES','CU00'),(834,55,'Pinar del Rio','CU01'),(835,55,'Sancti Spiritus','CU14'),(836,55,'Santiago de Cuba','CU15'),(837,55,'Villa Clara','CU16'),(838,56,'Famagusta','CY01'),(839,56,'Kyrenia','CY02'),(840,56,'Larnaca','CY03'),(841,56,'Limassol','CY05'),(842,56,'Nicosia','CY04'),(843,56,'OTHER PROVINCES','CY00'),(844,56,'Paphos','CY06'),(845,57,'OTHER PROVINCES','EZ00'),(846,58,'Arhus','DA01'),(847,58,'Bornholm','DA02'),(848,58,'Frederiksborg','DA03'),(849,58,'Fyn','DA04'),(850,58,'Kobenhavn','DA05'),(851,58,'Kobenhavn','DA06'),(852,58,'Nordjylland','DA07'),(853,58,'OTHER PROVINCES','DA00'),(854,58,'Ribe','DA08'),(855,58,'Ringkobing','DA09'),(856,58,'Roskilde','DA10'),(857,58,'Sonderjylland','DA11'),(858,58,'Storstrom','DA12'),(859,58,'Vejle','DA13'),(860,58,'Vestsjalland','DA14'),(861,58,'Viborg','DA15'),(862,59,'\'Ali Sabih','DJ01'),(863,59,'Dikhil','DJ02'),(864,59,'Djibouti','DJ03'),(865,59,'OTHER PROVINCES','DJ00'),(866,59,'Obock','DJ04'),(867,59,'Tadjoura','DJ05'),(868,60,'Saint Andrew','DO02'),(869,60,'Saint David','DO03'),(870,60,'Saint George','DO04'),(871,60,'Saint John','DO05'),(872,60,'Saint Joseph','DO06'),(873,60,'Saint Luke','DO07'),(874,60,'Saint Mark','DO08'),(875,60,'Saint Patrick','DO09'),(876,60,'Saint Paul','DO10'),(877,60,'Saint Peter','DO11'),(878,61,'Azua','DR01'),(879,61,'Baoruco','DR02'),(880,61,'Barahona','DR03'),(881,61,'Dajabon','DR04'),(882,61,'Distrito Nacional','DR05'),(883,61,'Duarte','DR06'),(884,61,'El Seibo','DR28'),(885,61,'Elias Pina','DR11'),(886,61,'Espaillat','DR08'),(887,61,'Hato Mayor','DR29'),(888,61,'Independencia','DR09'),(889,61,'La Altagracia','DR10'),(890,61,'La Romana','DR12'),(891,61,'La Vega','DR30'),(892,61,'Maria Trinidad Sanchez','DR14'),(893,61,'Monsenor Nouel','DR31'),(894,61,'Monte Cristi','DR15'),(895,61,'Monte Plata','DR32'),(896,61,'Pedernales','DR16'),(897,61,'Peravia','DR17'),(898,61,'Puerto Plata','DR18'),(899,61,'Salcedo','DR19'),(900,61,'Samana','DR20'),(901,61,'San Cristobal','DR33'),(902,61,'San Juan','DR23'),(903,61,'San Pedro de Macoris','DR24'),(904,61,'Sanchez Ramirez','DR21'),(905,61,'Santiago','DR25'),(906,61,'Santiago Rodriguez','DR26'),(907,61,'Valverde','DR27'),(908,62,'Azuay','EC02'),(909,62,'Bolivar','EC03'),(910,62,'Canar','EC04'),(911,62,'Carchi','EC05'),(912,62,'Chimborazo','EC06'),(913,62,'Cotopaxi','EC07'),(914,62,'El Oro','EC08'),(915,62,'Esmeraldas','EC09'),(916,62,'Galapagos','EC01'),(917,62,'Guayas','EC10'),(918,62,'Imbabura','EC11'),(919,62,'Loja','EC12'),(920,62,'Los Rios','EC13'),(921,62,'Manabi','EC14'),(922,62,'Morona-Santiago','EC15'),(923,62,'OTHER PROVINCES','EC00'),(924,62,'Pastaza','EC17'),(925,62,'Pichincha','EC18'),(926,62,'Tungurahua','EC19'),(927,62,'Zamora-Chinchipe','EC20'),(928,63,'Ad Daqahliyah','EG01'),(929,63,'Al Bahr al Ahmar','EG02'),(930,63,'Al Buhayrah','EG03'),(931,63,'Al Fayyum','EG04'),(932,63,'Al Gharbiyah','EG05'),(933,63,'Al Iskandariyah','EG06'),(934,63,'Al Isma\'iliyah','EG07'),(935,63,'Al Jizah','EG08'),(936,63,'Al Minufiyah','EG09'),(937,63,'Al Minya','EG10'),(938,63,'Al Qahirah','EG11'),(939,63,'Al Qaly_biyah','EG12'),(940,63,'Al Wadi al Jadid','EG13'),(941,63,'As Suways','EG15'),(942,63,'Ash Sharqiyah','EG14'),(943,63,'Aswan','EG16'),(944,63,'Asyut','EG17'),(945,63,'Bani Suwayf','EG18'),(946,63,'Bur Sa\'id','EG19'),(947,63,'Dumyat','EG20'),(948,63,'Janub Sina\'','EG26'),(949,63,'Kafr ash Shaykh','EG21'),(950,63,'Matruh','EG22'),(951,63,'OTHER PROVINCES','EG00'),(952,63,'Qina','EG23'),(953,63,'Shamal Sina\'','EG27'),(954,63,'Suhaj','EG24'),(955,64,'Ahuachapan','ES01'),(956,64,'Cabanas','ES02'),(957,64,'Chalatenango','ES03'),(958,64,'Cuscatlan','ES04'),(959,64,'La Libertad','ES05'),(960,64,'La Paz','ES06'),(961,64,'La Union','ES07'),(962,64,'Morazan','ES08'),(963,64,'San Miguel','ES09'),(964,64,'San Salvador','ES10'),(965,64,'San Vicente','ES12'),(966,64,'Santa Ana','ES11'),(967,64,'Sonsonate','ES13'),(968,64,'Usulutan','ES14'),(969,65,'Annobon','EK03'),(970,65,'OTHER PROVINCES','EK00'),(971,66,'OTHER PROVINCES','ER00'),(972,67,'Harjumaa','EN01'),(973,67,'Hiiumaa','EN02'),(974,67,'Ida-Virumaa','EN03'),(975,67,'Jarvamaa','EN04'),(976,67,'Jogevamaa','EN05'),(977,67,'Laane-Virumaa','EN08'),(978,67,'Laanemaa','EN07'),(979,67,'OTHER PROVINCES','EN00'),(980,67,'Parnumaa','EN11'),(981,67,'Polvamaa','EN12'),(982,67,'Raplamaa','EN13'),(983,67,'Saaremaa','EN14'),(984,67,'Tartumaa','EN18'),(985,67,'Valgamaa','EN19'),(986,67,'Viljandimaa','EN20'),(987,67,'Vorumaa','EN21'),(988,68,'Arsi','ET01'),(989,68,'ET02','ET02'),(990,68,'ET03','ET03'),(991,68,'ET05','ET05'),(992,68,'ET06','ET06'),(993,68,'ET07','ET07'),(994,68,'ET08','ET08'),(995,68,'ET09','ET09'),(996,68,'ET10','ET10'),(997,68,'ET11','ET11'),(998,68,'ET12','ET12'),(999,68,'ET13','ET13'),(1000,68,'ET14','ET14'),(1001,68,'OTHER PROVINCES','ET00'),(1002,69,'OTHER PROVINCES','FK00'),(1003,70,'OTHER PROVINCES','FO00'),(1004,71,'Central','FJ01'),(1005,71,'Eastern','FJ02'),(1006,71,'Northern','FJ03'),(1007,71,'OTHER PROVINCES','FJ00'),(1008,71,'Western','FJ05'),(1009,72,'Ahvenanmaa','FI01'),(1010,72,'Etela-Suomen Laani','FI13'),(1011,72,'Hame','FI02'),(1012,72,'Lansi-Suomen Laani','FI15'),(1013,72,'Lappi','FI06'),(1014,72,'Mikkeli','FI07'),(1015,72,'OTHER PROVINCES','FI00'),(1016,72,'Oulu Laani','FI08'),(1017,73,'Alsace','FRC1'),(1018,73,'Aquitaine','FR97'),(1019,73,'Auvergne','FR98'),(1020,73,'Basse-Normandie','FR99'),(1021,73,'Bourgogne','FRA1'),(1022,73,'Bretagne','FRA2'),(1023,73,'Centre','FRA3'),(1024,73,'Champagne-Ardenne','FRA4'),(1025,73,'Corse','FRA5'),(1026,73,'Franche-Comte','FRA6'),(1027,73,'Haute-Normandie','FRA7'),(1028,73,'Ile-de-France','FRA8'),(1029,73,'Languedoc-Roussillon','FRA9'),(1030,73,'Limousin','FRB1'),(1031,73,'Lorraine','FRB2'),(1032,73,'Midi-Pyrenees','FRB3'),(1033,73,'Nord-Pas-de-Calais','FRB4'),(1034,73,'OTHER PROVINCES','FR00'),(1035,73,'Pays de la Loire','FRB5'),(1036,73,'Picardie','FRB6'),(1037,73,'Poitou-Charentes','FRB7'),(1038,73,'Provence-Alpes-Cote d\'Azur','FRB8'),(1039,73,'Rhone-Alpes','FRB9'),(1040,74,'OTHER PROVINCES','FG00'),(1041,75,'OTHER PROVINCES','FP00'),(1042,76,'OTHER PROVINCES','FS00'),(1043,77,'Estuaire','GB01'),(1044,77,'Haut-Ogooue','GB02'),(1045,77,'Moyen-Ogooue','GB03'),(1046,77,'Ngounie','GB04'),(1047,77,'Nyanga','GB05'),(1048,77,'Ogooue-Ivindo','GB06'),(1049,77,'Ogooue-Lolo','GB07'),(1050,77,'Ogooue-Maritime','GB08'),(1051,77,'Woleu-Ntem','GB09'),(1052,78,'Lower River','GA02'),(1053,78,'North Bank','GA07'),(1054,78,'OTHER PROVINCES','GA00'),(1055,78,'Western','GA05'),(1056,79,'OTHER PROVINCES','GZ00'),(1057,80,'Lentekhis Raioni','GG34'),(1058,80,'OTHER PROVINCES','GG00'),(1059,81,'Baden-Wurttemberg','GM01'),(1060,81,'Bayern','GM02'),(1061,81,'Berlin','GM16'),(1062,81,'Brandenburg','GM11'),(1063,81,'Bremen','GM03'),(1064,81,'Hamburg','GM04'),(1065,81,'Hessen','GM05'),(1066,81,'Mecklenburg-Vorpommern','GM12'),(1067,81,'Niedersachsen','GM06'),(1068,81,'Nordrhein-Westfalen','GM07'),(1069,81,'OTHER PROVINCES','GM00'),(1070,81,'Rheinland-Pfalz','GM08'),(1071,81,'Saarland','GM09'),(1072,81,'Sachsen','GM13'),(1073,81,'Sachsen-Anhalt','GM14'),(1074,81,'Schleswig-Holstein','GM10'),(1075,81,'Thuringen','GM15'),(1076,82,'OTHER PROVINCES','GH00'),(1077,82,'Volta','GH08'),(1078,83,'OTHER PROVINCES','GI00'),(1079,84,'Aitolia kai Akarnania','GR31'),(1080,84,'Akhaia','GR38'),(1081,84,'Argolis','GR36'),(1082,84,'Arkadhia','GR41'),(1083,84,'Arta','GR20'),(1084,84,'Attiki','GR35'),(1085,84,'Dhodhekanisos','GR47'),(1086,84,'Drama','GR04'),(1087,84,'Evritania','GR30'),(1088,84,'Evros','GR01'),(1089,84,'Evvoia','GR34'),(1090,84,'Florina','GR08'),(1091,84,'Fokis','GR32'),(1092,84,'Fthiotis','GR29'),(1093,84,'Grevena','GR10'),(1094,84,'Ilia','GR39'),(1095,84,'Imathia','GR12'),(1096,84,'Ioannina','GR17'),(1097,84,'Iraklion','GR45'),(1098,84,'Kardhitsa','GR23'),(1099,84,'Kastoria','GR09'),(1100,84,'Kavala','GR14'),(1101,84,'Kefallinia','GR27'),(1102,84,'Kerkira','GR25'),(1103,84,'Khalkidhiki','GR15'),(1104,84,'Khania','GR43'),(1105,84,'Khios','GR50'),(1106,84,'Kikladhes','GR49'),(1107,84,'Kilkis','GR06'),(1108,84,'Korinthia','GR37'),(1109,84,'Kozani','GR11'),(1110,84,'Lakonia','GR42'),(1111,84,'Larisa','GR21'),(1112,84,'Lasithi','GR46'),(1113,84,'Lesvos','GR51'),(1114,84,'Levkas','GR26'),(1115,84,'Magnisia','GR24'),(1116,84,'Messinia','GR40'),(1117,84,'OTHER PROVINCES','GR00'),(1118,84,'Pella','GR07'),(1119,84,'Pieria','GR16'),(1120,84,'Preveza','GR19'),(1121,84,'Rethimni','GR44'),(1122,84,'Rodhopi','GR02'),(1123,84,'Samos','GR48'),(1124,84,'Serrai','GR05'),(1125,84,'Thesprotia','GR18'),(1126,84,'Thessaloniki','GR13'),(1127,84,'Trikala','GR22'),(1128,84,'Voiotia','GR33'),(1129,84,'Xanthi','GR03'),(1130,84,'Zakinthos','GR28'),(1131,85,'Nordgronland','GL01'),(1132,85,'Ostgronland','GL02'),(1133,85,'Vestgronland','GL03'),(1134,86,'OTHER PROVINCES','GJ00'),(1135,86,'Saint Andrew','GJ01'),(1136,86,'Saint David','GJ02'),(1137,86,'Saint George','GJ03'),(1138,86,'Saint John','GJ04'),(1139,86,'Saint Mark','GJ05'),(1140,86,'Saint Patrick','GJ06'),(1141,87,'OTHER PROVINCES','GP00'),(1142,88,'Alta Verapaz','GT01'),(1143,88,'Baja Verapaz','GT02'),(1144,88,'Chimaltenango','GT03'),(1145,88,'Chiquimula','GT04'),(1146,88,'El Progreso','GT05'),(1147,88,'Escuintla','GT06'),(1148,88,'Guatemala','GT07'),(1149,88,'Huehuetenango','GT08'),(1150,88,'Izabal','GT09'),(1151,88,'Jalapa','GT10'),(1152,88,'Jutiapa','GT11'),(1153,88,'Peten','GT12'),(1154,88,'Quetzaltenango','GT13'),(1155,88,'Quiche','GT14'),(1156,88,'Retalhuleu','GT15'),(1157,88,'Sacatepequez','GT16'),(1158,88,'San Marcos','GT17'),(1159,88,'Santa Rosa','GT18'),(1160,88,'Solola','GT19'),(1161,88,'Suchitepequez','GT20'),(1162,88,'Totonicapan','GT21'),(1163,88,'Zacapa','GT22'),(1164,89,'Beyla','GV01'),(1165,89,'Boffa','GV02'),(1166,89,'Boke','GV03'),(1167,89,'Conakry','GV04'),(1168,89,'Dabola','GV05'),(1169,89,'Dalaba','GV06'),(1170,89,'Dinguiraye','GV07'),(1171,89,'Dubreka','GV08'),(1172,89,'Faranah','GV09'),(1173,89,'Forecariah','GV10'),(1174,89,'Fria','GV11'),(1175,89,'Gaoual','GV12'),(1176,89,'Gueckedou','GV13'),(1177,89,'Kankan','GV14'),(1178,89,'Kerouane','GV15'),(1179,89,'Kindia','GV16'),(1180,89,'Kissidougou','GV17'),(1181,89,'Koundara','GV18'),(1182,89,'Kouroussa','GV19'),(1183,89,'Labe','GV20'),(1184,89,'Macenta','GV21'),(1185,89,'Mali','GV22'),(1186,89,'Mamou','GV23'),(1187,89,'Nzerekore','GV24'),(1188,89,'OTHER PROVINCES','GV00'),(1189,89,'Pita','GV25'),(1190,89,'Siguiri','GV26'),(1191,89,'Telimele','GV27'),(1192,89,'Tougue','GV28'),(1193,89,'Yomou','GV29'),(1194,90,'Bafata','PU01'),(1195,90,'Gabu','PU10'),(1196,90,'OTHER PROVINCES','PU00'),(1197,91,'Barima-Waini','GY10'),(1198,91,'Cuyuni-Mazaruni','GY11'),(1199,91,'Demerara-Mahaica','GY12'),(1200,91,'East Berbice-Corentyne','GY13'),(1201,91,'Essequibo Islands-West Demerara','GY14'),(1202,91,'Mahaica-Berbice','GY15'),(1203,91,'Pomeroon-Supenaam','GY16'),(1204,91,'Potaro-Siparuni','GY17'),(1205,91,'Upper Demerara-Berbice','GY18'),(1206,91,'Upper Takutu-Upper Essequibo','GY19'),(1207,92,'Artibonite','HA06'),(1208,92,'Centre','HA07'),(1209,92,'Grand\'Anse','HA08'),(1210,92,'Nord','HA09'),(1211,92,'Nord-Est','HA10'),(1212,92,'Nord-Ouest','HA03'),(1213,92,'Ouest','HA11'),(1214,92,'Sud','HA12'),(1215,92,'Sud-Est','HA13'),(1216,93,'Atlantida','HO01'),(1217,93,'Choluteca','HO02'),(1218,93,'Colon','HO03'),(1219,93,'Comayagua','HO04'),(1220,93,'Copan','HO05'),(1221,93,'Cortes','HO06'),(1222,93,'El Paraiso','HO07'),(1223,93,'Francisco Morazan','HO08'),(1224,93,'Gracias a Dios','HO09'),(1225,93,'Intibuca','HO10'),(1226,93,'Islas de la Bahia','HO11'),(1227,93,'La Paz','HO12'),(1228,93,'Lempira','HO13'),(1229,93,'OTHER PROVINCES','HO00'),(1230,93,'Ocotepeque','HO14'),(1231,93,'Olancho','HO15'),(1232,93,'Santa Barbara','HO16'),(1233,93,'Valle','HO17'),(1234,93,'Yoro','HO18'),(1235,94,'OTHER PROVINCES','HK00'),(1236,95,'Bacs-Kiskun','HU01'),(1237,95,'Baranya','HU02'),(1238,95,'Bekes','HU03'),(1239,95,'Borsod-Abauj-Zemplen','HU04'),(1240,95,'Budapest','HU05'),(1241,95,'Csongrad','HU06'),(1242,95,'Debrecen','HU07'),(1243,95,'Fejer','HU08'),(1244,95,'Gyor','HU25'),(1245,95,'Gyor-Moson-Sopron','HU09'),(1246,95,'Hajdu-Bihar','HU10'),(1247,95,'Heves','HU11'),(1248,95,'Jasz-Nagykun-Szolnok','HU20'),(1249,95,'Komarom-Esztergom','HU12'),(1250,95,'Miskolc','HU13'),(1251,95,'Nograd','HU14'),(1252,95,'Pees','HU15'),(1253,95,'Pest','HU16'),(1254,95,'Somogy','HU17'),(1255,95,'Szabolcs-Szatmar-Bereg','HU18'),(1256,95,'Szeged','HU19'),(1257,95,'Tolna','HU21'),(1258,95,'Vas','HU22'),(1259,95,'Veszprem','HU23'),(1260,95,'Zala','HU24'),(1261,96,'Arnessysla','IC03'),(1262,96,'Austur-Bardastrandarsysla','IC04'),(1263,96,'Austur-Hunavatnssysla','IC05'),(1264,96,'Austur-Skaftafellssysla','IC06'),(1265,96,'Borgarfjardarsysla','IC07'),(1266,96,'Dalasysla','IC08'),(1267,96,'Eyjafjardarsysla','IC09'),(1268,96,'Gullbringusysla','IC10'),(1269,96,'Kjosarsysla','IC15'),(1270,96,'Myrasysla','IC17'),(1271,96,'Nordur-Isafjardarsysla','IC19'),(1272,96,'Nordur-Mulasysla','IC20'),(1273,96,'Nordur-Tingeyjarsysla','IC21'),(1274,96,'OTHER PROVINCES','IC00'),(1275,96,'Rang?','IC23'),(1276,96,'Skagafjardarsysla','IC28'),(1277,96,'Snafellsnes-og Hnappadalssysla','IC29'),(1278,96,'Strandasysla','IC30'),(1279,96,'Sudur-Mulasysla','IC31'),(1280,96,'Sudur-Tingeyjarsysla','IC32'),(1281,96,'Vestur-Bardastrandarsysla','IC34'),(1282,96,'Vestur-Hunavatnssysla','IC35'),(1283,96,'Vestur-Isafjardarsysla','IC36'),(1284,96,'Vestur-Skaftafellssysla','IC37'),(1285,97,'Andaman and Nicobar Islands','IN01'),(1286,97,'Andhra Pradesh','IN02'),(1287,97,'Arunachal Pradesh','IN30'),(1288,97,'Assam','IN03'),(1289,97,'Bihar','IN04'),(1290,97,'Chandigarh','IN05'),(1291,97,'Dadra and Nagar Haveli','IN06'),(1292,97,'Daman and Diu','IN32'),(1293,97,'Delhi','IN07'),(1294,97,'Goa','IN33'),(1295,97,'Gujarat','IN09'),(1296,97,'Haryana','IN10'),(1297,97,'Himachal Pradesh','IN11'),(1298,97,'Jammu and Kashmir','IN12'),(1299,97,'Karnataka','IN19'),(1300,97,'Kerala','IN13'),(1301,97,'Lakshadweep','IN14'),(1302,97,'Madhya Pradesh','IN15'),(1303,97,'Maharashtra','IN16'),(1304,97,'Manipur','IN17'),(1305,97,'Meghalaya','IN18'),(1306,97,'Mizoram','IN31'),(1307,97,'Nagaland','IN20'),(1308,97,'OTHER PROVINCES','IN00'),(1309,97,'Orissa','IN21'),(1310,97,'Pondicherry','IN22'),(1311,97,'Punjab','IN23'),(1312,97,'Rajasthan','IN24'),(1313,97,'Sikkim','IN29'),(1314,97,'Tamil Nadu [Madris]','IN25'),(1315,97,'Tripura','IN26'),(1316,97,'Uttar Pradesh','IN27'),(1317,97,'West Bengal','IN28'),(1318,98,'Aceh [Atjeh]','ID01'),(1319,98,'Bali','ID02'),(1320,98,'Bengkulu','ID03'),(1321,98,'Irian Jaya','ID09'),(1322,98,'Jakarta Raya [Djakarta Raya]','ID04'),(1323,98,'Jambi [Djambi]','ID05'),(1324,98,'Jawa Barat [Djawa Barat]','ID06'),(1325,98,'Jawa Tengah [Djawa Tengah]','ID07'),(1326,98,'Jawa Timur [Djawa Timur]','ID08'),(1327,98,'Kalimantan Barat','ID11'),(1328,98,'Kalimantan Selatan','ID12'),(1329,98,'Kalimantan Tengah','ID13'),(1330,98,'Kalimantan Timur','ID14'),(1331,98,'Lampung','ID15'),(1332,98,'Maluku','ID16'),(1333,98,'Nusa Tenggara Barat','ID17'),(1334,98,'Nusa Tenggara Timur','ID18'),(1335,98,'OTHER PROVINCES','ID00'),(1336,98,'Riau','ID19'),(1337,98,'Sulawesi Selatan','ID20'),(1338,98,'Sulawesi Tengah','ID21'),(1339,98,'Sulawesi Tenggara','ID22'),(1340,98,'Sulawesi Utara','ID23'),(1341,98,'Sumatera Barat','ID24'),(1342,98,'Sumatera Selatan','ID25'),(1343,98,'Sumatera Utara','ID26'),(1344,98,'Timor Timur','ID27'),(1345,98,'Yogyakarta [Jogjakarta]','ID10'),(1346,99,'Azarbayjan-e Gharbi','IR01'),(1347,99,'Azarbayjan-e Klavari','IR02'),(1348,99,'Bushehr','IR22'),(1349,99,'Chahar Ma?','IR03'),(1350,99,'Esfahan','IR28'),(1351,99,'Fars','IR07'),(1352,99,'Gilan','IR08'),(1353,99,'Hamadan','IR09'),(1354,99,'Hormozgan','IR11'),(1355,99,'IR06','IR06'),(1356,99,'IR12','IR12'),(1357,99,'IR18','IR18'),(1358,99,'IR19','IR19'),(1359,99,'IR21','IR21'),(1360,99,'IR36','IR36'),(1361,99,'Ilam','IR10'),(1362,99,'Kerman','IR29'),(1363,99,'Kermanshahan','IR13'),(1364,99,'Khorasan','IR30'),(1365,99,'Khuzestan','IR15'),(1366,99,'Kohkiluyeh va Buyer Ahmadi','IR05'),(1367,99,'Kordestan','IR16'),(1368,99,'Lorestan','IR23'),(1369,99,'Markazi','IR24'),(1370,99,'Mazandaran','IR17'),(1371,99,'OTHER PROVINCES','IR00'),(1372,99,'Semnan','IR25'),(1373,99,'Sistan va Baluchestan','IR04'),(1374,99,'Tehran','IR26'),(1375,99,'Yazd','IR31'),(1376,99,'Zanjan','IR27'),(1377,100,'Al Anbar','IZ01'),(1378,100,'Al Basrah','IZ02'),(1379,100,'Al Muthann?','IZ03'),(1380,100,'Al Qadisiyah','IZ04'),(1381,100,'An Najaf','IZ17'),(1382,100,'Arbil','IZ11'),(1383,100,'As Sulaymaniyah','IZ05'),(1384,100,'At Ta\'mim','IZ13'),(1385,100,'Babil','IZ06'),(1386,100,'Baghdad','IZ07'),(1387,100,'Dahuk','IZ08'),(1388,100,'Dhi Qar','IZ09'),(1389,100,'Diyala','IZ10'),(1390,100,'Karbala\'','IZ12'),(1391,100,'Maysan','IZ14'),(1392,100,'Ninawa','IZ15'),(1393,100,'OTHER PROVINCES','IZ00'),(1394,100,'S?alah ad Din','IZ18'),(1395,100,'Wasit','IZ16'),(1396,101,'Carlow','EI01'),(1397,101,'Cavan','EI02'),(1398,101,'Clare','EI03'),(1399,101,'Cork','EI04'),(1400,101,'Donegal','EI06'),(1401,101,'Dublin','EI07'),(1402,101,'Galway','EI10'),(1403,101,'Kerry','EI11'),(1404,101,'Kildare','EI12'),(1405,101,'Kilkenny','EI13'),(1406,101,'Laois','EI15'),(1407,101,'Leitrim','EI14'),(1408,101,'Limerick','EI16'),(1409,101,'Longford','EI18'),(1410,101,'Louth','EI19'),(1411,101,'Mayo','EI20'),(1412,101,'Meath','EI21'),(1413,101,'Monaghan','EI22'),(1414,101,'OTHER PROVINCES','EI00'),(1415,101,'Offaly','EI23'),(1416,101,'Roscommon','EI24'),(1417,101,'Sligo','EI25'),(1418,101,'Tipperary','EI26'),(1419,101,'Waterford','EI27'),(1420,101,'Westmeath','EI29'),(1421,101,'Wexford','EI30'),(1422,101,'Wicklow','EI31'),(1423,102,'HaDarom (Southern)','IS01'),(1424,102,'HaMerkaz (Central)','IS02'),(1425,102,'Ha?afon (Northern)','IS03'),(1426,102,'H?efa (Haifa)','IS04'),(1427,102,'OTHER PROVINCES','IS00'),(1428,102,'Tel Aviv','IS05'),(1429,102,'Yerushalayim (Jerusalem)','IS06'),(1430,103,'Abruzzi','IT01'),(1431,103,'Basilicata','IT02'),(1432,103,'Calabria','IT03'),(1433,103,'Campania','IT04'),(1434,103,'Emilia-Romagna','IT05'),(1435,103,'Friuli-Venezia Giulia','IT06'),(1436,103,'Lazio','IT07'),(1437,103,'Liguria','IT08'),(1438,103,'Lombardia','IT09'),(1439,103,'Marche','IT10'),(1440,103,'Molise','IT11'),(1441,103,'OTHER PROVINCES','IT00'),(1442,103,'Piemonte','IT12'),(1443,103,'Puglia','IT13'),(1444,103,'Sardegna','IT14'),(1445,103,'Sicilia','IT15'),(1446,103,'Toscana','IT16'),(1447,103,'Trentino-Alto Adige','IT17'),(1448,103,'Umbria','IT18'),(1449,103,'Valle d\'Aosta','IT19'),(1450,103,'Veneto','IT20'),(1451,104,'Clarendon','JM01'),(1452,104,'Hanover','JM02'),(1453,104,'KingstonSaint John','JM17'),(1454,104,'Manchester','JM04'),(1455,104,'OTHER PROVINCES','JM00'),(1456,104,'Portland','JM07'),(1457,104,'Saint Andrew','JM08'),(1458,104,'Saint Ann','JM09'),(1459,104,'Saint Catherine','JM10'),(1460,104,'Saint Elizabeth','JM11'),(1461,104,'Saint James','JM12'),(1462,104,'Saint Mary','JM13'),(1463,104,'Saint Thomas','JM14'),(1464,104,'Trelawny','JM15'),(1465,104,'Westmoreland','JM16'),(1466,105,'Aichi','JA01'),(1467,105,'Akita','JA02'),(1468,105,'Aomori','JA03'),(1469,105,'Chiba','JA04'),(1470,105,'Ehime','JA05'),(1471,105,'Fukui','JA06'),(1472,105,'Fukuoka','JA07'),(1473,105,'Fukushima','JA08'),(1474,105,'Gifu','JA09'),(1475,105,'Gumma','JA10'),(1476,105,'Hiroshima','JA11'),(1477,105,'Hokkaido','JA12'),(1478,105,'Hyogo','JA13'),(1479,105,'Ibaraki','JA14'),(1480,105,'Ishikawa','JA15'),(1481,105,'Iwate','JA16'),(1482,105,'Kagawa','JA17'),(1483,105,'Kanagawa','JA19'),(1484,105,'Kochi','JA20'),(1485,105,'Kumamoto','JA21'),(1486,105,'Kyoto','JA22'),(1487,105,'Mie','JA23'),(1488,105,'Miyagi','JA24'),(1489,105,'Miyazaki','JA25'),(1490,105,'Nagano','JA26'),(1491,105,'Nagasaki','JA27'),(1492,105,'Nara','JA28'),(1493,105,'Niigata','JA29'),(1494,105,'OTHER PROVINCES','JA00'),(1495,105,'Oita','JA30'),(1496,105,'Okayama','JA31'),(1497,105,'Okinawa','JA47'),(1498,105,'Osaka','JA32'),(1499,105,'Saga','JA33'),(1500,105,'Saitama','JA34'),(1501,105,'Shiga','JA35'),(1502,105,'Shimane','JA36'),(1503,105,'Shizuoka','JA37'),(1504,105,'Tochigi','JA38'),(1505,105,'Tokushima','JA39'),(1506,105,'Tokyo','JA40'),(1507,105,'Tottori','JA41'),(1508,105,'Toyama','JA42'),(1509,105,'Wakayama','JA43'),(1510,105,'Yamagata','JA44'),(1511,105,'Yamaguchi','JA45'),(1512,105,'Yamanashi','JA46'),(1513,106,'\'Amman','JO11'),(1514,106,'Al /Aqabah','JO21'),(1515,106,'Al Balqa\'','JO02'),(1516,106,'Al Karak','JO09'),(1517,106,'Al Mafraq','JO10'),(1518,106,'Amman','JO16'),(1519,106,'At Tafilah','JO12'),(1520,106,'Az Zaraq','JO13'),(1521,106,'Irbid','JO14'),(1522,106,'Ma\'an','JO07'),(1523,106,'OTHER PROVINCES','JO00'),(1524,107,'Almaty','KZ02'),(1525,107,'Almaty','KZ01'),(1526,107,'Aqmola','KZ03'),(1527,107,'Aqtobe','KZ04'),(1528,107,'Astana','KZ05'),(1529,107,'Atyrau','KZ06'),(1530,107,'Batys Qazaqstan','KZ07'),(1531,107,'Bayqongyr','KZ08'),(1532,107,'Mangghystau','KZ09'),(1533,107,'OTHER PROVINCES','KZ00'),(1534,107,'Ongtustik Qazaqstan','KZ10'),(1535,107,'Pavlodar','KZ11'),(1536,107,'Qaraghandy','KZ12'),(1537,107,'Qostanay','KZ13'),(1538,107,'Qyzylorda','KZ14'),(1539,107,'Shyghys Qazaqstan','KZ15'),(1540,107,'Soltustik Qazaqstan','KZ16'),(1541,107,'Zhambyl','KZ17'),(1542,108,'Central','KE01'),(1543,108,'Coast','KE02'),(1544,108,'Eastern','KE03'),(1545,108,'Nairobi Area','KE05'),(1546,108,'NorthEastern','KE06'),(1547,108,'Nyanza','KE07'),(1548,108,'OTHER PROVINCES','KE00'),(1549,108,'Rift Valley','KE08'),(1550,108,'Western','KE09'),(1551,109,'OTHER PROVINCES','KR00'),(1552,110,'Al Ahmadi','KU04'),(1553,110,'Al Asimah','KU02'),(1554,110,'Al Jahra\'','KU05'),(1555,110,'OTHER PROVINCES','KU00'),(1556,111,'Bishkek','KG01'),(1557,111,'Chuy','KG02'),(1558,111,'Jalal-Abad','KG03'),(1559,111,'Naryn','KG04'),(1560,111,'OTHER PROVINCES','KG00'),(1561,111,'Osh','KG05'),(1562,111,'Talas','KG06'),(1563,111,'Ysyk-Kol','KG07'),(1564,112,'Attapu','LA01'),(1565,112,'Bokeo','LA22'),(1566,112,'Bolikhamxai','LA23'),(1567,112,'Champasak','LA02'),(1568,112,'Houaphan','LA03'),(1569,112,'Khammouan','LA15'),(1570,112,'Louangnamtha','LA16'),(1571,112,'Louangphabang','LA17'),(1572,112,'OTHER PROVINCES','LA00'),(1573,112,'Oudomxai','LA07'),(1574,112,'Phongsali','LA18'),(1575,112,'Salavan','LA19'),(1576,112,'Savannakhet','LA20'),(1577,112,'Viangchan','LA24'),(1578,112,'Xaisomboun','LA25'),(1579,112,'Xekong','LA26'),(1580,112,'Xiagnabouli','LA13'),(1581,112,'Xiangkhoang','LA14'),(1582,113,'Aizjrayjkes Rajons','LG01'),(1583,113,'Aluksnes Rajons','LG02'),(1584,113,'Balvu Rajons','LG03'),(1585,113,'Bauskas Rajons','LG04'),(1586,113,'Cesu Rajons','LG05'),(1587,113,'Daugavpils','LG06'),(1588,113,'Daugavpils Rajons','LG07'),(1589,113,'Dobeles Rajons','LG08'),(1590,113,'Gulbenes Rajons','LG09'),(1591,113,'Jekabpils Rajons','LG10'),(1592,113,'Jelgava','LG11'),(1593,113,'Jelgavas Rajons','LG12'),(1594,113,'Jurmala','LG13'),(1595,113,'Kraslavas Rajons','LG14'),(1596,113,'Kuldigas Rajons','LG15'),(1597,113,'Liepaja','LG16'),(1598,113,'Liepajas Rajons','LG17'),(1599,113,'Limbazu Rajons','LG18'),(1600,113,'Ludzas Rajons','LG19'),(1601,113,'Madonas Rajons','LG20'),(1602,113,'Ogres Rajons','LG21'),(1603,113,'Preiju Rajons','LG22'),(1604,113,'Rezekne','LG23'),(1605,113,'Rezeknes Rajons','LG24'),(1606,113,'Riga','LG25'),(1607,113,'Rigas Rajons','LG26'),(1608,113,'Saldus Rajons','LG27'),(1609,113,'Talsu Rajons','LG28'),(1610,113,'Tukuma Rajons','LG29'),(1611,113,'Valkas Rajons','LG30'),(1612,113,'Valmieras Rajons','LG31'),(1613,113,'Ventspils','LG32'),(1614,113,'Ventspils Rajons','LG33'),(1615,114,'Al Biqa\'','LE01'),(1616,114,'Al Janub','LE02'),(1617,114,'Ash Shamal','LE03'),(1618,114,'Bayrut','LE04'),(1619,114,'Jabal Lubnan','LE05'),(1620,115,'LT03','LT03'),(1621,115,'OTHER PROVINCES','LT00'),(1622,116,'Bomi','LI15'),(1623,116,'Bong','LI01'),(1624,116,'Grand Bassa','LI11'),(1625,116,'Grand Cape Mount','LI12'),(1626,116,'Grand Gedeh','LI02'),(1627,116,'Grand Kru','LI16'),(1628,116,'Lofa','LI05'),(1629,116,'Margibi','LI17'),(1630,116,'Maryland','LI13'),(1631,116,'Montserrado','LI14'),(1632,116,'Nimba','LI09'),(1633,116,'OTHER PROVINCES','LI00'),(1634,116,'River Cess','LI18'),(1635,116,'Sinoe','LI10'),(1636,117,'OTHER PROVINCES','LS00'),(1637,118,'OTHER PROVINCES','LH00'),(1638,119,'Diekirch','LU01'),(1639,119,'Grevenmacher','LU02'),(1640,119,'Luxembourg','LU03'),(1641,119,'OTHER PROVINCES','LU00'),(1642,120,'Ilhas','MC01'),(1643,120,'OTHER PROVINCES','MC00'),(1644,121,'OTHER PROVINCES','MK00'),(1645,122,'Antananarivo','MA05'),(1646,122,'Antsiranana','MA01'),(1647,122,'Fianarantsoa','MA02'),(1648,122,'Mahajanga','MA03'),(1649,122,'OTHER PROVINCES','MA00'),(1650,122,'Toamasina','MA04'),(1651,122,'Toliara','MA06'),(1652,123,'OTHER PROVINCES','MI00'),(1653,124,'Johor','MY01'),(1654,124,'Kedah','MY02'),(1655,124,'Kelantan','MY03'),(1656,124,'Labuan','MY15'),(1657,124,'Melaka','MY04'),(1658,124,'Negeri Sembilan','MY05'),(1659,124,'OTHER PROVINCES','MY00'),(1660,124,'Pahang','MY06'),(1661,124,'Perak','MY07'),(1662,124,'Perlis','MY08'),(1663,124,'Pulau Pinang','MY09'),(1664,124,'Sabah','MY16'),(1665,124,'Sarawak','MY11'),(1666,124,'Selangor','MY12'),(1667,124,'Terengganu','MY13'),(1668,124,'Wilayah Persekutuan','MY14'),(1669,125,'Kaafu','MV26'),(1670,125,'OTHER PROVINCES','MV00'),(1671,125,'Seenu','MV01'),(1672,126,'OTHER PROVINCES','ML00'),(1673,127,'OTHER PROVINCES','MT00'),(1674,128,'OTHER PROVINCES','RM00'),(1675,129,'OTHER PROVINCES','MB00'),(1676,130,'Brakna','MR05'),(1677,130,'Dakhlet Nouadhibou','MR08'),(1678,130,'Inchiri','MR12'),(1679,130,'OTHER PROVINCES','MR00'),(1680,130,'Trarza','MR06'),(1681,131,'OTHER PROVINCES','MP00'),(1682,132,'OTHER PROVINCES','MF00'),(1683,133,'Aguascalientes','MX01'),(1684,133,'Baja California','MX02'),(1685,133,'Baja California Sur','MX03'),(1686,133,'Campeche','MX04'),(1687,133,'Chiapas','MX05'),(1688,133,'Chihuahua','MX06'),(1689,133,'Coahuila de Zaragoza','MX07'),(1690,133,'Colima','MX08'),(1691,133,'Distrito Federal','MX09'),(1692,133,'Durango','MX10'),(1693,133,'Guanajuato','MX11'),(1694,133,'Guerrero','MX12'),(1695,133,'Hidalgo','MX13'),(1696,133,'Jalisco','MX14'),(1697,133,'Mexico','MX15'),(1698,133,'Michoacan de Ocampo','MX16'),(1699,133,'Morelos','MX17'),(1700,133,'Nayarit','MX18'),(1701,133,'Nuevo Leon','MX19'),(1702,133,'OTHER PROVINCES','MX00'),(1703,133,'Oaxaca','MX20'),(1704,133,'Puebla','MX21'),(1705,133,'Queretaro de Arteaga','MX22'),(1706,133,'Quintana Roo','MX23'),(1707,133,'San Luis Potosi','MX24'),(1708,133,'Sinaloa','MX25'),(1709,133,'Sonora','MX26'),(1710,133,'Tabasco','MX27'),(1711,133,'Tamaulipas','MX28'),(1712,133,'Tlaxcala','MX29'),(1713,133,'Veracruz-Llave','MX30'),(1714,133,'Yucatan','MX31'),(1715,133,'Zacatecas','MX32'),(1716,134,'Chuuk','FM03'),(1717,134,'Kosrae','FM01'),(1718,134,'Pohnpei','FM02'),(1719,134,'Yap','FM04'),(1720,135,'OTHER PROVINCES','MD00'),(1721,136,'OTHER PROVINCES','MN00'),(1722,137,'Arhangay','MG01'),(1723,137,'Bayan-Olgiy','MG03'),(1724,137,'Bayanhongor','MG02'),(1725,137,'Bulgan','MG21'),(1726,137,'Dornod','MG06'),(1727,137,'Dornogovi','MG07'),(1728,137,'Dundgovi','MG08'),(1729,137,'Dzavhan','MG09'),(1730,137,'Erdenet','MG22'),(1731,137,'Govi-Altay','MG10'),(1732,137,'Hentiy','MG11'),(1733,137,'Hovd','MG12'),(1734,137,'Hovsgol','MG13'),(1735,137,'MG04','MG04'),(1736,137,'OTHER PROVINCES','MG00'),(1737,137,'Omnogovi','MG14'),(1738,137,'Ovorhangay','MG15'),(1739,137,'Selenge','MG16'),(1740,137,'Suhbaatar','MG17'),(1741,137,'Tov','MG18'),(1742,137,'Ulaanbaatar','MG20'),(1743,137,'Uvs','MG19'),(1744,138,'Saint Anthony','MH01'),(1745,138,'Saint Georges','MH02'),(1746,138,'Saint Peter','MH03'),(1747,139,'Agadir','MO01'),(1748,139,'Al HoceOma','MO02'),(1749,139,'Azilal','MO03'),(1750,139,'Ben Slimane','MO04'),(1751,139,'Beni Mellal','MO05'),(1752,139,'Boulemane','MO06'),(1753,139,'Casablanca','MO07'),(1754,139,'Chaouen','MO08'),(1755,139,'El Jadida','MO09'),(1756,139,'El Kelaa des Sraghna','MO10'),(1757,139,'Er Rachidia','MO11'),(1758,139,'Essaouira','MO12'),(1759,139,'Fes','MO13'),(1760,139,'Figuig','MO14'),(1761,139,'Guelmim','MO33'),(1762,139,'Ifrane','MO34'),(1763,139,'Kenitra','MO15'),(1764,139,'Khemisset','MO16'),(1765,139,'Khenifra','MO17'),(1766,139,'Khouribga','MO18'),(1767,139,'Laayoune','MO35'),(1768,139,'Larache','MO41'),(1769,139,'Marrakech','MO19'),(1770,139,'Meknes','MO20'),(1771,139,'Nador','MO21'),(1772,139,'OTHER PROVINCES','MO00'),(1773,139,'Ouarzazate','MO22'),(1774,139,'Oujda','MO23'),(1775,139,'Rabat-Sale','MO24'),(1776,139,'Safi','MO25'),(1777,139,'Settat','MO26'),(1778,139,'Sidi Kacem','MO38'),(1779,139,'Tan-Tan','MO36'),(1780,139,'Tanger','MO27'),(1781,139,'Taounate','MO37'),(1782,139,'Taroudannt','MO39'),(1783,139,'Tata','MO29'),(1784,139,'Taza','MO30'),(1785,139,'Tetouan','MO40'),(1786,139,'Tiznit','MO32'),(1787,140,'Cabo Delgado','MZ01'),(1788,140,'Gaza','MZ02'),(1789,140,'Inhambane','MZ03'),(1790,140,'Manica','MZ10'),(1791,140,'Maputo','MZ04'),(1792,140,'Nampula','MZ06'),(1793,140,'Niassa','MZ07'),(1794,140,'OTHER PROVINCES','MZ00'),(1795,140,'Sofala','MZ05'),(1796,140,'Tete','MZ08'),(1797,140,'Zambezia','MZ09'),(1798,141,'Caprivi','WA28'),(1799,141,'Erongo','WA29'),(1800,141,'Hardap','WA30'),(1801,141,'Karas','WA31'),(1802,141,'Khomas','WA40'),(1803,141,'Kunene','WA32'),(1804,141,'OTHER PROVINCES','WA00'),(1805,141,'Ohangwena','WA33'),(1806,141,'Okavango','WA34'),(1807,141,'Omaheke','WA35'),(1808,141,'Omusati','WA36'),(1809,141,'Oshana','WA37'),(1810,141,'Oshikoto','WA38'),(1811,141,'Otjozondjupa','WA39'),(1812,142,'OTHER PROVINCES','NR00'),(1813,143,'OTHER PROVINCES','NP00'),(1814,144,'Drenthe','NL01'),(1815,144,'Flevoland','NL16'),(1816,144,'Friesland','NL02'),(1817,144,'Gelderland','NL03'),(1818,144,'Groningen','NL04'),(1819,144,'Limburg','NL05'),(1820,144,'Noord-Brabant','NL06'),(1821,144,'Noord-Holland','NL07'),(1822,144,'OTHER PROVINCES','NL00'),(1823,144,'Overijssel','NL15'),(1824,144,'Utrecht','NL09'),(1825,144,'Zeeland','NL10'),(1826,144,'Zuid-Holland','NL11'),(1827,145,'OTHER PROVINCES','NT00'),(1828,146,'OTHER PROVINCES','NC00'),(1829,147,'OTHER PROVINCES','NZ00'),(1830,148,'Boaco','NU01'),(1831,148,'Carazo','NU02'),(1832,148,'Chinandega','NU03'),(1833,148,'Chontales','NU04'),(1834,148,'Esteli','NU05'),(1835,148,'Granada','NU06'),(1836,148,'Jinotega','NU07'),(1837,148,'Leon','NU08'),(1838,148,'Madriz','NU09'),(1839,148,'Managua','NU10'),(1840,148,'Masaya','NU11'),(1841,148,'Matagalpa','NU12'),(1842,148,'Nueva Segovia','NU13'),(1843,148,'Rio San Juan','NU14'),(1844,148,'Rivas','NU15'),(1845,148,'Zelaya','NU16'),(1846,149,'Agadez','NG01'),(1847,149,'Diffa','NG02'),(1848,149,'Dosso','NG03'),(1849,149,'Maradi','NG04'),(1850,149,'Niamey','NG05'),(1851,149,'Tahoua','NG06'),(1852,149,'Zinder','NG07'),(1853,150,'Abia','NI34'),(1854,150,'Abuja Capital Territory','NI11'),(1855,150,'Benue','NI26'),(1856,150,'Delta','NI36'),(1857,150,'Kaduna','NI23'),(1858,150,'Kano','NI29'),(1859,150,'Kogi','NI41'),(1860,150,'Lagos','NI05'),(1861,150,'NI12','NI12'),(1862,150,'NI18','NI18'),(1863,150,'NI20','NI20'),(1864,150,'OTHER PROVINCES','NI00'),(1865,150,'Ogun','NI16'),(1866,150,'Ondo','NI17'),(1867,150,'Oyo','NI32'),(1868,150,'Plateau','NI19'),(1869,150,'Rivers','NI10'),(1870,151,'OTHER PROVINCES','NE00'),(1871,152,'OTHER PROVINCES','NF00'),(1872,153,'Chagang-do','KN01'),(1873,153,'Hamgyong-bukto','KN16'),(1874,153,'Hamgyong-namdo','KN03'),(1875,153,'Hwanghae-bukto','KN07'),(1876,153,'Hwanghae-namdo','KN06'),(1877,153,'Kaesong-si','KN08'),(1878,153,'Kangwon-do','KN09'),(1879,153,'Namp\'o-si','KN14'),(1880,153,'OTHER PROVINCES','KN00'),(1881,153,'P\'yongan-bukto','KN15'),(1882,153,'P\'yongan-bukto','KN11'),(1883,153,'P\'yongyang-si','KN12'),(1884,153,'Yanggang-do','KN13'),(1885,154,'Akershus','NO01'),(1886,154,'Aust-Agder','NO02'),(1887,154,'Buskerud','NO04'),(1888,154,'Finnmark','NO05'),(1889,154,'Hedmark','NO06'),(1890,154,'Hordaland','NO07'),(1891,154,'More og Romsdal','NO08'),(1892,154,'Nord-Trondelag','NO10'),(1893,154,'Nordland','NO09'),(1894,154,'OTHER PROVINCES','NO00'),(1895,154,'Oppland','NO11'),(1896,154,'Oslo','NO12'),(1897,154,'Rogaland','NO14'),(1898,154,'Sogn og Fjordane','NO15'),(1899,154,'Sor-Trondelag','NO16'),(1900,154,'Telemark','NO17'),(1901,154,'Troms','NO18'),(1902,154,'Vest-Agder','NO19'),(1903,154,'Vestfold','NO20'),(1904,154,'?stfold','NO13'),(1905,155,'Al Batinah','MU02'),(1906,155,'Ash Sharqiyah','MU04'),(1907,155,'Az Zahirah','MU05'),(1908,155,'Masqat','MU06'),(1909,155,'Musandam','MU07'),(1910,155,'OTHER PROVINCES','MU00'),(1911,155,'Zufar','MU08'),(1912,156,'Azad Kashmir','PK06'),(1913,156,'Balochistan','PK02'),(1914,156,'Federally Administered Tribal Areas','PK01'),(1915,156,'Islamabad','PK08'),(1916,156,'North-West Frontier','PK03'),(1917,156,'Northern Areas','PK07'),(1918,156,'OTHER PROVINCES','PK00'),(1919,156,'PK99','PK99'),(1920,156,'Punjab','PK04'),(1921,156,'Sindh','PK05'),(1922,157,'OTHER PROVINCES','PS00'),(1923,158,'Bocas del Toro','PM01'),(1924,158,'Chiriqui','PM02'),(1925,158,'Cocle','PM03'),(1926,158,'Colon','PM04'),(1927,158,'Darien','PM05'),(1928,158,'Herrera','PM06'),(1929,158,'Los Santos','PM07'),(1930,158,'OTHER PROVINCES','PM00'),(1931,158,'Panama','PM08'),(1932,158,'San Blas','PM09'),(1933,158,'Veraguas','PM10'),(1934,159,'Bougainville','PP07'),(1935,159,'Central','PP01'),(1936,159,'Chimbu','PP08'),(1937,159,'East New Britain','PP10'),(1938,159,'East Sepik','PP11'),(1939,159,'Eastern Highlands','PP09'),(1940,159,'Enga','PP19'),(1941,159,'Gulf','PP02'),(1942,159,'Madang','PP12'),(1943,159,'Manus','PP13'),(1944,159,'Milne Bay','PP03'),(1945,159,'Morobe','PP14'),(1946,159,'National Capital','PP20'),(1947,159,'New Ireland','PP15'),(1948,159,'Northern','PP04'),(1949,159,'OTHER PROVINCES','PP00'),(1950,159,'Sandaun','PP18'),(1951,159,'Southern Highlands','PP05'),(1952,159,'West New Britain','PP17'),(1953,159,'Western','PP06'),(1954,159,'Western Highlands','PP16'),(1955,160,'Alto Parana','PA01'),(1956,160,'Amambay','PA02'),(1957,160,'Asuncion','PA22'),(1958,160,'Boqueron','PA24'),(1959,160,'Caaguazu','PA04'),(1960,160,'Caazapa','PA05'),(1961,160,'Canindeyu','PA19'),(1962,160,'Central','PA06'),(1963,160,'Concepcion','PA07'),(1964,160,'Cordillera','PA08'),(1965,160,'Guaira','PA10'),(1966,160,'Itapua','PA11'),(1967,160,'Misiones','PA12'),(1968,160,'Neembucu','PA13'),(1969,160,'Paraguari','PA15'),(1970,160,'Presidente Hayes','PA16'),(1971,160,'San Pedro','PA17'),(1972,161,'Amazonas','PE01'),(1973,161,'Ancash','PE02'),(1974,161,'Apurimac','PE03'),(1975,161,'Arequipa','PE04'),(1976,161,'Ayacucho','PE05'),(1977,161,'Cajamarca','PE06'),(1978,161,'Callao','PE07'),(1979,161,'Cusco','PE08'),(1980,161,'Huancavelica','PE09'),(1981,161,'Huanuco','PE10'),(1982,161,'Ica','PE11'),(1983,161,'Junin','PE12'),(1984,161,'La Libertad','PE13'),(1985,161,'Lambayeque','PE14'),(1986,161,'Lima','PE15'),(1987,161,'Loreto','PE16'),(1988,161,'Madre de Dios','PE17'),(1989,161,'Moquegua','PE18'),(1990,161,'OTHER PROVINCES','PE00'),(1991,161,'Pasco','PE19'),(1992,161,'Piura','PE20'),(1993,161,'Puno','PE21'),(1994,161,'San Martin','PE22'),(1995,161,'Tacna','PE23'),(1996,161,'Tumbes','PE24'),(1997,161,'Ucayali','PE25'),(1998,162,'Abra','RP01'),(1999,162,'Agusan del Norte','RP02'),(2000,162,'Agusan del Sur','RP03'),(2001,162,'Aklan','RP04'),(2002,162,'Albay','RP05'),(2003,162,'Angeles','RPA1'),(2004,162,'Antique','RP06'),(2005,162,'Aurora','RPG8'),(2006,162,'Bacolod','RPA2'),(2007,162,'Bago','RPA3'),(2008,162,'Baguio','RPA4'),(2009,162,'Bais','RPA5'),(2010,162,'Basilan','RP22'),(2011,162,'Bataan','RP07'),(2012,162,'Batanes','RP08'),(2013,162,'Batangas','RP09'),(2014,162,'Batangas City','RPA7'),(2015,162,'Benguet','RP10'),(2016,162,'Bohol','RP11'),(2017,162,'Bukidnon','RP12'),(2018,162,'Bulacan','RP13'),(2019,162,'Butuan','RPA8'),(2020,162,'Cabanatuan','RPA9'),(2021,162,'Cadiz','RPB1'),(2022,162,'Cagayan','RP14'),(2023,162,'Cagayan de Oro','RPB2'),(2024,162,'Calbayog','RPB3'),(2025,162,'Caloocan','RPB4'),(2026,162,'Camarines Norte','RP15'),(2027,162,'Camarines Sur','RP16'),(2028,162,'Camiguin','RP17'),(2029,162,'Canlaon','RPB5'),(2030,162,'Capiz','RP18'),(2031,162,'Catanduanes','RP19'),(2032,162,'Cavite','RP20'),(2033,162,'Cavite City','RPB6'),(2034,162,'Cebu','RP21'),(2035,162,'Cebu City','RPB7'),(2036,162,'Cotabato','RPB8'),(2037,162,'Dagupan','RPB9'),(2038,162,'Danao','RPC1'),(2039,162,'Dapitane','RPC2'),(2040,162,'Davao City','RPC3'),(2041,162,'Davao Oriental','RP26'),(2042,162,'Davao del Norte','RP24'),(2043,162,'Davao del Sur','RP25'),(2044,162,'Dipolog','RPC4'),(2045,162,'Dumaguete','RPC5'),(2046,162,'Eastern Samar','RP23'),(2047,162,'General Santos','RPC6'),(2048,162,'Gingoog','RPC7'),(2049,162,'Ifugao','RP27'),(2050,162,'Iligan','RPC8'),(2051,162,'Ilocos Norte','RP28'),(2052,162,'Ilocos Sur','RP29'),(2053,162,'Iloilo','RP30'),(2054,162,'Iloilo City','RPC9'),(2055,162,'Iriga','RPD1'),(2056,162,'Isabela','RP31'),(2057,162,'Kalinga-Apayao','RP32'),(2058,162,'La Carlota','RPD2'),(2059,162,'La Union','RP36'),(2060,162,'Laguna','RP33'),(2061,162,'Lanao del Norte','RP34'),(2062,162,'Lanao del Sur','RP35'),(2063,162,'Laoag','RPD3'),(2064,162,'LapuLapu','RPD4'),(2065,162,'Legaspi','RPD5'),(2066,162,'Leyte','RP37'),(2067,162,'Lipa','RPD6'),(2068,162,'Lucena','RPD7'),(2069,162,'Maguindanao','RP56'),(2070,162,'Mandaue','RPD8'),(2071,162,'Manila','RPD9'),(2072,162,'Marawi','RPE1'),(2073,162,'Marinduque','RP38'),(2074,162,'Masbate','RP39'),(2075,162,'Mindoro Occidental','RP40'),(2076,162,'Mindoro Oriental','RP41'),(2077,162,'Misamis Occidental','RP42'),(2078,162,'Misamis Oriental','RP43'),(2079,162,'Mountain','RP44'),(2080,162,'Naga','RPE2'),(2081,162,'Negros Occidental','RPH3'),(2082,162,'Negros Oriental','RP46'),(2083,162,'North Cotabato','RP57'),(2084,162,'Northern Samar','RP67'),(2085,162,'Nueva Ecija','RP47'),(2086,162,'Nueva Vizcaya','RP48'),(2087,162,'OTHER PROVINCES','RP00'),(2088,162,'Olongapo','RPE3'),(2089,162,'Ormoc','RPE4'),(2090,162,'Oroquieta','RPE5'),(2091,162,'Ozamis','RPE6'),(2092,162,'Pagadiane','RPE7'),(2093,162,'Palawan','RP49'),(2094,162,'Palayan','RPE8'),(2095,162,'Pampanga','RP50'),(2096,162,'Pangasinan','RP51'),(2097,162,'Pasay','RPE9'),(2098,162,'Puerto Princesa','RPF1'),(2099,162,'Quezon','RPH2'),(2100,162,'Quezon City','RPF2'),(2101,162,'Quirino','RP68'),(2102,162,'RP45','RP45'),(2103,162,'Rizal','RP53'),(2104,162,'Romblon','RP54'),(2105,162,'Roxas','RPF3'),(2106,162,'Samar','RP55'),(2107,162,'San Carlos, Negros Occidental','RPF4'),(2108,162,'San Carlos, Pangasinan','RPF5'),(2109,162,'San Jose','RPF6'),(2110,162,'San Pablo','RPF7'),(2111,162,'Silay','RPF8'),(2112,162,'Siquijor','RP69'),(2113,162,'Sorsogon','RP58'),(2114,162,'South Cotabato','RP70'),(2115,162,'Southern Leyte','RP59'),(2116,162,'Sultan Kudarat','RP71'),(2117,162,'Sulu','RP60'),(2118,162,'Surigao','RPF9'),(2119,162,'Surigao del Norte','RP61'),(2120,162,'Surigao del Sur','RP62'),(2121,162,'Tacloban','RPG1'),(2122,162,'Tagaytay','RPG2'),(2123,162,'Tagbilaran','RPG3'),(2124,162,'Tangub','RPG4'),(2125,162,'Tarlac','RP63'),(2126,162,'Tawi-Tawi','RP72'),(2127,162,'Toledo','RPG5'),(2128,162,'Trece Martires','RPG6'),(2129,162,'Zambales','RP64'),(2130,162,'Zamboanga','RPG7'),(2131,162,'Zamboanga del Norte','RP65'),(2132,162,'Zamboanga del Sur','RP66'),(2133,163,'OTHER PROVINCES','PC00'),(2134,164,'Biala Podlaska','PL23'),(2135,164,'Bialystok','PL24'),(2136,164,'Bielsko','PL25'),(2137,164,'Bydgoszcz','PL26'),(2138,164,'Chelm','PL27'),(2139,164,'Ciechanow','PL28'),(2140,164,'Czestochowa','PL29'),(2141,164,'Elblag','PL30'),(2142,164,'Gdansk','PL31'),(2143,164,'Gorzow','PL32'),(2144,164,'Jelenia Gora','PL33'),(2145,164,'Kalisz','PL34'),(2146,164,'Katowice','PL35'),(2147,164,'Kielce','PL36'),(2148,164,'Konin','PL37'),(2149,164,'Koszalin','PL38'),(2150,164,'Krakow','PL39'),(2151,164,'Krosno','PL40'),(2152,164,'Legnica','PL41'),(2153,164,'Leszno','PL42'),(2154,164,'Lodz','PL43'),(2155,164,'Lomza','PL44'),(2156,164,'Lublin','PL45'),(2157,164,'Nowy Sacz','PL46'),(2158,164,'OTHER PROVINCES','PL00'),(2159,164,'Olsztyn','PL47'),(2160,164,'Opole','PL48'),(2161,164,'Ostroleka','PL49'),(2162,164,'Pila','PL50'),(2163,164,'Piotrkow','PL51'),(2164,164,'Plock','PL52'),(2165,164,'Poznan','PL53'),(2166,164,'Przemysl','PL54'),(2167,164,'Radom','PL55'),(2168,164,'Rzeszow','PL56'),(2169,164,'Siedlce','PL57'),(2170,164,'Sieradz','PL58'),(2171,164,'Skierniewice','PL59'),(2172,164,'Slupsk','PL60'),(2173,164,'Suwalki','PL61'),(2174,164,'Szczecin','PL62'),(2175,164,'Tarnobrzeg','PL63'),(2176,164,'Tarnow','PL64'),(2177,164,'Torun','PL65'),(2178,164,'Walbrzych','PL66'),(2179,164,'Warszawa','PL67'),(2180,164,'Wloclawek','PL68'),(2181,164,'Wroclaw','PL69'),(2182,164,'Zamosc','PL70'),(2183,164,'Zielona Gora','PL71'),(2184,165,'Aveiro','PO02'),(2185,165,'Azores','PO23'),(2186,165,'Beja','PO03'),(2187,165,'Braga','PO04'),(2188,165,'Braganca','PO05'),(2189,165,'Castelo Branco','PO06'),(2190,165,'Coimbra','PO07'),(2191,165,'Evora','PO08'),(2192,165,'Faro','PO09'),(2193,165,'Guarda','PO11'),(2194,165,'Leiria','PO13'),(2195,165,'Lisboa','PO14'),(2196,165,'Madeira','PO10'),(2197,165,'OTHER PROVINCES','PO00'),(2198,165,'Portalegre','PO16'),(2199,165,'Porto','PO17'),(2200,165,'Santarem','PO18'),(2201,165,'Setubal','PO19'),(2202,165,'Viana do Castelo','PO20'),(2203,165,'Vila Real','PO21'),(2204,165,'Viseu','PO22'),(2205,166,'Other Province','PR00'),(2206,167,'Ad Dawhah','QA01'),(2207,167,'Al Wakrah','QA05'),(2208,167,'Madinat ash Shamal','QA08'),(2209,167,'OTHER PROVINCES','QA00'),(2210,167,'Umm Salal','QA09'),(2211,168,'OTHER PROVINCES','RE00'),(2212,169,'Caras-Severin','RO12'),(2213,169,'Mehedinti','RO26'),(2214,169,'OTHER PROVINCES','RO00'),(2215,169,'Timis','RO36'),(2216,170,'Adygeya','RS01'),(2217,170,'Aginskiy Buryatskiy Avtonomnyy Okrug','RS02'),(2218,170,'Altay','RS03'),(2219,170,'Altayskiy Kray','RS04'),(2220,170,'Amurskaya Oblast\'','RS05'),(2221,170,'Arkhangel\'skaya Oblast\'','RS06'),(2222,170,'Astrakhanskaya Oblast\'','RS07'),(2223,170,'Bashkortostan','RS08'),(2224,170,'Belgorodskaya Oblast\'','RS09'),(2225,170,'Bryanskaya Oblast\'','RS10'),(2226,170,'Buryatiya','RS11'),(2227,170,'Chechnya','RS12'),(2228,170,'Chelyabinskaya Oblast\'','RS13'),(2229,170,'Chitinskaya Oblast\'','RS14'),(2230,170,'Chukotskiy Avtonomnyy Okrug','RS15'),(2231,170,'Chuvashiya','RS16'),(2232,170,'Dagestan','RS17'),(2233,170,'Evenkiyskiy Avtonomnyy Okrug','RS18'),(2234,170,'Ingushetiya','RS19'),(2235,170,'Irkutskaya Oblast\'','RS20'),(2236,170,'Ivanovskaya Oblast\'','RS21'),(2237,170,'Kabardino-Balkariya','RS22'),(2238,170,'Kaliningradskaya Oblast\'','RS23'),(2239,170,'Kalmykiya','RS24'),(2240,170,'Kaluzhskaya Oblast\'','RS25'),(2241,170,'Kamchatskaya Oblast\'','RS26'),(2242,170,'Karachayevo-Cherkesiya','RS27'),(2243,170,'Kareliya','RS28'),(2244,170,'Kemerovskaya Oblast\'','RS29'),(2245,170,'Khabarovskiy Kray','RS30'),(2246,170,'Khakasiya','RS31'),(2247,170,'Khanty-Mansiyskiy Avtonomnyy Okrug','RS32'),(2248,170,'Kirovskaya Oblast\'','RS33'),(2249,170,'Komi','RS34'),(2250,170,'Komi-Permyatskiy Avtonomnyy Okrug','RS35'),(2251,170,'Koryakskiy Avtonomnyy Okrug','RS36'),(2252,170,'Kostromskaya Oblast\'','RS37'),(2253,170,'Krasnodarskiy Kray','RS38'),(2254,170,'Krasnoyarskiy Kray','RS39'),(2255,170,'Kurganskaya Oblast\'','RS40'),(2256,170,'Kurskaya Oblast\'','RS41'),(2257,170,'Leningradskaya Oblast\'','RS42'),(2258,170,'Lipetskaya Oblast\'','RS43'),(2259,170,'Magadanskaya Oblast\'','RS44'),(2260,170,'Mariy-El','RS45'),(2261,170,'Mordoviya','RS46'),(2262,170,'Moskovskaya Oblast\'','RS47'),(2263,170,'Moskva','RS48'),(2264,170,'Murmanskaya Oblast\'','RS49'),(2265,170,'Nenetskiy Avtonomnyy Okrug','RS50'),(2266,170,'Nizhegorodskaya Oblast\'','RS51'),(2267,170,'Novgorodskaya Oblast\'','RS52'),(2268,170,'Novosibirskaya Oblast\'','RS53'),(2269,170,'OTHER PROVINCES','RS00'),(2270,170,'Omskaya Oblast\'','RS54'),(2271,170,'Orenburgskaya Oblast\'','RS55'),(2272,170,'Orlovskaya Oblast\'','RS56'),(2273,170,'Penzenskaya Oblast\'','RS57'),(2274,170,'Permskaya Oblast\'','RS58'),(2275,170,'Primorskiy Kray','RS59'),(2276,170,'Pskovskaya Oblast\'','RS60'),(2277,170,'RSJA','RSJA'),(2278,170,'Rostovskaya Oblast\'','RS61'),(2279,170,'Ryazanskaya Oblast\'','RS62'),(2280,170,'Sakha (Yakutiya)','RS63'),(2281,170,'Sakhalinskaya Oblast\'','RS64'),(2282,170,'Samarskaya Oblast\'','RS65'),(2283,170,'Sankt-Peterburg','RS66'),(2284,170,'Saratovskaya Oblast\'','RS67'),(2285,170,'Severnaya Osetiya-Alaniya','RS68'),(2286,170,'Smolenskaya Oblast\'','RS69'),(2287,170,'Stavropol\'skiy Kray','RS70'),(2288,170,'Sverdlovskaya Oblast\'','RS71'),(2289,170,'Tambovskaya Oblast\'','RS72'),(2290,170,'Tatarstan','RS73'),(2291,170,'Taymyrskiy (Dolgano-Nenetskiy) Avtonomnyy Okrug','RS74'),(2292,170,'Tomskaya Oblast\'','RS75'),(2293,170,'Tul\'skaya Oblast\'','RS76'),(2294,170,'Tverskaya Oblast\'','RS77'),(2295,170,'Tyumenskaya Oblast\'','RS78'),(2296,170,'Tyva','RS79'),(2297,170,'Udmurtiya','RS80'),(2298,170,'Ul\'yanovskaya Oblast\'','RS81'),(2299,170,'Ust\'-Ordynskiy Buryatskiy Avtonomnyy Okrug','RS82'),(2300,170,'Vladimirskaya Oblast\'','RS83'),(2301,170,'Volgogradskaya Oblast\'','RS84'),(2302,170,'Vologodskaya oblast\'','RS85'),(2303,170,'Voronezhskaya Oblast\'','RS86'),(2304,170,'Yamalo-Nenetskiy Avtonomnyy Okrug','RS87'),(2305,170,'Yaroslavskaya Oblast\'','RS88'),(2306,170,'Yevreyskaya Avtonomnyy Oblast\'','RS89'),(2307,171,'Butare','RW01'),(2308,171,'Byumba','RW02'),(2309,171,'Cyangugu','RW03'),(2310,171,'Gikongoro','RW04'),(2311,171,'Gisenyi','RW05'),(2312,171,'Gitarama','RW06'),(2313,171,'Kibungo','RW07'),(2314,171,'Kibuye','RW08'),(2315,171,'Kigali','RW09'),(2316,171,'Ruhengeri','RW10'),(2317,172,'OTHER PROVINCES','SX00'),(2318,173,'Christ Church Nicholatown','SC01'),(2319,173,'OTHER PROVINCES','SC00'),(2320,173,'Saint Anne Sandy Point','SC02'),(2321,173,'Saint George Basseterre','SC03'),(2322,173,'Saint George Gingerland','SC04'),(2323,173,'Saint James Windward','SC05'),(2324,173,'Saint John Capesterre','SC06'),(2325,173,'Saint John Figtree','SC07'),(2326,173,'Saint Mary Cayon','SC08'),(2327,173,'Saint Paul Capesterre','SC09'),(2328,173,'Saint Paul Charlestown','SC10'),(2329,173,'Saint Peter Basseterre','SC11'),(2330,173,'Saint Thomas Lowland','SC12'),(2331,173,'Saint Thomas Middle Island','SC13'),(2332,173,'Trinity Palmetto Point','SC15'),(2333,174,'Anse-la-Raye','ST01'),(2334,174,'Castries','ST03'),(2335,174,'Choiseul','ST04'),(2336,174,'Dauphin','ST02'),(2337,174,'Dennery','ST05'),(2338,174,'Gros-Islet','ST06'),(2339,174,'Laborie','ST07'),(2340,174,'Micoud','ST08'),(2341,174,'OTHER PROVINCES','ST00'),(2342,174,'Praslin','ST11'),(2343,174,'Soufriere','ST09'),(2344,174,'Vieux-Fort','ST10'),(2345,175,'OTHER PROVINCES','WS00'),(2346,176,'OTHER PROVINCES','SM00'),(2347,177,'Principe','TP01'),(2348,177,'Sao Tome','TP02'),(2349,178,'Al Bahah','SA02'),(2350,178,'Al Hudud ash Shamaliyah','SA15'),(2351,178,'Al Jawf','SA20'),(2352,178,'Al Madinah','SA05'),(2353,178,'Al Qasim','SA08'),(2354,178,'Ar Riyad','SA10'),(2355,178,'Ash Sharqiyah','SA06'),(2356,178,'Ha\'il','SA13'),(2357,178,'Jizan','SA17'),(2358,178,'Makkah','SA14'),(2359,178,'OTHER PROVINCES','SA00'),(2360,178,'Tabuk','SA19'),(2361,179,'Dakar','SG01'),(2362,179,'Diourbel','SG03'),(2363,179,'Fatick','SG09'),(2364,179,'Kaolack','SG10'),(2365,179,'Kolda','SG11'),(2366,179,'Louga','SG08'),(2367,179,'OTHER PROVINCES','SG00'),(2368,179,'Saint-Louis','SG04'),(2369,179,'Tambacounda','SG05'),(2370,179,'Thies','SG07'),(2371,179,'Ziguinchor','SG12'),(2372,180,'Kosovo i Metohija','SR01'),(2373,180,'OTHER PROVINCES','SR00'),(2374,180,'Vojvodina','SR02'),(2375,181,'Beau Vallon','SE08'),(2376,181,'OTHER PROVINCES','SE00'),(2377,182,'Eastern','SL01'),(2378,182,'Northern','SL02'),(2379,182,'OTHER PROVINCES','SL00'),(2380,182,'Southern','SL03'),(2381,182,'Western Area','SL04'),(2382,183,'UNKNOWN PROVINCE','SN00'),(2383,184,'OTHER PROVINCES','LO00'),(2384,185,'OTHER PROVINCES','SI00'),(2385,186,'Makira','BP08'),(2386,186,'OTHER PROVINCES','BP00'),(2387,187,'Bakool','SO01'),(2388,187,'Banaadir','SO02'),(2389,187,'Bari','SO03'),(2390,187,'Bay','SO04'),(2391,187,'Galguduud','SO05'),(2392,187,'Gedo','SO06'),(2393,187,'Hiiraan','SO07'),(2394,187,'Jubbada Dhexe','SO08'),(2395,187,'Jubbada Hoose','SO09'),(2396,187,'Mudug','SO10'),(2397,187,'Nugaal','SO11'),(2398,187,'OTHER PROVINCES','SO00'),(2399,187,'SO17','SO17'),(2400,187,'Sanaag','SO12'),(2401,187,'Shabeellaha Dhexe','SO13'),(2402,187,'Shabeellaha Hoose','SO14'),(2403,187,'Togdheer','SO15'),(2404,187,'Woqooyi Galbeed','SO16'),(2410,189,'Ch\'ungch\'ong-bukto','KS05'),(2411,189,'Ch\'ungch\'ong-namdo','KS17'),(2412,189,'Cheju-do','KS01'),(2413,189,'Cholla-bukto','KS03'),(2414,189,'Cholla-namdo','KS16'),(2415,189,'Inch\'on-gwangyoksi','KS12'),(2416,189,'Kangwon-do','KS06'),(2417,189,'Kwangju-gwangyoksi','KS18'),(2418,189,'Kyonggi-do','KS13'),(2419,189,'Kyongsang-bukto','KS14'),(2420,189,'Kyongsang-namdo','KS08'),(2421,189,'OTHER PROVINCES','KS00'),(2422,189,'Pusan-gwangyoksi','KS10'),(2423,189,'Soul-t\'ukpyolsi','KS11'),(2424,189,'Taegu-gwangyoksi','KS15'),(2425,189,'Taejon-gwangyoksi','KS19'),(2426,190,'Asturias','SP34'),(2427,190,'Cantabria','SP39'),(2428,190,'Galicia','SP58'),(2429,190,'Islas Baleares','SP07'),(2430,190,'La Rioja','SP27'),(2431,190,'Madrid','SP29'),(2432,190,'Murcia','SP31'),(2433,190,'Navarra','SP32'),(2434,190,'OTHER PROVINCES','SP00'),(2435,190,'SP01','SP01'),(2436,190,'SP02','SP02'),(2437,190,'SP03','SP03'),(2438,190,'SP04','SP04'),(2439,190,'SP05','SP05'),(2440,190,'SP06','SP06'),(2441,190,'SP08','SP08'),(2442,190,'SP09','SP09'),(2443,190,'SP10','SP10'),(2444,190,'SP11','SP11'),(2445,190,'SP12','SP12'),(2446,190,'SP13','SP13'),(2447,190,'SP14','SP14'),(2448,190,'SP15','SP15'),(2449,190,'SP16','SP16'),(2450,190,'SP17','SP17'),(2451,190,'SP18','SP18'),(2452,190,'SP19','SP19'),(2453,190,'SP20','SP20'),(2454,190,'SP21','SP21'),(2455,190,'SP22','SP22'),(2456,190,'SP23','SP23'),(2457,190,'SP24','SP24'),(2458,190,'SP25','SP25'),(2459,190,'SP26','SP26'),(2460,190,'SP28','SP28'),(2461,190,'SP30','SP30'),(2462,190,'SP33','SP33'),(2463,190,'SP35','SP35'),(2464,190,'SP36','SP36'),(2465,190,'SP37','SP37'),(2466,190,'SP38','SP38'),(2467,190,'SP40','SP40'),(2468,190,'SP41','SP41'),(2469,190,'SP42','SP42'),(2470,190,'SP43','SP43'),(2471,190,'SP44','SP44'),(2472,190,'SP45','SP45'),(2473,190,'SP46','SP46'),(2474,190,'SP47','SP47'),(2475,190,'SP48','SP48'),(2476,190,'SP49','SP49'),(2477,190,'SP50','SP50'),(2478,191,'Central','CE29'),(2479,191,'North Central','CE30'),(2480,191,'North Eastern','CE31'),(2481,191,'North Western','CE32'),(2482,191,'Sabaragamuwa','CE33'),(2483,191,'Southern','CE34'),(2484,191,'Uva','CE35'),(2485,191,'Western','CE36'),(2486,192,'Charlotte','VC01'),(2487,192,'Grenadines','VC06'),(2488,192,'Saint Andrew','VC02'),(2489,192,'Saint David','VC03'),(2490,192,'Saint George','VC04'),(2491,192,'Saint Patrick','VC05'),(2492,193,'A\'ali an Nil','SU26'),(2493,193,'Al Istiwa\'iyah','SU28'),(2494,193,'Al Jazirah','SU38'),(2495,193,'Al Khartum','SU29'),(2496,193,'Ash Shamaliyah','SU30'),(2497,193,'SU27','SU27'),(2498,193,'SU31','SU31'),(2499,193,'SU32','SU32'),(2500,193,'SU33','SU33'),(2501,193,'SU34','SU34'),(2502,194,'Brokopondo','NS10'),(2503,194,'Commewijne','NS11'),(2504,194,'Coronie','NS12'),(2505,194,'Marowijne','NS13'),(2506,194,'Nickerie','NS14'),(2507,194,'OTHER PROVINCES','NS00'),(2508,194,'Para','NS15'),(2509,194,'Paramaribo','NS16'),(2510,194,'Saramacca','NS17'),(2511,194,'Sipaliwini','NS18'),(2512,194,'Wanica','NS19'),(2513,195,'OTHER PROVINCES','SV00'),(2514,196,'Hhohho','WZ01'),(2515,196,'Manzini','WZ03'),(2516,196,'OTHER PROVINCES','WZ00'),(2517,196,'Shiselweni','WZ04'),(2518,197,'Blekinge Lan','SW02'),(2519,197,'Dalarnas Lan','SW10'),(2520,197,'Gavleborgs Lan','SW03'),(2521,197,'Gotlands Lan','SW05'),(2522,197,'Hallands Lan','SW06'),(2523,197,'Jamtlands Lan','SW07'),(2524,197,'Jonkopings Lan','SW08'),(2525,197,'Kalmar Lan','SW09'),(2526,197,'Kronobergs Lan','SW12'),(2527,197,'Norrbottens Lan','SW14'),(2528,197,'OTHER PROVINCES','SW00'),(2529,197,'Orebro Lan','SW15'),(2530,197,'Ostergotlands Lan','SW16'),(2531,197,'Skane Lan','SW27'),(2532,197,'Sodermanlands Lan','SW18'),(2533,197,'Stockholms Lan','SW26'),(2534,197,'Uppsala Lan','SW21'),(2535,197,'Varmlands Lan','SW22'),(2536,197,'Vasterbottens Lan','SW23'),(2537,197,'Vasternorrlands Lan','SW24'),(2538,197,'Vastmanlands Lan','SW25'),(2539,197,'Vastra Gotaland','SW28'),(2544,199,'Al Hasakah','SY01'),(2545,199,'Al Ladhiqiyah','SY02'),(2546,199,'Al Qunaytirah','SY03'),(2547,199,'Ar Raqqah','SY04'),(2548,199,'As Suwayda\'','SY05'),(2549,199,'Dar\'a','SY06'),(2550,199,'Dayr az Zawr','SY07'),(2551,199,'Dimashq','SY13'),(2552,199,'Halab','SY09'),(2553,199,'Hamah','SY10'),(2554,199,'Hims','SY11'),(2555,199,'Idlib','SY12'),(2556,199,'OTHER PROVINCES','SY00'),(2557,199,'Rif Dimashq','SY08'),(2558,199,'Tartus','SY14'),(2559,200,'OTHER PROVINCES','TW00'),(2560,201,'Khatlon','TI02'),(2561,201,'Kuhistoni Badakhshon','TI01'),(2562,201,'Leninobod','TI03'),(2563,201,'OTHER PROVINCES','TI00'),(2564,202,'OTHER PROVINCES','TZ00'),(2565,202,'Ziwa Magharibi','TZ19'),(2566,203,'Amnat Charoen','TH77'),(2567,203,'Ang Thong','TH35'),(2568,203,'Buriram','TH28'),(2569,203,'Chachoengsao','TH44'),(2570,203,'Chai Nat','TH32'),(2571,203,'Chaiyaphum','TH26'),(2572,203,'Chanthaburi','TH48'),(2573,203,'Chiang Mai','TH02'),(2574,203,'Chiang Rai','TH03'),(2575,203,'Chon Buri','TH46'),(2576,203,'Chumphon','TH58'),(2577,203,'Kalasin','TH23'),(2578,203,'Kamphaeng Phet','TH11'),(2579,203,'Kanchanaburi','TH50'),(2580,203,'Khon Kaen','TH22'),(2581,203,'Krabi','TH63'),(2582,203,'Krung Thep Mahanakhon','TH40'),(2583,203,'Lampang','TH06'),(2584,203,'Lamphun','TH05'),(2585,203,'Loei','TH18'),(2586,203,'Lop Buri','TH34'),(2587,203,'Mae Hong Son','TH01'),(2588,203,'Maha Sarakham','TH24'),(2589,203,'Mukdahan','TH78'),(2590,203,'Nakhon Nayok','TH43'),(2591,203,'Nakhon Pathom','TH53'),(2592,203,'Nakhon Phanom','TH73'),(2593,203,'Nakhon Phanom','TH21'),(2594,203,'Nakhon Ratchasima','TH27'),(2595,203,'Nakhon Sawan','TH16'),(2596,203,'Nakon Si Thammarat','TH64'),(2597,203,'Nan','TH04'),(2598,203,'Narathiwat','TH31'),(2599,203,'Nong Bua Lamphu','TH79'),(2600,203,'Nong Khai','TH17'),(2601,203,'Nonthaburi','TH38'),(2602,203,'OTHER PROVINCES','TH00'),(2603,203,'Pathum Thani','TH39'),(2604,203,'Pattani','TH69'),(2605,203,'Phangnga','TH61'),(2606,203,'Phatthalung','TH66'),(2607,203,'Phayao','TH41'),(2608,203,'Phetchabun','TH14'),(2609,203,'Phetchaburi','TH56'),(2610,203,'Phichit','TH13'),(2611,203,'Phitsanulok','TH12'),(2612,203,'Phra Nakhon Si Ayutthaya','TH36'),(2613,203,'Phrae','TH07'),(2614,203,'Phuket','TH62'),(2615,203,'Prachin Buri','TH74'),(2616,203,'Prachin Buri','TH45'),(2617,203,'Prachuap Khiri Khan','TH57'),(2618,203,'Ranong','TH59'),(2619,203,'Ratchaburi','TH52'),(2620,203,'Rayong','TH47'),(2621,203,'Roi Et','TH25'),(2622,203,'Sa Kaeo','TH80'),(2623,203,'Sakon Nakhon','TH20'),(2624,203,'Samut Prakan','TH42'),(2625,203,'Samut Sakhon','TH55'),(2626,203,'Samut Songkhram','TH54'),(2627,203,'Sara Buri','TH37'),(2628,203,'Satun','TH67'),(2629,203,'Sing Buri','TH33'),(2630,203,'Sisaket','TH30'),(2631,203,'Songkhla','TH68'),(2632,203,'Sukhothai','TH09'),(2633,203,'Suphan Buri','TH51'),(2634,203,'Surat Thani','TH60'),(2635,203,'Surin','TH29'),(2636,203,'Tak','TH08'),(2637,203,'Trang','TH65'),(2638,203,'Trat','TH49'),(2639,203,'Ubon Ratchanthani','TH75'),(2640,203,'Ubon Ratchathani','TH71'),(2641,203,'Udon Thani','TH76'),(2642,203,'Udon Thani','TH19'),(2643,203,'Uthai Thani','TH15'),(2644,203,'Uttaradit','TH10'),(2645,203,'Yala','TH70'),(2646,203,'Yasothon','TH72'),(2647,204,'Amlame','TO01'),(2648,204,'Aneho','TO02'),(2649,204,'Atakpame','TO03'),(2650,204,'Bafilo','TO04'),(2651,204,'Bassar','TO05'),(2652,204,'Dapaong','TO06'),(2653,204,'Kante','TO07'),(2654,204,'Klouto','TO08'),(2655,204,'Kpagouda','TO14'),(2656,204,'Lome','TO10'),(2657,204,'Mango','TO11'),(2658,204,'Niamtougou','TO12'),(2659,204,'Notse','TO13'),(2660,204,'OTHER PROVINCES','TO00'),(2661,204,'Sotouboua','TO16'),(2662,204,'Tabligbo','TO17'),(2663,204,'Tchamba','TO19'),(2664,204,'Tsevie','TO18'),(2665,204,'Vogan','TO21'),(2666,205,'OTHER PROVINCES','TL00'),(2667,206,'Ha\'apai','TN01'),(2668,206,'Tongatapu','TN02'),(2669,206,'Vava\'u','TN03'),(2670,207,'Arima','TD01'),(2671,207,'Caroni','TD02'),(2672,207,'Mayaro','TD03'),(2673,207,'Nariva','TD04'),(2674,207,'Port-of-Spain','TD05'),(2675,207,'Saint Andrew','TD06'),(2676,207,'Saint David','TD07'),(2677,207,'Saint George','TD08'),(2678,207,'Saint Patrick','TD09'),(2679,207,'San Fernando','TD10'),(2680,207,'Tobago','TD11'),(2681,207,'Victoria','TD12'),(2682,208,'Al Kaf','TS14'),(2683,208,'Al Mahdiyah','TS15'),(2684,208,'Al Munastir','TS16'),(2685,208,'Al Qasrayn','TS02'),(2686,208,'Al Qayrawan','TS03'),(2687,208,'Aryanah','TS26'),(2688,208,'Bajah','TS17'),(2689,208,'Banzart','TS18'),(2690,208,'Bin \'Arus','TS27'),(2691,208,'Jundubah','TS06'),(2692,208,'Madanin','TS28'),(2693,208,'Nabul','TS19'),(2694,208,'OTHER PROVINCES','TS00'),(2695,208,'Qabis','TS29'),(2696,208,'Qafsah','TS30'),(2697,208,'Qibili','TS31'),(2698,208,'Safaqi','TS32'),(2699,208,'Sidi Bu Zayd','TS33'),(2700,208,'Silyanah','TS22'),(2701,208,'Susah','TS23'),(2702,208,'Tatawin','TS34'),(2703,208,'Tawzar','TS35'),(2704,208,'Tunis','TS36'),(2705,208,'Zaghwan','TS37'),(2706,209,'Adana','TU01'),(2707,209,'Adiyaman','TU02'),(2708,209,'Afyon','TU03'),(2709,209,'Agri','TU04'),(2710,209,'Amasya','TU05'),(2711,209,'Antalya','TU07'),(2712,209,'Artvin','TU08'),(2713,209,'Aydin','TU09'),(2714,209,'Balikesir','TU10'),(2715,209,'Bilecik','TU11'),(2716,209,'Bingol','TU12'),(2717,209,'Bitlis','TU13'),(2718,209,'Bolu','TU14'),(2719,209,'Burdur','TU15'),(2720,209,'Bursa','TU16'),(2721,209,'Canakkale','TU17'),(2722,209,'Cankiri','TU18'),(2723,209,'Corum','TU19'),(2724,209,'Denizli','TU20'),(2725,209,'Diyarbakir','TU21'),(2726,209,'Edirne','TU22'),(2727,209,'Elazig','TU23'),(2728,209,'Erzincan','TU24'),(2729,209,'Erzurum','TU25'),(2730,209,'Eskisehir','TU26'),(2731,209,'Gaziantep','TU27'),(2732,209,'Giresun','TU28'),(2733,209,'Hatay','TU31'),(2734,209,'Icel','TU32'),(2735,209,'Isparta','TU33'),(2736,209,'Istanbul','TU34'),(2737,209,'Izmir','TU35'),(2738,209,'Kars','TU36'),(2739,209,'Kastamonu','TU37'),(2740,209,'Kayseri','TU38'),(2741,209,'Kirklareli','TU39'),(2742,209,'Kirsehir','TU40'),(2743,209,'Kocaeli','TU41'),(2744,209,'Konya','TU71'),(2745,209,'Kutahya','TU43'),(2746,209,'Malatya','TU44'),(2747,209,'Manisa','TU45'),(2748,209,'Mugla','TU48'),(2749,209,'Mus','TU49'),(2750,209,'Nevsehir','TU50'),(2751,209,'OTHER PROVINCES','TU00'),(2752,209,'Ordu','TU52'),(2753,209,'Rize','TU53'),(2754,209,'Sakarya','TU54'),(2755,209,'Samsun','TU55'),(2756,209,'Sinop','TU57'),(2757,209,'Sirnak','TU80'),(2758,209,'Sivas','TU58'),(2759,209,'TU06','TU06'),(2760,209,'TU29','TU29'),(2761,209,'TU30','TU30'),(2762,209,'TU42','TU42'),(2763,209,'TU46','TU46'),(2764,209,'TU47','TU47'),(2765,209,'TU51','TU51'),(2766,209,'TU56','TU56'),(2767,209,'Tekirdag','TU59'),(2768,209,'Tokat','TU60'),(2769,209,'Trabzon','TU61'),(2770,209,'Tunceli','TU62'),(2771,209,'Urfa','TU63'),(2772,209,'Usak','TU64'),(2773,209,'Van','TU65'),(2774,209,'Yozgat','TU66'),(2775,209,'Zonguldak','TU67'),(2776,210,'OTHER PROVINCES','TX00'),(2777,211,'OTHER PROVINCES','TK00'),(2778,212,'OTHER PROVINCES','TV00'),(2779,213,'OTHER PROVINCES','UG00'),(2780,214,'Cherkas\'ka Oblast\'','UP01'),(2781,214,'Chernihivs\'ka Oblast\'','UP02'),(2782,214,'Chernivets\'ka Oblast\'','UP03'),(2783,214,'Dnipropetrovs\'ka Oblast\'','UP04'),(2784,214,'Donets\'ka Oblast\'','UP05'),(2785,214,'Ivano-Frankivs\'ka Oblast\'','UP06'),(2786,214,'Kharkivs\'ka Oblast\'','UP07'),(2787,214,'Khersons\'ka Oblast\'','UP08'),(2788,214,'Khmel\'nyts\'ka Oblast\'','UP09'),(2789,214,'Kirovohrads\'ka Oblast\'','UP10'),(2790,214,'Krym, Avtonomna Respublika','UP11'),(2791,214,'Kyyivs\'ka Oblast\'','UP13'),(2792,214,'L\'vivs\'ka Oblast\'','UP15'),(2793,214,'Luhans\'ka Oblast\'','UP14'),(2794,214,'Mykolayivs\'ka Oblast\'','UP16'),(2795,214,'OTHER PROVINCES','UP00'),(2796,214,'Odes\'ka Oblast','UP17'),(2797,214,'Poltavs\'ka Oblast\'','UP18'),(2798,214,'Rivnens\'ka Oblast\'','UP19'),(2799,214,'Sevastopol\', Misto','UP20'),(2800,214,'Sums\'ka Oblast\'','UP21'),(2801,214,'Ternopil\'s\'ka Oblast\'','UP22'),(2802,214,'Vinnyts\'ka Oblast\'','UP23'),(2803,214,'Volyns\'ka Oblast\'','UP24'),(2804,214,'Zakarpats\'ka Oblast\'','UP25'),(2805,214,'Zaporiz\'ka Oblast\'','UP26'),(2806,214,'Zhytomyrs\'ka Oblast\'','UP27'),(2807,215,'\'Ajman','AE02'),(2808,215,'Abu Zaby','AE01'),(2809,215,'Al Fujayrah','AE04'),(2810,215,'Ash Shariqah','AE06'),(2811,215,'Dubayy','AE03'),(2812,215,'OTHER PROVINCES','AE00'),(2813,215,'Ra\'s al Khaymah','AE05'),(2814,215,'Umm al Qaywayn','AE07'),(2815,216,'Artigas','UY01'),(2816,216,'Canelones','UY02'),(2817,216,'Cerro Largo','UY03'),(2818,216,'Colonia','UY04'),(2819,216,'Durazno','UY05'),(2820,216,'Flores','UY06'),(2821,216,'Florida','UY07'),(2822,216,'Lavalleja','UY08'),(2823,216,'Maldonado','UY09'),(2824,216,'Montevideo','UY10'),(2825,216,'Paysandu','UY11'),(2826,216,'Rio Negro','UY12'),(2827,216,'Rivera','UY13'),(2828,216,'Rocha','UY14'),(2829,216,'Salto','UY15'),(2830,216,'San Jose','UY16'),(2831,216,'Soriano','UY17'),(2832,216,'Tacuarembo','UY18'),(2833,216,'Treinta y Tres','UY19'),(2834,217,'Andijon','UZ01'),(2835,217,'Bukhoro','UZ02'),(2836,217,'Farghona','UZ03'),(2837,217,'Jizzakh','UZ04'),(2838,217,'Khorazm','UZ05'),(2839,217,'Namangan','UZ06'),(2840,217,'Nawoiy','UZ07'),(2841,217,'OTHER PROVINCES','UZ00'),(2842,217,'Qashqadaryo','UZ08'),(2843,217,'Qoraqalpoghiston','UZ09'),(2844,217,'Samarqand','UZ10'),(2845,217,'Sirdaryo','UZ11'),(2846,217,'Surkhondaryo','UZ12'),(2847,217,'Toshkent','UZ14'),(2848,217,'Toshkent','UZ13'),(2849,218,'Ambrym','NH05'),(2850,218,'Aoba/Maewo','NH06'),(2851,218,'Efate','NH08'),(2852,218,'Epi','NH09'),(2853,218,'Malakula','NH10'),(2854,218,'Paama','NH11'),(2855,218,'Pentecote','NH12'),(2856,218,'Sanma','NH13'),(2857,218,'Shepherd','NH14'),(2858,218,'Tafea','NH15'),(2859,218,'Torba','NH07'),(2860,219,'OTHER PROVINCE','VT00'),(2861,220,'Amazonas','VE01'),(2862,220,'Anzoategui','VE02'),(2863,220,'Apure','VE03'),(2864,220,'Aragua','VE04'),(2865,220,'Barinas','VE05'),(2866,220,'Bolivar','VE06'),(2867,220,'Carabobo','VE07'),(2868,220,'Cojedes','VE08'),(2869,220,'Delta Amacuro','VE09'),(2870,220,'Dependencias Federales','VE24'),(2871,220,'Distrito Federal','VE10'),(2872,220,'Falcon','VE11'),(2873,220,'Guarico','VE12'),(2874,220,'Lara','VE13'),(2875,220,'Merida','VE14'),(2876,220,'Miranda','VE15'),(2877,220,'Monagas','VE16'),(2878,220,'Nueva Esparta','VE17'),(2879,220,'OTHER PROVINCES','VE00'),(2880,220,'Portuguesa','VE18'),(2881,220,'Sucre','VE19'),(2882,220,'Tachira','VE20'),(2883,220,'Trujillo','VE21'),(2884,220,'VE99','VE99'),(2885,220,'Yaracuy','VE22'),(2886,220,'Zulia','VE23'),(2887,221,'An Giang','VM01'),(2888,221,'Ba Ria-Vung Tau','VM45'),(2889,221,'Bac Giang','VM71'),(2890,221,'Bac Kan','VM72'),(2891,221,'Bac Lieu','VM73'),(2892,221,'Bac Ninh','VM74'),(2893,221,'Bac Thai','VM02'),(2894,221,'Ben Tre','VM03'),(2895,221,'Bin Duong','VM75'),(2896,221,'Bin Phuoc','VM76'),(2897,221,'Binh Dinh','VM46'),(2898,221,'Binh Thuan','VM47'),(2899,221,'Binh Tri Thien','VM04'),(2900,221,'Ca Mau','VM77'),(2901,221,'Can Tho','VM48'),(2902,221,'Cao Bang','VM05'),(2903,221,'Cuu Long','VM06'),(2904,221,'Da Nang','VM78'),(2905,221,'Dak Lak','VM07'),(2906,221,'Dong Nai','VM43'),(2907,221,'Dong Thap','VM09'),(2908,221,'Gai Lai-Kon Tum','VM10'),(2909,221,'Gia Lai','VM49'),(2910,221,'Ha Bac','VM11'),(2911,221,'Ha Giang','VM50'),(2912,221,'Ha Nam','VM80'),(2913,221,'Ha Nam Ninh','VM14'),(2914,221,'Ha Noi','VM44'),(2915,221,'Ha Noi','VM15'),(2916,221,'Ha Son Binh','VM16'),(2917,221,'Ha Tay','VM51'),(2918,221,'Ha Tinh','VM52'),(2919,221,'Ha Tuyne','VM17'),(2920,221,'Hai Duong','VM79'),(2921,221,'Hai Hung','VM12'),(2922,221,'Hai Phong','VM13'),(2923,221,'Ho Chi Minh','VM20'),(2924,221,'Hoa Binh','VM53'),(2925,221,'Hoang Lien Son','VM19'),(2926,221,'Hung Yen','VM81'),(2927,221,'Khanh Hoa','VM54'),(2928,221,'Kien Giang','VM21'),(2929,221,'Kon Tum','VM55'),(2930,221,'Lai Chau','VM22'),(2931,221,'Lam Dong','VM23'),(2932,221,'Lang Son','VM39'),(2933,221,'Lao Cai','VM56'),(2934,221,'Long An','VM24'),(2935,221,'Minh Hai','VM25'),(2936,221,'Nam Dinh','VM82'),(2937,221,'Nghe An','VM58'),(2938,221,'Nghe Tinh','VM26'),(2939,221,'Nghia Binh','VM27'),(2940,221,'Ninh Binh','VM59'),(2941,221,'Ninh Thuan','VM60'),(2942,221,'OTHER PROVINCES','VM00'),(2943,221,'Phu Khanh','VM28'),(2944,221,'Phu Tho','VM83'),(2945,221,'Phu Yen','VM61'),(2946,221,'Quang Binh','VM62'),(2947,221,'Quang Nam','VM84'),(2948,221,'Quang Nam-Da Nang','VM29'),(2949,221,'Quang Ngai','VM63'),(2950,221,'Quang Ninh','VM30'),(2951,221,'Quang Tri','VM64'),(2952,221,'Soc Trang','VM65'),(2953,221,'Son La','VM32'),(2954,221,'Song Be','VM31'),(2955,221,'Tay Ninh','VM33'),(2956,221,'Thai Binh','VM35'),(2957,221,'Thai Nguyen','VM85'),(2958,221,'Thanh Hoa','VM34'),(2959,221,'Thuan Hai','VM36'),(2960,221,'Thura Thien-Hue','VM66'),(2961,221,'Tien Giang','VM37'),(2962,221,'Tra Vinh','VM67'),(2963,221,'Tuyen Quang','VM68'),(2964,221,'VM41','VM41'),(2965,221,'Vinh Long','VM69'),(2966,221,'Vinh Phu','VM38'),(2967,221,'Vinh Phuc','VM86'),(2968,221,'Vung Tau-Con Dao','VM40'),(2969,221,'Yen Bai','VM70'),(2970,222,'OTHER PROVINCES','NP'),(2971,223,'OTHER PROVINCES','WF00'),(2972,224,'OTHER PROVINCES','WI00'),(2973,225,'\'Adan','YM02'),(2974,225,'Abyan','YM01'),(2975,225,'Al Bayda\'','YM07'),(2976,225,'Al Hudaydah','YM08'),(2977,225,'Al Jawf','YM09'),(2978,225,'Al Mahrah','YM03'),(2979,225,'Al Mahwit','YM10'),(2980,225,'Dhamar','YM11'),(2981,225,'Hadramawt','YM04'),(2982,225,'Hajjah','YM12'),(2983,225,'Ibb','YM13'),(2984,225,'Lahij','YM06'),(2985,225,'Ma\'rib','YM14'),(2986,225,'OTHER PROVINCES','YM00'),(2987,225,'Sa\'dah','YM15'),(2988,225,'San\'a\'','YM16'),(2989,225,'Ta\'izz','YM17'),(2990,226,'Central','ZA05'),(2991,226,'Copperbelt','ZA02'),(2992,226,'Eastern','ZA06'),(2993,226,'Luapula','ZA08'),(2994,226,'Lusaka','ZA09'),(2995,226,'North-Western','ZA01'),(2996,226,'Northern','ZA07'),(2997,226,'OTHER PROVINCES','ZA00'),(2998,226,'Southern','ZA04'),(2999,226,'Western','ZA03'),(3000,227,'Masvingo','ZI08'),(3001,227,'Matabeleland South','ZI07'),(3002,227,'OTHER PROVINCES','ZI00'),(3003,188,'Eastern Cape',''),(3004,188,'Free State',''),(3005,188,'Gauteng',''),(3006,188,'KwaZulu-Natal',''),(3007,188,'Limpopo',''),(3008,188,'Mpumalanga',''),(3009,188,'Northern Cape',''),(3010,188,'North West',''),(3011,188,'Western Cape',''),(7752,198,'Aargau',''),(7753,198,'Bern',''),(7754,198,'Geneve',''),(7755,198,'OTHER PROVINCES',''),(7756,228,'Podgorica','PODG');
/*!40000 ALTER TABLE `states` ENABLE KEYS */;
UNLOCK TABLES;

--
-- Table structure for table `staticpage`
--

DROP TABLE IF EXISTS `staticpage`;
/*!40101 SET @saved_cs_client     = @@character_set_client */;
/*!40101 SET character_set_client = utf8 */;
CREATE TABLE `staticpage` (
  `staticpage_id` int(11) NOT NULL AUTO_INCREMENT,
  `pagename` varchar(50) COLLATE utf8_unicode_ci NOT NULL,
  `seo` enum('Yes','No') COLLATE utf8_unicode_ci NOT NULL DEFAULT 'Yes',
  `content` enum('Yes','No') COLLATE utf8_unicode_ci NOT NULL DEFAULT 'Yes',
  `url` varchar(255) COLLATE utf8_unicode_ci DEFAULT NULL,
  `created_date` timestamp NOT NULL DEFAULT CURRENT_TIMESTAMP,
  `main_menu` enum('Yes','No') COLLATE utf8_unicode_ci NOT NULL DEFAULT 'Yes',
  `menu_id` int(11) NOT NULL DEFAULT '0' COMMENT 'Main menu id 4 showing sub  \nmenu',
  `status` enum('Active','Inactive') COLLATE utf8_unicode_ci NOT NULL DEFAULT 'Active',
  PRIMARY KEY (`staticpage_id`)
) ENGINE=InnoDB AUTO_INCREMENT=24 DEFAULT CHARSET=utf8 COLLATE=utf8_unicode_ci;
/*!40101 SET character_set_client = @saved_cs_client */;

--
-- Dumping data for table `staticpage`
--

LOCK TABLES `staticpage` WRITE;
/*!40000 ALTER TABLE `staticpage` DISABLE KEYS */;
INSERT INTO `staticpage` VALUES (1,'Home','Yes','No',NULL,'2014-06-13 11:24:15','Yes',0,'Active'),(2,'Who we are?','Yes','Yes','who-we-are-','2014-06-13 11:25:27','No',0,'Active'),(3,'What do we do?','No','Yes','what-do-we-do-','2014-06-13 11:25:53','No',0,'Active'),(4,'What do we offer?','No','Yes','what-do-we-offer-','2014-06-13 11:26:19','No',0,'Active'),(5,'Payment Policies','Yes','Yes','payment-policies','2014-06-13 11:26:53','No',0,'Active'),(6,'Terms & Conditions','No','Yes','terms---conditions','2014-06-13 11:27:43','No',0,'Active'),(7,'Contact Us','Yes','Yes',NULL,'2014-06-13 11:31:39','Yes',0,'Active'),(8,'Hospitality','Yes','Yes','hospitality','2014-06-13 11:32:06','No',0,'Active'),(9,'Stories','Yes','Yes','stories','2014-06-13 11:33:04','Yes',0,''),(10,'Trust & Safety','Yes','Yes','trust---safety','2014-06-13 11:33:34','No',0,'Active'),(11,'Recreation','Yes','Yes','recreation','2014-06-13 11:33:59','No',0,'Inactive'),(12,'Food & Drinks','Yes','Yes','food---drinks','2014-06-13 11:34:26','No',0,'Active'),(13,'Technical Support','Yes','Yes','technical-support','2014-06-13 11:34:53','No',0,'Inactive'),(14,'Press','Yes','Yes','press','2014-06-13 11:35:16','No',0,'Inactive'),(15,'Blog','Yes','Yes','blog','2014-06-13 11:35:38','No',0,'Inactive'),(16,'Help','Yes','Yes','help','2014-06-13 11:36:00','Yes',0,'Active'),(17,'Destination Guides','Yes','Yes','destination-guides','2014-06-13 11:37:57','Yes',0,''),(18,'Top Destination','Yes','Yes','top-destination','2014-06-13 11:38:41','Yes',0,''),(19,'F.A.Q','Yes','Yes','f-a-q','2014-07-09 07:40:13','No',0,'Active'),(20,'Book Now','Yes','No',NULL,'2014-09-05 13:33:42','No',0,'Active'),(21,'Make payment','Yes','No',NULL,'2014-09-05 13:36:55','No',0,'Active'),(22,'About Us','No','No',NULL,'2014-10-20 17:59:36','Yes',0,'Active'),(23,'More','No','No',NULL,'2014-10-20 17:59:36','Yes',0,'Active');
/*!40000 ALTER TABLE `staticpage` ENABLE KEYS */;
UNLOCK TABLES;

--
-- Table structure for table `staticpage_content`
--

DROP TABLE IF EXISTS `staticpage_content`;
/*!40101 SET @saved_cs_client     = @@character_set_client */;
/*!40101 SET character_set_client = utf8 */;
CREATE TABLE `staticpage_content` (
  `staticpage_content_id` int(11) NOT NULL AUTO_INCREMENT,
  `staticpage_id` int(11) NOT NULL,
  `name` varchar(50) COLLATE utf8_unicode_ci NOT NULL,
  `page_title` varchar(255) COLLATE utf8_unicode_ci DEFAULT NULL,
  `meta_description` text COLLATE utf8_unicode_ci,
  `meta_keyword` text COLLATE utf8_unicode_ci,
  `content` text COLLATE utf8_unicode_ci,
  `lan` varchar(2) COLLATE utf8_unicode_ci NOT NULL,
  PRIMARY KEY (`staticpage_content_id`),
  KEY `staticpage_id` (`staticpage_id`),
  CONSTRAINT `staticpage_content_ibfk_1` FOREIGN KEY (`staticpage_id`) REFERENCES `staticpage` (`staticpage_id`) ON DELETE CASCADE ON UPDATE CASCADE
) ENGINE=InnoDB AUTO_INCREMENT=57 DEFAULT CHARSET=utf8 COLLATE=utf8_unicode_ci;
/*!40101 SET character_set_client = @saved_cs_client */;

--
-- Dumping data for table `staticpage_content`
--

LOCK TABLES `staticpage_content` WRITE;
/*!40000 ALTER TABLE `staticpage_content` DISABLE KEYS */;
INSERT INTO `staticpage_content` VALUES (1,1,'Home','Home','Home','Home',NULL,'en'),(2,2,'Who we are?','Who we are?','Who we are?','Who we are?','<p>\r\n	We&rsquo;re the experts on Cuba! Our mission is to show you the REAL CUBA, the less travelled parts of the country which preserves Cuba&acute;s most genuine traditions. You will be able to discover the country&acute;s real heart and spirit. No need for a sea of foreign-owned resorts. My Trip to Cuba with VenaCuba is the right way to spend the best holidays ever and the most important thing is that the money you spend stays in Cuban hands (88$ every 100$ goes to locals)</p>\r\n<p>\r\n	Our job is to connect travellers with all local property managers that will provide memorable accommodations and experiences to you, by offering a customized service that you won&acute;t forget. We are in charge of representing Cuban B&amp;B owners directly. This means we offer an extensive catalogue containing pictures, descriptions and reviews!</p>\r\n<p>\r\n	You will discover that Cuba is more than sand and sun. With VenaCuba you will have the adventure of your life and will discover people, places, and a unique culture that you won&rsquo;t find anywhere else.</p>\r\n<h2>Why to choose VenaCuba? </h2>\r\n<p>\r\n	We are the best choice to bridge the touristic gap created by the embargo. Many tourists come to Cuba and stay at spiritless foreign-owned resorts but we go far beyond that by offering you a REAL slice of the Cuban life. Booking with us means that you are supporting local and small businesses and communities. You will enjoy a deeper experience because you aren&rsquo;t just visiting Cuba &ndash; no - you&rsquo;re helping to make it a better place. Your money stays in Cuban hands not in the hands of any government or large company because 88$ every 100$ goes to the locals.</p>\r\n','en'),(3,3,'What do we do?',NULL,NULL,NULL,'<div class=\"what-offer\">\r\n	<p>\r\n		We care about your Satisfaction. That´s our Business and Purpose</p>\r\n	<p>\r\n		We personally know each B&B Owner and work with them because they are the best in their business.  However, even with the best preparation and arrangements, problems may arise.  You just need to contact US in case of any issues, questions, discrepancies or any dissatisfaction you may have. We will work and do our best to set it right. It is a fact that sometimes language barriers and cultural differences can encumber the act of communication. You don´t have to worry because we understand CUBANS and VISITORS as well, so it will be our pleasure to mediate any problems and ultimately provide you a refund where necessary.  Being involved in dispute resolution make us be prepared to use information to ensure that the B&B descriptions are accurate and updated so what you expect is exactly what you get in your trip to Cuba.</p>\r\n</div>\r\n','en'),(4,4,'What do we offer?',NULL,NULL,NULL,'<p>An online calendar on Cuban B&B availability</p>\r\n\r\n<p>Our uniqueness is that we offer an online calendar specialized in Cuban B&B availability making possible that our customers can book with confidence throughout the year. This is possible because we represent each property, so you don´t have to worry about having any overbooking problem. You just have to pay a deposit, usually a 20% or the full amount. You can use Visa, MasterCard or PayPal for payment.</p>\r\n','en'),(5,5,'Payment Policies','Payment Policies','Payment Policies','Payment Policies','<div class=\"row clearfix\">\r\n	<ul class=\"pay-ment\">\r\n		<li>\r\n			<strong>Deposits and Payment:</strong><br />\r\n			When sending your payment information you authorize us to make all the payment arrangements with the suppliers accordingly.</li>\r\n		<li>\r\n			<strong>Cancellations and Changes:</strong><br />\r\n We will make sure – as your booking agent – that you receive notifications concerning any significant changes in your travel arrangements, but we accept no liability for any changes or costs incurred as result of this. According to the supplier’s terms and conditions, you can choose whether accepting the change to the arrangements or not. You can accept an alternative to your travel arrangements offered by the supplier. In case you want to cancel your arrangement you have the right to receive any applicable refund. \r\n </li>\r\n		<li>\r\n			<strong>What If I Cancel My Booking?</strong><br />\r\n			In case you decide to cancel your arrangements with us, you may be entitled to a full refund. All you need is to send the original voucher so any applicable refund can be considered. Please note that 30 days before the booking ->100% refund, less than 30Days 80% refund, and\r\nthe 20% will remain as a Lifetime Deposit.</li>\r\n	</ul>\r\n</div>\r\n','en'),(6,6,'Terms & Conditions',NULL,NULL,NULL,'	<p>\r\n		The following terms and conditions contain and describe what you are legally entitled to expect from us when purchasing travel related services. You will also find your obligations as a customer.</p>\r\n	<h3>\r\n		<a id=\"h.58vh2wbxr1h8\" name=\"h.58vh2wbxr1h8\"></a>1. The Agreement With You</h3>\r\n	<p>\r\n		<strong>Products and Suppliers</strong><br />\r\n		Our purpose is to sell a wide variety of travel related products from different suppliers and service providers. Each supplier has its own terms and conditions applicable to your particular arrangements in addition to our general terms and conditions, so you should make sure you have understood them well.</p>\r\n	<p>\r\n		The role of Venacuba is to act as an intermediary or a &quot;Booking Agent&quot; for those products and services not directly supplied by us. We want to make clear that we are not a co-vendor of such products and services. It is important for you to know that you will be entering into a separate contract with such suppliers (HOSTAL or CASA) in relation to those products and services.</p>\r\n	<p>\r\n		<strong>Deposits and Payment</strong><br />\r\n		After you provide your payment information, you authorize us to make all the payments to the corresponding suppliers.</p>\r\n	<p>\r\n		<strong>Documentation</strong><br />\r\n		Our general policy is to send the documents to our customers by electronic means whenever possible. We reserve the right to charge an administration fee if such documents are requested to be sent as a hard copy.</p>\r\n	<p>\r\n		<strong>Cancellations and Changes</strong><br />\r\n		As your booking agent, in case of ANY change we will ensure that you are notified in time if there are significant changes in the trip or stay. However, we do not accept any liability for changes or costs incurred as a result of this. Subject to the terms and conditions stated by the supplier, you will then have the choice of accepting the changes or not. You are free to accept an alternative offer to your trip or decline your booked arrangements and receive the applicable refunds.</p>\r\n	<p>\r\n		Please, it is important to notice that you must make sure you have provided us your contact e-mail address and that you regularly check your messages before leaving.</p>\r\n	<h2>\r\n		<a id=\"h.ffl96zafox80\" name=\"h.ffl96zafox80\"></a>2. The Agreement With Us</h2>\r\n	<p>\r\n		<strong>Accepting these Terms and Conditions</strong><br />\r\n		When you book with us or use our website, you agree to be bound to the terms contained in this agreement and to any additional terms and conditions stated by the suppliers which are applicable to your booking, travel arrangements or use of any website content. It is important to be aware that you agree on behalf of yourself and those you represent and have to accede with all such terms and conditions, which include the payment of all the required amounts when due. When accepting these Terms and Conditions you agree that any violation may result in: (a) the invalidation of your reservation or purchase, (b) the incautation of the amount you paid for the reservation or purchase, (c) the denial to the access to the applicable travel related the product or service that has been offered.</p>\r\n	<p>\r\n		You must take into account that you represent and warrant that (a) you are of legal age so you can use our services and website and at the same time you are capable of complying with the legal obligations related to their use, (b) you are legally authorized to act on behalf of those you represent and accept these terms and conditions on their behalf, and (c) the information you supplied regarding you and your group is real and correct.</p>\r\n	<p>\r\n		You are responsible for informing the other persons that come with you about all the terms and conditions applicable to the travel arrangements. You accept that you are responsible &ndash; in financial terms - for any use of our services or website by you and those under your name or account.</p>\r\n	<p>\r\n		<strong>What If You Change Your Booking?</strong><br />\r\n		If you decide or need to change your booking we will do our best to help you in any possible way regarding the changes you need in your travel arrangements if possible. Our standard service fees will always apply in addition to any additional supplier charges. It is important for you to take into account that all reservation changes are subject to availability as well as the terms and conditions of the product to be purchased.</p>\r\n	<p>\r\n		&nbsp;</p>\r\n	<p>\r\n		<strong>What If You Have A Complaint?</strong><br />\r\n		In case you have any problem during your stay, you have the right to inform the relevant supplier (e.g. the B&amp;B owners) at once. If they are not able to solve the problem, please contact us immediately by using the contact information on our website. Our purpose is to help you solve and clear any dispute or dissatisfaction. But, if you do not contact us in time, it will be more difficult for us to better investigate about your complaint and it will be harder to amend any error while you are away.&nbsp;</p>\r\n	<p>\r\n		<strong>&nbsp;</strong></p>\r\n	<p>\r\n		<strong>Travel Documents and Destinations</strong><br />\r\n		Please note that you need to ensure that all the details on your travel documents are real and correct. Please inform us in time in case of errors or discrepancies that may occur. Remember that your travel documents are very important and they should be protected as if they were gold because it is not always possible to replace them in case they are lost, stolen, damaged, etc.&nbsp;</p>\r\n	<p>\r\n		<strong>Passport, Visa and Immigration Requirements</strong><br />\r\n		You are responsible for fulfilling your passport, visa and other immigration requirements that could be asked to you during your itinerary. Please confirm all this with the relevant embassies and/or consulates. We are not bound to any responsibility in the case you are unable to travel because you do not comply with such requirements.</p>\r\n	<p>\r\n		<strong>Insurance</strong><br />\r\n		When you travel it is important to remember that insurance is a vital part of your arrangements. We recommend you to take the proper insurance for your trip. This is a mandatory element when leaving home. If you need it we can arrange any travel insurance you require. We will send you a quote, and answer to any queries you may have regarding this.&nbsp;</p>\r\n	<p>\r\n		<strong>The Use of our Services and Website</strong><br />\r\n		In this item you agree that you will use our website or services with the only purpose of making legitimate reservations or purchases and not to make speculative, false or fraudulent reservations. You agree to legally use our website and services in compliance with the applicable laws.<br />\r\n		If you do not have our written permission, you are not entitled to (a) access, monitor or copy any content or information on our website, you cannot use any &quot;robot,&quot; &quot;spider,&quot; or other automated or manual device or program for this purpose, (b) deep link to any portion of our website, or (c) &quot;frame&quot; or incorporate any portion of our website into any other website.</p>\r\n	<p>\r\n		<strong>Indemnification</strong><br />\r\n		Here you agree to indemnify us and our affiliates, and any of our suppliers, or others related to us such us officers, directors, employees and agents against any claims, causes of action, demands, losses, damages, or other costs, (including reasonable legal and accounting fees) that may be caused by you or third parties under your name as a result of (a) a breach of this Agreement, (b) a violation of any law or rights of any third party, or (c) the use given by you and those under you name to our website.</p>','en'),(7,7,'Contact Us','Contact Us','Contact Us','Contact Us','<ul class=\"contact-info\">\r\n	<li>\r\n		<img alt=\"mail\" src=\"/img/images/message.png\" style=\"width: 31px; height: 23px;\" /> <a href=\"mailto:info@mytriptocuba.com\">info@mytriptocuba.com</a></li>\r\n	<li>\r\n		<img alt=\"mail\" src=\"/img/images/phone.png\" />1(844)836-2822</li>\r\n</ul>\r\n','en'),(8,8,'Hospitality','Hospitality','Hospitality','Hospitality','<p>\r\n	The Cuban people along with the island&acute;s natural sceneries are Cuba&acute;s most valuable treasure.<br />\r\n	This is a country that has built its history and forged its culture and idiosyncrasy based on its talent and and affection. Those are the essential components of the hospitality that distinguish us and this is what our visitors take back home when they leave. When you arrive they receive you by using your first name, as friends are welcomed.<br />\r\n	&ldquo;Come this way&rdquo; &ldquo;This is your room&rdquo;, &ldquo;the kitchen is over there&rdquo;, those are the phrases said by the Cubans and not any other.<br />\r\n	There is no need to say &ldquo;this is your house too&rdquo;, because during those days it is your house indeed.<br />\r\n	For that reason, when needing something, you just have to say: &ldquo;I would like&hellip;&rdquo; those are<br />\r\n	the magic words. <strong><em>They will</em></strong>&nbsp; take you wherever you want and will provide you all that you wish.</p>\r\n','en'),(9,9,'Stories','Stories','Stories','Stories','<p>The stories experienced  by Cuban women and men are an invitation to meet them. They are not only &ldquo;the  lessors that rent a room to you&rdquo; with the proper comforts so that you, your  family and friends enjoy your vacations. They open their houses so the visitors  can feel like being in their own places. But, the most important thing is that  they bridge the gap - with the due respect - of cold distancing and protocols  while offering their more human side to you. </p>','en'),(10,10,'Trust & Safety','Trust & Safety','Trust & Safety','Trust & Safety','<p>\r\n	The island offers security and carelessness in its ample meaning. If you are not yet convinced, please ask your lessor to tell you about the places you should avoid. Please, only trust in the information given by VENACUBA. The representatives will identify you by your name, reservation number and destination. Your Cuban lessor will help you to obtain all the additional services preferred by you.</p>\r\n<p>\r\n	When choosing your destination, we always want to select a safe place, especially when we travel with our family. Cuba is a safe place. Public health, no violence due to firearms, drugs, or ethnic conflicts.</p>\r\n<p>\r\n	It is a society with its typical characters that make it rich from a social and cultural point of view.</p>\r\n<p>\r\n	One of the most outstanding characters appeared during the 90s: the &ldquo;Jinetero (a) s&rdquo;.</p>\r\n<strong>What is a Jinetero (a)? </strong>\r\n<p>\r\n	Some words to define a &ldquo;jinetero&rdquo; could be: escort, sexual service, tour guide, a pioneer at the &ldquo;underground&rdquo; life, collector of commissions&hellip; even a great trickster, that and even more, customized services. These are the elements that characterize this subject that - although in a slight way - is part of the adventure of coming to Cuba.</p>\r\n','en'),(11,11,'Recreation','Recreation','Recreation','Recreation','<p>\r\n	recreation pages goes here</p>\r\n','en'),(12,12,'Food & Drinks','Food & Drinks','Food & Drinks','Food & Drinks','<p>Cuban cuisine is indeed the result of a fusion of several cultures including Native American Taino food, Spanish, African, and Caribbean cuisines. You will taste the flavor of the Cuban cuisine prepared with spices and techniques shared with the Spanish and African cooking. You will also discover some Caribbean influence in Cuban spices and flavors. Cuban cuisine turns to be then a unique, interesting and flavorful mixture of those nearby and distance influences including strong similarities with the cuisine of other islander countries like the Dominican Republic and Puerto Rico. The essence of the Cuban uniqueness dates back to colonial times, when the island had important ports for trade, especially Havana, and many Spaniards who lived in the island brought their culinary traditions to the island. Later, a massive arrival of enslaved Africans contributed with more flavors and ways to prepare food.</p>\r\n\r\n<h2>A Cuban typical food</h2>\r\n\r\n<p>It would simply consist of rice and beans, cooked together or apart. If cooked together then the recipe is called \"Congri\", \"Moros\" or \"Moros y Cristianos\", which means black beans and rice. When cooked separately the recipe is called \"Arroz con/y Frijoles\" (rice with/and beans).[3] Then, the typical main course added is usually pork or beef. There are some Cuban recipes like \"Ropa Vieja\" that are prepared with such meats. Something that is usually added to the typical Cuban dish is the vianda (starchy roots and tubers) (do not confuse with the French word viande which means “meat\". The term vianda encompasses several types of tubers, including yuca (manioc), malanga (taro), and papas (potatoes) all served either boiled or fried. A Cuban typical dish cannot miss either plantains or corn. A salad usually accompanies the food and it could be simply composed of tomato, lettuce, avocado, or cucumber. The salad dressing is generally simple, using vinegar or dry wine. A curious fact about criollo foods is that they largely ignore fruit, except for ripe plantains, that are very consumed and appreciated along with rice and beans.</p>\r\n<strong>Some Cuban traditional and common dishes</strong>\r\n<p>Lechón asado (roasted pork)<br>\r\nYuca con mojo (manioc with garlic sauce)<br>\r\nArroz congris (black beans and rice)<br>\r\nChatinos o Tostones (fried unripe plantains)<br>\r\nPicadillo a la criolla (Cuban style creole mince)<br>\r\nCarne con papas (meat and potatoes)<br>\r\nAjiaco (it is a hearty stew made from beef, pork, chicken, vegetables, and a variety of starchy roots and tubers classified as viandas)\r\nCongrí oriental (Cuban red beans and rice) <br>\r\nSándwich cubano (Cuban sandwich)<br>\r\nCaldosa (a Cuban typical broth)<br>\r\nRopa vieja vegetales con carne (Ropa vieja, vegetables and meat)<br>\r\n</p>\r\n<h2>Drinks</h2>\r\n\r\n<strong>Here is a list containing the most popular Cuban cocktails:</strong>\r\n\r\n<p>Daiquirí: rum, lemon, sugar, maraschino, and ice.<br>\r\nMojito: rum, peppermint leaves, lemon, sugar, soda (sparkling) and ice.<br>\r\nCuba Libre: rum, Coca Cola, lemon and ice.<br>\r\nRon Collins or Rum Colins: rum, lemon, sugar, soda (sparkling) and ice.<br>\r\nTelegrama: rum, mint liquor and ice.</p>\r\n','en'),(13,13,'Technical Support','Technical Support','Technical Support','Technical Support','<p>\r\n	Lorem Ipsum is simply dummy text of the printing and typesetting industry. Lorem Ipsum has been the industry&#39;s standard dummy text ever since the 1500s, when an unknown printer took a galley of type and scrambled it to make a type specimen book. It has survived not only five centuries, but also the leap into electronic typesetting, remaining essentially unchanged. It was popularised in the 1960s with the release of Letraset sheets containing Lorem Ipsum passages, and more recently with desktop publishing software like Aldus PageMaker including versions of Lorem Ipsum. Lorem Ipsum is simply dummy text of the printing and typesetting industry. Lorem Ipsum has been the industry&#39;s standard dummy text ever since the 1500s, when an unknown printer took a galley of type and scrambled it to make a type specimen book. It has survived not only five centuries, but also the leap into electronic typesetting, remaining essentially unchanged. It was popularised in the 1960s with the release of Letraset sheets containing Lorem Ipsum passages, and more recently with desktop publishing software like Aldus PageMaker including versions of Lorem IpsumLorem Ipsum is simply dummy text of the printing and typesetting industry. Lorem Ipsum has been the industry&#39;s standard dummy text ever since the 1500s, when an unknown printer took a galley of type and scrambled it to make a type specimen book. It has survived not only five centuries, but also the leap into electronic typesetting, remaining essentially unchanged. It was popularised in the 1960s with the release of Letraset sheets containing Lorem Ipsum passages, and more recently with desktop publishing software like Aldus PageMaker including versions of Lorem Ipsum. Lorem Ipsum is simply dummy text of the printing and typesetting industry. Lorem Ipsum has been the industry&#39;s standard dummy text ever since the 1500s, when an unknown printer took a galley of type and scrambled it to make a type specimen book. It has survived not only five centuries, but also the leap into electronic typesetting, remaining essentially unchanged. It was popularised in the 1960s with the release of Letraset sheets containing Lorem Ipsum passages, and more recently with desktop publishing software like Aldus PageMaker including versions of Lorem Ipsum.</p>\r\n','en'),(14,14,'Press','Press','Press','Press','<p>\r\n	Lorem Ipsum is simply dummy text of the printing and typesetting industry. Lorem Ipsum has been the industry&#39;s standard dummy text ever since the 1500s, when an unknown printer took a galley of type and scrambled it to make a type specimen book. It has survived not only five centuries, but also the leap into electronic typesetting, remaining essentially unchanged. It was popularised in the 1960s with the release of Letraset sheets containing Lorem Ipsum passages, and more recently with desktop publishing software like Aldus PageMaker including versions of Lorem Ipsum. Lorem Ipsum is simply dummy text of the printing and typesetting industry. Lorem Ipsum has been the industry&#39;s standard dummy text ever since the 1500s, when an unknown printer took a galley of type and scrambled it to make a type specimen book. It has survived not only five centuries, but also the leap into electronic typesetting, remaining essentially unchanged. It was popularised in the 1960s with the release of Letraset sheets containing Lorem Ipsum passages, and more recently with desktop publishing software like Aldus PageMaker including versions of Lorem IpsumLorem Ipsum is simply dummy text of the printing and typesetting industry. Lorem Ipsum has been the industry&#39;s standard dummy text ever since the 1500s, when an unknown printer took a galley of type and scrambled it to make a type specimen book. It has survived not only five centuries, but also the leap into electronic typesetting, remaining essentially unchanged. It was popularised in the 1960s with the release of Letraset sheets containing Lorem Ipsum passages, and more recently with desktop publishing software like Aldus PageMaker including versions of Lorem Ipsum. Lorem Ipsum is simply dummy text of the printing and typesetting industry. Lorem Ipsum has been the industry&#39;s standard dummy text ever since the 1500s, when an unknown printer took a galley of type and scrambled it to make a type specimen book. It has survived not only five centuries, but also the leap into electronic typesetting, remaining essentially unchanged. It was popularised in the 1960s with the release of Letraset sheets containing Lorem Ipsum passages, and more recently with desktop publishing software like Aldus PageMaker including versions of Lorem Ipsum.</p>\r\n','en'),(15,15,'Blog','Blog','Blog','Blog','<p>\r\n	Lorem Ipsum is simply dummy text of the printing and typesetting industry. Lorem Ipsum has been the industry&#39;s standard dummy text ever since the 1500s, when an unknown printer took a galley of type and scrambled it to make a type specimen book. It has survived not only five centuries, but also the leap into electronic typesetting, remaining essentially unchanged. It was popularised in the 1960s with the release of Letraset sheets containing Lorem Ipsum passages, and more recently with desktop publishing software like Aldus PageMaker including versions of Lorem Ipsum. Lorem Ipsum is simply dummy text of the printing and typesetting industry. Lorem Ipsum has been the industry&#39;s standard dummy text ever since the 1500s, when an unknown printer took a galley of type and scrambled it to make a type specimen book. It has survived not only five centuries, but also the leap into electronic typesetting, remaining essentially unchanged. It was popularised in the 1960s with the release of Letraset sheets containing Lorem Ipsum passages, and more recently with desktop publishing software like Aldus PageMaker including versions of Lorem IpsumLorem Ipsum is simply dummy text of the printing and typesetting industry. Lorem Ipsum has been the industry&#39;s standard dummy text ever since the 1500s, when an unknown printer took a galley of type and scrambled it to make a type specimen book. It has survived not only five centuries, but also the leap into electronic typesetting, remaining essentially unchanged. It was popularised in the 1960s with the release of Letraset sheets containing Lorem Ipsum passages, and more recently with desktop publishing software like Aldus PageMaker including versions of Lorem Ipsum. Lorem Ipsum is simply dummy text of the printing and typesetting industry. Lorem Ipsum has been the industry&#39;s standard dummy text ever since the 1500s, when an unknown printer took a galley of type and scrambled it to make a type specimen book. It has survived not only five centuries, but also the leap into electronic typesetting, remaining essentially unchanged. It was popularised in the 1960s with the release of Letraset sheets containing Lorem Ipsum passages, and more recently with desktop publishing software like Aldus PageMaker including versions of Lorem Ipsum.</p>\r\n','en'),(16,16,'Help','Help','Help','Help','<p>\r\n	Lorem Ipsum is simply dummy text of the printing and typesetting industry. Lorem Ipsum has been the industry&#39;s standard dummy text ever since the 1500s, when an unknown printer took a galley of type and scrambled it to make a type specimen book. It has survived not only five centuries, but also the leap into electronic typesetting, remaining essentially unchanged. It was popularised in the 1960s with the release of Letraset sheets containing Lorem Ipsum passages, and more recently with desktop publishing software like Aldus PageMaker including versions of Lorem Ipsum. Lorem Ipsum is simply dummy text of the printing and typesetting industry. Lorem Ipsum has been the industry&#39;s standard dummy text ever since the 1500s, when an unknown printer took a galley of type and scrambled it to make a type specimen book. It has survived not only five centuries, but also the leap into electronic typesetting, remaining essentially unchanged. It was popularised in the 1960s with the release of Letraset sheets containing Lorem Ipsum passages, and more recently with desktop publishing software like Aldus PageMaker including versions of Lorem IpsumLorem Ipsum is simply dummy text of the printing and typesetting industry. Lorem Ipsum has been the industry&#39;s standard dummy text ever since the 1500s, when an unknown printer took a galley of type and scrambled it to make a type specimen book. It has survived not only five centuries, but also the leap into electronic typesetting, remaining essentially unchanged. It was popularised in the 1960s with the release of Letraset sheets containing Lorem Ipsum passages, and more recently with desktop publishing software like Aldus PageMaker including versions of Lorem Ipsum. Lorem Ipsum is simply dummy text of the printing and typesetting industry. Lorem Ipsum has been the industry&#39;s standard dummy text ever since the 1500s, when an unknown printer took a galley of type and scrambled it to make a type specimen book. It has survived not only five centuries, but also the leap into electronic typesetting, remaining essentially unchanged. It was popularised in the 1960s with the release of Letraset sheets containing Lorem Ipsum passages, and more recently with desktop publishing software like Aldus PageMaker including versions of Lorem Ipsum.</p>\r\n','en'),(20,17,'Destination Guides','Destination Guides','Destination Guides','Destination Guides','<p>\r\n	Lorem ipsum dolor sit amet, consectetur adipiscing elit. Fusce ut auctor lacus. Curabitur quis leo eu nulla ornare commodo. Donec vulputate ante in felis dignissim, a interdum tortor euismod. Nunc bibendum egestas massa, nec ornare justo dictum eget. Suspendisse mollis pharetra magna. Nullam aliquet mollis metus, quis congue odio dapibus a. In ac lacinia tortor. Praesent venenatis porta porta. Donec porttitor viverra convallis.</p>\r\n','en'),(21,18,'Top Destination','Top Desitination','Top Desitination','Top Desitination','<p>\r\n	We did select the best destinations in cuba<br />\r\n	&nbsp;</p>\r\n','en'),(22,1,'Inicio','Inicio','Inicio','Inicio',NULL,'es'),(23,1,'Accueil','Accueil','Accueil','Accueil',NULL,'fr'),(24,2,'¿Quiénes somos?','¿Quiénes somos?','¿Quiénes somos?','¿Quiénes somos?','<p>\r\n	&iexcl;Somos los expertos en Cuba! Nuestra misi&oacute;n es mostrarle a usted la CUBA VERDADERA, las partes menos visitadas del pa&iacute;s donde se preservan la mayor&iacute;a de las tradiciones m&aacute;s genuinas de la isla. Usted podr&aacute; descubrir el verdadero coraz&oacute;n y esp&iacute;ritu del pa&iacute;s y no necesitar&aacute; un mar de centros tur&iacute;sticos propiedad de extranjeros. Mi Viaje a Cuba con VenaCuba es la opci&oacute;n perfecta para pasar las mejores vacaciones de su vida y lo m&aacute;s importante es que el dinero que usted gaste se quedar&aacute; en manos cubanas (88$ cada 100$ van a los lugare&ntilde;os)</p>\r\n<p>\r\n	Nuestro trabajo es el de conectar a los viajeros con todos los propietarios locales quienes se encargar&aacute;n de ofrecerle a usted los mejores alojamientos y experiencias memorables a trav&eacute;s de un servicio personalizado que usted no olvidar&aacute;.Estamos a cargo de representar directamente a propietarios cubanos due&ntilde;os de hostales. &iexcl;Esto significa que podemos ofrecerle un extenso cat&aacute;logo con fotos, descripciones y rese&ntilde;as!</p>\r\n<p>\r\n	Usted descubrir&aacute; que Cuba es m&aacute;s que sol y arena. Con VenaCuba usted vivir&aacute; la aventura de su vida y descubrir&aacute; personas, lugares interesantes y una cultura &uacute;nica que no se encuentra en ning&uacute;n otro lugar.</p>\r\n<h2>\r\n	&iquest;Por qu&eacute; elegir VenaCuba?</h2>\r\n<p>\r\n	Somos la mejor opci&oacute;n para tender un puente sobre la brecha que ha creado el embargo en el campo del turismo. Muchos turistas vienen a Cuba y se quedan en centros tur&iacute;sticos l&aacute;nguidos y artificiales pero nosotros vamos m&aacute;s all&aacute; de eso y le ofrecemos una panor&aacute;mica REAL de la vida en Cuba.Cuando reserva con nosotros usted estar&aacute; apoyando a las empresas locales y peque&ntilde;as y a las comunidades.Usted disfrutar&aacute; de una experiencia inigualable porque no s&oacute;lo estar&aacute; visitando Cuba - no - usted estar&aacute; ayudando a hacer de ella un mejor lugar. Su dinero se quedar&aacute; en manos cubanas y no en las de ning&uacute;n gobierno o gran compa&ntilde;&iacute;a porque 88$ de cada 100$ son para los cubanos.</p>\r\n','es'),(25,2,'Qui sommes-nous?','Qui sommes-nous?','Qui sommes-nous?','Qui sommes-nous?','<p>Nous sommes les experts sur Cuba! Notre mission est celle de vous montrer la CUBA AUTHENTIQUE, les parties moins visitées du pays où l´on préserve la majorité des traditions le plus autochtones de l\'île. Vous pourrez découvrir le coeur et l\'esprit authentique du pays et n\'aurez pas besoin de la mer de centres touristiques détenues par étrangers. Mon Voyage à Cuba avec VenaCuba est l\'option parfaite pour passer les meilleures vacances de votre vie, et le plus important c´est que l\'argent que vous dépenserez restera en mains cubaines (88$ sur 100$ restent dans les mains des villageois)</p>\r\n\r\n<p>Notre travail est celui de relier aux voyageurs avec tous les propriétaires locaux qui se chargeront de vous offrir les meilleurs logements et des expériences mémorables moyennant un service personnalisé que vous n\'oublierez pas. C´est notre responsabilité de vous représenter directement aux propriétaires cubains d´auberges.  Ceci signifie que nous pouvons vous offrir un catalogue étendu avec des photos, descriptions et signalements!</P>\r\n\r\n<p>Vous découvrirez que Cuba est plus que le soleil et le sable. Avec VenaCuba vous vivrez l\'aventure de votre vie et découvrira des personnes, lieux intéressants et une culture unique et impossible de trouver dans aucun autre lieu.</p>\r\n\r\n<h2>Pourquoi choisir VenaCuba ?</h2>\r\n\r\n<p>Nous sommes la meilleure option pour jeter un pont sur le fossé créé par l\'embargo dans le domaine du tourisme. Beaucoup de touristes viennent à Cuba et restent aux centres touristiques langoureux et artificiels mais nous allons au-delà de tout cela et vous offrons un panoramique RÉEL de la vie à Cuba.Quand vous faites vous réserves avec nous vous soutiendrez aux entreprises locales et petites et aux communautés. Vous jouirez d\'une expérience inégalable parce que vous non seulement visiterez Cuba - non - vous aiderez aussi à faire de Cuba un meilleur lieu. Votre argent restera dans les mains des cubaines et non dans celles d´aucun gouvernement ou d´une grande compagnie parce que 88$ sur 100$ sont pour les villageois.</p>','fr'),(26,3,'¿Qué hacemos?',NULL,NULL,NULL,'<p>\r\n	Nosotros nos preocupamos por su Satisfacci&oacute;n. &Eacute;se es nuestro negocio y prop&oacute;sito</p>\r\n\r\n<p>\r\n	Conocemos personalmente a los due&ntilde;os de los hostales y trabajamos con ellos porque son los mejores en su negocio. Sin embargo, incluso con la mejor preparaci&oacute;n y arreglos, pueden presentarse algunos problemas. Usted s&oacute;lo necesita CONTACTARNOS en caso de alg&uacute;n problema, pregunta, discrepancia o cualquier insatisfacci&oacute;n que pueda tener.Trabajaremos y haremos nuestro mejor esfuerzo para resolver su problema.Es un hecho que a veces las barreras lingu&iacute;sticas y las diferencias culturales pueden entorpecer el acto de la comunicaci&oacute;n.Usted no tiene que preocuparse porque entendemos a los CUBANOS y a los VISITANTES, as&iacute; que ser&aacute; un placer para nosotros poder mediar en cualquier problema y en &uacute;ltima instancia proporcionarle un reembolso donde sea necesario. La experiencia en la resoluci&oacute;n de disputas nos permite estar totalmente preparados para utilizar la informaci&oacute;n disponible y asegurarnos de que las descripciones de los hostales sean exactas y est&eacute;n actualizadas de forma que usted se encuentre con lo que espera de su viaje a Cuba.</p>\r\n','es'),(27,3,'Que faisons-nous?',NULL,NULL,NULL,'<h2>Nous nous préoccupons de votre Satisfaction. C´est notre affaire et but</h2>\r\n\r\n<p>Nous connaissons personnellement aux propriétaires des auberges et travaillons avec eux parce qu\'ils sont les meilleurs dans leur affaire. Toutefois, même avec la meilleure préparation et les ajustements, quelques problèmes peuvent se présenter . Vous avez besoin seulement DE NOUS CONTACTER en cas d\'un problème, question, divergence ou insatisfaction. Nous travaillerons et ferons nôtre meilleur effort pour résoudre votre problème. C\'est un fait que parfois les barrières linguistiques et les différences culturelles peuvent obstruer l\'acte de la communication. Vous ne devez pas vous préoccuper parce que nous comprenons les CUBAINS et les VISITEURS, alors, c´est un plaisir pour nous de pouvoir négocier dans n´importe quel problème et comme dernier ressort vous fournir un remboursement quand il soit nécessaire. Notre expérience dans la résolution de conflits nous permet d\'être totalement préparées pour utiliser l\'information disponible et assurer que les descriptions de chaque auberge soient précises et mises à jour de sorte que vous trouviez ce que vous pensez de voir et d´expérimenter dans votre voyage à Cuba.</p>','fr'),(28,4,'¿Qué ofrecemos?',NULL,NULL,NULL,'<p>Un calendario en línea con la disponibilidad de habitaciones en Cuba.</P>\r\n<p>Lo que nos hace únicos es que ofrecemos un calendario en línea especializado en ofrecerle la disponibilidad de habitaciones en hostales cubanos, lo cual permite que nuestros clientes puedan reservar con total confianza en cualquier momento del año. Esto es posible porque representamos a cada propiedad, así que usted no tiene que preocuparse por tener problemas al reservar. Sólo tiene que realizar un depósito, generalmente de un 20% o la cantidad completa. Puede utilizar Visa, Mastercard o PayPal para realizar el pago.</P>\r\n\r\n\r\n','es'),(29,4,'Que proposons-nous?',NULL,NULL,NULL,'<h2>Un calendrier en ligne avec la disponibilit&eacute; de chambres &agrave; Cuba.</h2>\r\n<br>\r\n<p>Ce que nous rend uniques c&acute;est notre calendrier en ligne sp&eacute;cialis&eacute; en vous offrir la disponibilit&eacute; de chambres dans les auberges cubaines, &ccedil;a permet que nos clients puissent r&eacute;server avec une confiance totale n&acute;importe quel moment de l&#39;ann&eacute;e. Ceci est possible parce que nous repr&eacute;sentons &agrave; chaque propri&eacute;taire, donc ne vous inqui&eacute;tez pas pour avoir des probl&egrave;mes en r&eacute;servant. Vous devez seulement faire un paiement, g&eacute;n&eacute;ralement le 20% ou la quantit&eacute; compl&egrave;te. Vous pouvez utiliser Visa, Mastercard ou PayPal pour effectuer le paiement.</p>\r\n','fr'),(30,5,'Políticas de Pago','Políticas de Pago','Políticas de Pago','Políticas de Pago','<div class=\"row clearfix\">\r\n	<ul class=\"pay-ment\">\r\n		<li>\r\n			<strong>Dep&oacute;sitos y Pagos:</strong><br />\r\n			Al enviar su información de pago nos autoriza a realizar todos los arreglos de pago con los proveedores como corresponde.</li>\r\n		<li>\r\n			<strong>Cancelaciones y los cambios</strong><br />\r\n			Como su agente de reservas, nos aseguraremos de que se le notifique con prontitud de cualquier cambio significativo una vez que nos damos cuenta de cualquier cambio, pero no aceptamos ninguna responsabilidad por cualquier cambio o los costos incurridos que como resultado de esto. Sujeto a los t&eacute;rminos y condiciones del proveedor, a continuaci&oacute;n, tendr&aacute; la opci&oacute;n de aceptar el cambio de r&eacute;gimen, de aceptar una oferta de un viaje alternativo si uno se pone a disposici&oacute;n por el proveedor, o cancelar sus planes de reservaci&oacute;n y recibir cualquier reembolso aplicable. - &iquest;Es un contrato con los Estados Unidos o el B &amp; B del viajero? S&eacute; que ellos pagan US y hacia adelante en la reserva y el pago a la B &amp; B y nos hacen la soluci&oacute;n de controversias ... &iquest;Tiene este conflicto con el Lifetime Condiciones sobre dep&oacute;sitos? &iquest;C&oacute;mo podemos manejar las cancelaciones por el B &amp; B - Por qu&eacute; tenemos una pol&iacute;tica para ofrecer un traslado a otro B &amp; B en el que trabajamos?</li>\r\n		<li>\r\n			<strong>¿Qué ocurre si cancelo mi reservación?</strong><br />\r\n			En caso de que usted decida cancelar sus arreglos con nosotros puede acceder a un reembolso completo.Todo lo que necesita es enviar el voucher original de forma tal que se pueda tener en cuenta cualquier reembolso aplicable.Por favor, observe que 30 días antes de la reservación será un 100% de reembolso, menos 30 días 80%, el 20% permanecerá como un Depósito Vitalicio.</li>\r\n	</ul>\r\n</div>\r\n\r\n','es'),(31,5,'Politique de Paiements','Politique de Paiements','Politique de Paiements','Politique de Paiements','<h2>\r\n	D&eacute;p&ocirc;ts et paiements</h2>\r\n<p>\r\n	En envoyant votre information de paiement vous nous autorisez &agrave; effectuer tous les ajustements de paiement correspondants avec les fournisseurs.</p>\r\n<h3>\r\n	Annulations et changements</h3>\r\n<p>\r\n	Nous nous assurerons - comme votre agent de r&eacute;servations - que vous recevrez toutes les notifications relatives &agrave; n&acute;importe quel changement significatif dans les ajustements du voyage, mais nous n&#39;acceptons aucune responsabilit&eacute; par les changements ou les co&ucirc;ts encourus comme cons&eacute;quence. En accord avec les termes et les conditions du fournisseur, vous pouvez choisir si vous acceptez les changements ou non. Vous pouvez accepter une alternative &agrave; vos ajustements de voyage offerte par le fournisseur. Au cas o&ugrave; vous souhaitez annuler votre ajustement vous avez le droit de recevoir tous les remboursements applicables.</p>\r\n<h3>\r\n	Et si j&rsquo;annule ma r&eacute;servation?</h3>\r\n<p>\r\n	Au cas o&ugrave; vous d&eacute;cidez d&#39;annuler vos ajustements avec nous vous pouvez acc&eacute;der &agrave; un remboursement complet. Tout ce que vous avez besoin c&acute;est d&#39;envoyer le voucher original de telle sorte qu&#39;on puisse prendre en consid&eacute;ration le remboursement applicable. S&#39;il vous pla&icirc;t, observez que 30 jours avant la reservaci&oacute;n sera 100% de remboursement, moins de 30 jours 80%, le 20% restera comme un D&eacute;p&ocirc;t Viager.</p>\r\n<h1>\r\n	Politique de Confidentialit&eacute;</h1>\r\n<p>\r\n	&nbsp;</p>\r\n<p>\r\n	Notre mission est celle de prot&eacute;ger la confidentialit&eacute;, et le caract&egrave;re priv&eacute; des donn&eacute;es personnelles de nos clients. Nous garantissons une utilisation l&eacute;gale et appropri&eacute;e de telle information.</p>\r\n<h3>\r\n	Qu&#39;est-ce qu&acute;une Donn&eacute;e Personnelle ?</h3>\r\n<p>\r\n	Nous consid&eacute;rons comme donn&eacute;e personnelle toutes les caract&eacute;ristiques sp&eacute;cifiques que nous permettent d&#39;identifier &agrave; une personne ou &agrave; un groupe particulier de personnes. Dans ce concept nous incluons - mais nous ne limitons pas - l&#39;information relative au nom (s), adresse, num&eacute;ro (s) de t&eacute;l&eacute;phone, courrier &eacute;lectronique, URL du site Internet, co&iuml;ncidences, instructions quand vous &ecirc;tes absente et des contacts en cas d&#39;urgence.</p>\r\n<h3>\r\n	Comment est-ce qu&acute;on utilise les Donn&eacute;es Personnelles ?</h3>\r\n<p>\r\n	Nous avons besoin d&#39;utiliser vos donn&eacute;es personnelles pour cr&eacute;er votre dossier (c&#39;est-&agrave;-dire, le dossier de l&#39;h&ocirc;te, du propri&eacute;taire ou du partenaire) et nous obtenons cette information de vous.</p>\r\n<p>\r\n	Vos donn&eacute;es personnelles seront utilis&eacute;es par nous pour les buts raisonnablement requis pour continuer notre affaire ci-apr&egrave;s :</p>\r\n\r\n<ol>\r\n	<li>\r\n		&Ecirc;tre capables de vous identifier ;</li>\r\n	<li>\r\n		Assurer que nos registres soient corrects ;</li>\r\n	<li>\r\n		&Eacute;tablir et g&eacute;rer votre registre avec nous ;</li>\r\n	<li>\r\n		R&eacute;soudre n&acute;importe quelle urgence en utilisant les contacts alternatifs ;</li>\r\n	<li>\r\n		Cr&eacute;er et maintenir une relation d&#39;affaires efficace avec vous</li>\r\n	<li>\r\n		Envoyer l&#39;information de laquelle vous pouvez avoir besoin.</li>\r\n</ol>\r\n\r\n<h3>\r\n	Quand divulgue-t-on les Donn&eacute;s Personnelles?</h3>\r\n<p>\r\n	Il y a des situations o&ugrave; nous avons besoin de divulguer les donn&eacute;es personnelles de nos clients ou d&#39;autres individus par rapport &agrave; ceux qui font des affaires avec nous. Ces situations sont plusieurs et peuvent &ecirc;tre les suivantes :</p>\r\n<ol>\r\n	<li>\r\n		pour assister &agrave; un propri&eacute;taire : Dans ce cas nous devons divulguer l&#39;information de l&#39;h&ocirc;te au propri&eacute;taire d&#39;une unit&eacute; (auberge ou maison) quand l&#39;h&ocirc;te a exprim&eacute; son int&eacute;r&ecirc;t (c&#39;est-&agrave;-dire, quand il y ait une correspondance avec ce qu&#39;il cherche) de faire une reservaci&oacute;n dans l&#39;unit&eacute; du propri&eacute;taire.</li>\r\n	<li>\r\n		pour assister &agrave; un h&ocirc;te : Nous avons besoin de divulguer l&#39;information du propri&eacute;taire &agrave; un client qui ait exprim&eacute; son int&eacute;r&ecirc;t &agrave; louer (c&#39;est-&agrave;-dire, quand il y ait une correspondance avec ce qu&#39;il cherche).</li>\r\n	<li>\r\n		pour assister &agrave; l&#39;agent d&#39;un client : Dans le cas o&ugrave; un agent repr&eacute;sente les droits d&#39;un client nous pouvons divulguer les donn&eacute;es personnelles &agrave; un tel repr&eacute;sentant s&#39;il agit comme agent afin de compiler cette information. Par exemple, nous pouvons divulguer une information au conseiller l&eacute;gal d&#39;un client si nous consid&eacute;rons que cette personne cherche r&eacute;ellement une donn&eacute;e personnelle &agrave; la demande du client (a).</li>\r\n	<li>\r\n		pour faciliter le processus de comptabilit&eacute; : Pour encaisser n&acute;importe quelle obligation contract&eacute;e avec nous.</li>\r\n	<li>\r\n		pour prot&eacute;ger une personne ou plusieurs d&#39;un danger imminent : Nous pouvons divulguer les donn&eacute;es personnelles &agrave; une autorit&eacute; publique, ou &agrave; leur agent, si nous sommes s&ucirc;rs qu&#39;il est n&eacute;cessaire pour pr&eacute;server la vie ou les propri&eacute;t&eacute;s du client d&#39;un danger imminent que pourrait &ecirc;tre r&eacute;duit ou &eacute;vit&eacute; en divulguant cette information.</li>\r\n	<li>\r\n		Situations confidentielles sp&eacute;cifiques : Nous pouvons divulguer les donn&eacute;es personnelles &agrave; des tiers en ce qui concerne une vente propos&eacute;e d&#39;une partie ou de tout notre affaire. Dans ce cas, la proc&eacute;dure est que nous obtiendrons l&#39;accord des tiers de prot&eacute;ger le caract&egrave;re confidentiel de cette information.</li>\r\n</ol>\r\n<p>\r\n	Pour le respect de la l&eacute;galit&eacute; : En cas d&#39;application de la loi et &agrave; tout ce que soit requis par toute condition l&eacute;gale ou disposition r&eacute;glementaire.</p>\r\n','fr'),(32,6,'Términos y Condiciones',NULL,NULL,NULL,'<p>\r\n	Los t&eacute;rminos y condiciones siguientes contienen y describen lo que usted debe esperar legalmente de nosotros al comprar servicios relacionados con viajes. Tambi&eacute;n podr&aacute; ver cu&aacute;les son sus obligaciones como cliente.</p>\r\n<h3>\r\n	<a id=\"h.58vh2wbxr1h8\" name=\"h.58vh2wbxr1h8\"></a>1. El Acuerdo con Usted</h3>\r\n<p>\r\n	<strong>&nbsp;</strong></p>\r\n<p>\r\n	<strong>Productos y proveedores</strong><br />\r\n	&nbsp;Nuestro prop&oacute;sito es el de vender una variedad amplia de productos relacionados con los viajes a partir de diversos proveedores y abastecedores de servicios.Cada proveedor tiene sus propios t&eacute;rminos y condiciones aplicables a sus arreglos particulares adem&aacute;s de nuestros t&eacute;rminos generales y condiciones, as&iacute; que usted debe asegurarse de haber entendido todo perfectamente.</p>\r\n<p>\r\n	El papel de Venacuba es el de actuar como un intermediario o agente de reservaci&oacute;n para esos productos y servicios que no son ofrecidos directamente por nosotros.Deseamos aclarar oportunamente que no somos co-vendedores de tales productos y servicios.Es importante que usted sepa que entrar&aacute; en un contrato separado con tales proveedores (HOSTAL o CASA) en lo referente a esos productos y servicios.</p>\r\n<p>\r\n	<strong>Dep&oacute;sitos y pagos</strong><br />\r\n	Despu&eacute;s que usted proporcione su informaci&oacute;n de pago, nos autorizar&aacute; a hacer todos los pagos a los proveedores correspondientes.</p>\r\n<p>\r\n	<strong>Documentaci&oacute;n</strong><br />\r\n	Nuestra pol&iacute;tica general es la de enviar los documentos a nuestros clientes por medios electr&oacute;nicos siempre que sea posible. Nos reservamos el derecho de aplicar una tarifa adicional si dichos documentos se solicitan en copia dura.</p>\r\n<p>\r\n	<strong>Cancelaciones y cambios</strong><br />\r\n	Como su agente de reservaciones, nos aseguraremos de que le notifiquen a tiempo sobre CUALQUIER cambio significativo en el viaje o estancia.Sin embargo, no aceptamos ninguna responsabilidad por los cambios o los costos incurridos como resultado de esto.Conforme a los t&eacute;rminos y a las condiciones indicadas por el proveedor, usted tendr&aacute; entonces la opci&oacute;n de aceptar los cambios o no.Usted est&aacute; libre de aceptar una oferta alternativa a su viaje o anular su reservaci&oacute;n y recibir los reembolsos aplicables.</p>\r\n<p>\r\n	Por favor, es importante que se asegure de habernos enviado su direcci&oacute;n de correo electr&oacute;nico y que usted comprueba regularmente sus mensajes antes de irse.</p>\r\n<h2>\r\n	2. El Acuerdo con Nosotros</h2>\r\n<p>\r\n	<strong>Aceptar estos t&eacute;rminos y condiciones</strong><br />\r\n	Cuando usted reserva con nosotros o utiliza nuestro sitio web, acepta estar vinculado a los t&eacute;rminos contenidos en este acuerdo, a cualquier t&eacute;rmino adicional y las condiciones indicadas por los proveedores aplicables a su reservaci&oacute;n, arreglos de viaje o utilizaci&oacute;n de cualquier contenido del sitio web.Es importante que sepa que usted acepta esto a su nombre y a nombre quienes est&eacute;n representados por usted quienes aceptar&aacute;n dichos t&eacute;rminos y condiciones que incluyen el pago de todas las cantidades requeridas cuando sea necesario.Al aceptar estos t&eacute;rminos y condiciones usted acepta que cualquier violaci&oacute;n puede dar lugar a:(a) la anulaci&oacute;n de su reservaci&oacute;n o compra, (b) la incautaci&oacute;n de la cantidad que usted pag&oacute; por la reservaci&oacute;n o compra, (c) la negaci&oacute;n del acceso al recorrido aplicable relacionado con el producto o servicio ofrecido.</p>\r\n<p>\r\n	Usted debe considerar que representa y garantiza que (a) usted es mayor de edad y que puede utilizar nuestros servicios y sitio web y al mismo tiempo que es capaz de cumplir con las obligaciones legales relacionadas con su uso, (b) usted est&aacute; legalmente autorizado para actuar a nombre de quienes representa y que acepta estos t&eacute;rminos y condiciones en su nombre, y (c) la informaci&oacute;n que envi&oacute; con relaci&oacute;n a usted y su grupo es verdadera y correcta.</p>\r\n<p>\r\n	Usted es responsable de informar a los dem&aacute;s sobre todos los t&eacute;rminos y condiciones aplicables a los arreglos del viaje. Acepta adem&aacute;s que es responsable - en t&eacute;rminos financieros - de cualquier uso de nuestros servicios o sitio web site por parte suya y de quienes viajan bajo su responsabilidad.</p>\r\n<p>\r\n	<strong>&iquest;Qu&eacute; ocurre si usted cambia su reservaci&oacute;n?</strong></p>\r\n<p>\r\n	Si usted decide o tiene necesidad de cambiar su reservaci&oacute;n nosotros haremor nuestro mejor esfuerzo para ayudarle en todo lo posible con respecto a los cambios que usted necesita en sus arreglos de viaje.Nuestras tarifas est&aacute;ndar para el servicio siempre se aplicar&aacute;n adem&aacute;s de cualquier recargo adicional del proveedor.Es importante que usted considere que todos los cambios de la reservaci&oacute;n est&aacute;n sujetos a la disponibilidad as&iacute; como a los t&eacute;rminos y condiciones del producto que se comprar&aacute;.</p>\r\n<p>\r\n	&nbsp;</p>\r\n<p>\r\n	<strong>&iquest;Qu&eacute; ocurre si usted tiene alguna queja?</strong></p>\r\n<p>\r\n	En caso de que usted tenga cualquier problema durante su estancia, tiene el derecho de informar inmediatamente a su proveedor (e.g. los due&ntilde;os del Hostal-Casa) Si ellos no pueden solucionar el problema, por favor cont&aacute;ctenos inmediatamente utilizando la informaci&oacute;n de contacto en nuestro sitio web.Nuestro prop&oacute;sito es ayudarle a solucionar y a despejar cualquier conflicto o insatisfacci&oacute;n.Pero, si usted no nos contacta a tiempo, ser&aacute; m&aacute;s dif&iacute;cil para nosotros investigar su queja con profundidad y ser&aacute; m&aacute;s dif&iacute;cil enmendar cualquier error mientras usted est&aacute; ausente.</p>\r\n<p>\r\n	<strong>&nbsp;</strong></p>\r\n<p>\r\n	<strong>Documentos de viaje y Destinos</strong></p>\r\n<p>\r\n	Por favor, tenga en cuenta que usted necesita asegurarse de que todos los detalles en sus documentos de viaje sean reales y correctos.Por favor, inf&oacute;rmenos con tiempo en caso de errores o discrepancias que puedan ocurrir.Recuerde que sus documentos de viaje son muy importantes y se deben proteger como si fueran oro porque no siempre es posible substituirlos en caso de p&eacute;rdida, robo o da&ntilde;o, etc.</p>\r\n<p>\r\n	<strong>Requisitos de pasaporte, visa e inmigraci&oacute;n</strong></p>\r\n<p>\r\n	Usted es responsable de llenar su pasaporte, visa y otros requisitos de inmigraci&oacute;n que podr&iacute;an pedirle durante su itinerario.Por favor, confirme todo esto con las respectivas embajadas y/o consulados.No tenemos ninguna responsabilidad en el caso que usted no pueda viajar porque no cumpla con tales requisitos.</p>\r\n<p>\r\n	<strong>Seguro</strong></p>\r\n<p>\r\n	Cuando usted viaja es importante recordar que el seguro es una parte vital de sus preparativos.Le recomendamos tomar el seguro apropiado para su viaje.Este es un elemento obligatorio al salir del hogar.Si usted lo necesita podemos arreglar cualquier seguro de viaje que necesite. Le enviaremos una cotizaci&oacute;n, y la respuesta a cualquier pregunta que pueda tener al respecto.</p>\r\n<p>\r\n	<strong>El uso de nuestros servicios y sitio web</strong></p>\r\n<p>\r\n	En este art&iacute;culo usted acepta que utilizar&aacute; nuestro sitio web o servicios con el &uacute;nico prop&oacute;sito de hacer reservaciones o compras leg&iacute;timas y no los utilizar&aacute; para realizar reservaciones especulativas, falsas o fraudulentas.Usted acuerda utilizar legalmente nuestro sitio web y servicios de acuerdo con las leyes aplicables.</p>\r\n<p>\r\n	Si usted no tiene nuestro permiso escrito, no tiene derecho a (a) acceder, monitorear o copiar ning&uacute;n contenido o informaci&oacute;n en nuestro sitio web, no puede utilizar ning&uacute;n &quot;robot&quot;, &quot;ara&ntilde;a&quot;, o cualquier otro dispositivo manual o autom&aacute;tico o programa para este prop&oacute;sito, (b) hacer un enlance profundo con cualquier porci&oacute;n de nuestro sitio web, o (c) &quot;marcar&quot; o incorporar cualquier porci&oacute;n de nuestro sitio web hacia otro.</p>\r\n<p>\r\n	<strong>Indemnizaci&oacute;n</strong></p>\r\n<p>\r\n	Usted acepta indemnizarnos a nosotros y a nuestros afiliados, y cualesquiera de nuestros proveedores, u otros relacionados con nosotros tales como funcionarios, directivos, empleados y agentes contra cualquier reclamaci&oacute;n, proceso legal, demanda, p&eacute;rdida, da&ntilde;os, u otros costos, (incluyendo tarifas legales y de contabilidad razonables) que puedan ser provocadas por usted o terceros bajo su nombre como resultado (a) de la violaci&oacute;n de este acuerdo, (b) la violaci&oacute;n de cualquier ley o derechos de un tercero, o (c) el uso dado por usted y aquellos bajo su nombre a nuestro sitio web.</p>\r\n','es'),(33,6,'Termes et Conditions',NULL,NULL,NULL,'<p>\r\n	Les termes et les conditions suivantes contiennent et d&eacute;crivent ce que vous devez l&eacute;galement attendre de nous en achetant des services par rapport aux voyages. Vous pourrez aussi voir quelles sont vos obligations comme client.</p>\r\n<h3>\r\n	1. 1.L&acute;Accord avec Vous</h3>\r\n<p>\r\n	<strong>&nbsp;</strong><strong>Produits et fournisseurs</strong><br />\r\n	Notre but est celui de vendre une vaste vari&eacute;t&eacute; de produits par rapport aux voyages &agrave; partir de divers fournisseurs et de fournisseurs de services. Chaque fournisseur a ses propres termes et conditions applicables &agrave; vos ajustements particuliers outre que nos termes g&eacute;n&eacute;raux et conditions, donc vous deviez vous assurer d&#39;avoir compris parfaitement tout.</p>\r\n<p>\r\n	Le r&ocirc;le de Venacuba est celui d&#39;agir comme un interm&eacute;diaire ou un agent de r&eacute;servation pour ces produits et services que ne soient pas directement offerts par nous. Nous souhaitons clarifier opportunement que nous ne sommes pas des vendeurs de tels produits et services. Il est important que vous sachiez que vous entrerez dans un contrat s&eacute;par&eacute; avec tels fournisseurs (Auberge ou Maison) en ce qui concerne ces produits et services.</p>\r\n<p>\r\n	<strong>D&eacute;p&ocirc;ts et paiements</strong><br />\r\n	Apr&egrave;s que vous fournissiez votre information de paiement, vous nous autoriserez &agrave; faire les paiements correspondants aux fournisseurs.</p>\r\n<p>\r\n	<strong>Documentation</strong><br />\r\n	Notre politique g&eacute;n&eacute;rale est celle d&#39;envoyer les documents &agrave; nos clients par moyens &eacute;lectroniques si possible. Nous nous r&eacute;servons le droit d&#39;appliquer un tarif additionnel si ces documents sont sollicit&eacute;s en copie dure.</p>\r\n<p>\r\n	<strong>Annulations et changements</strong><br />\r\n	Comme votre agent de r&eacute;servations, nous nous assurerons que vous soyez notifi&eacute; sur N&acute;IMPORTE QUEL changement significatif dans votre voyage ou s&eacute;jour. Cependant, on n&#39;accepte aucune responsabilit&eacute; par les changements ou les co&ucirc;ts comme r&eacute;sultat de tout cel&agrave;. Conform&eacute;ment aux termes et aux conditions indiqu&eacute;es par le fournisseur, vous aurez alors l&#39;option d&#39;accepter les changements ou non. Vous &ecirc;tes libre d&#39;accepter une offre alternative &agrave; votre voyage ou d&#39;annuler votre r&eacute;servation et de recevoir les remboursements applicables.</p>\r\n<p>\r\n	S&#39;il vous pla&icirc;t, il est tr&egrave;s important de s&#39;assurer de nous envoyer votre courrier &eacute;lectronique et que vous v&eacute;rifiez r&eacute;guli&egrave;rement vos messages avant de voyager.</p>\r\n<h3>\r\n	2. 2.L&acute;Accord avec Nous</h3>\r\n<p>\r\n	<strong>Accepter ces termes et conditions</strong><br />\r\n	Quand vous r&eacute;serverez avec nous ou utilise notre site Internet, vous acceptez d&#39;&ecirc;tre li&eacute; aux termes contenus dans cet accord, et a n&acute;importe quel terme additionnel et conditions indiqu&eacute;es par les fournisseurs applicables &agrave; votre r&eacute;servation, ajustements de voyage ou l&#39;utilisation de n&acute;importe quel contenu de notre site Internet. Il est important que vous sachiez que vous acceptez ceci &agrave; votre nom et &agrave; nom de ceux qui soient repr&eacute;sent&eacute;es par vous, qui accepteront ces termes et conditions incluant le paiement de toutes les quantit&eacute;s requises quand il soit n&eacute;cessaire. En acceptant ces termes et conditions vous acceptez que toute violation peut donner lieu &agrave; : (a) l&#39;annulation de votre r&eacute;servation ou achat, (b) la saisie de la quantit&eacute; que vous avez pay&eacute;e par la reservaci&oacute;n ou achat, et (c) la n&eacute;gation de l&#39;acc&egrave;s au parcours applicable par rapport aux produits ou services offerts.</p>\r\n<p>\r\n	Vous devez consid&eacute;rer que vous repr&eacute;sentez et garantissez que (a) vous &ecirc;tes majeur et pouvez utiliser nos services et site Internet et en m&ecirc;me temps que vous &ecirc;tes capable de remplir les obligations l&eacute;gales mises en rapport avec son utilisation, (b) vous &ecirc;tes l&eacute;galement autoris&eacute;(e) &agrave; agir &agrave; nom de ceux que vous repr&eacute;sentez et qu&#39;ils/elles acceptent ces termes et conditions sous votre nombre et (c) l&#39;information que vous avez envoy&eacute;e par rapport &agrave; vous et votre groupe est vraie et correcte.</p>\r\n<p>\r\n	Vous &ecirc;tes responsable d&#39;informer les autres sur tous les termes et conditions applicables aux ajustements du voyage. Vous acceptez en outre que vous &ecirc;tes responsable - en termes financiers - de toute l&acute;utilisation de nos services ou site Internet par vous-m&ecirc;me ou ceux qui voyagent sous votre responsabilit&eacute;.</p>\r\n<p>\r\n	<strong>Et si vous changez votre r&eacute;servation?</strong></p>\r\n<p>\r\n	Si vous d&eacute;cidez ou avez bessoin de changer votre r&eacute;servation nous ferons n&ocirc;tre meilleur effort pour vous aider le plus possible en ce qui concerne les changements dont vous avez besoin et dans votre ajustements de voyage. Nos tarifs standard pour le service seront toujours appliqu&eacute;s outre que n&acute;importe quelle surtaxe additionnelle de la part du fournisseur. Il est important que vous consid&eacute;riez que tous les changements de la r&eacute;servation sont soumis &agrave; la disponibilit&eacute; ainsi qu&#39;aux termes et conditions du produit que sera achet&eacute;.</p>\r\n<p>\r\n	<strong>Et si vous avez une plainte?</strong></p>\r\n<p>\r\n	Au cas o&ugrave; vous avez aucun probl&egrave;me pendant votre s&eacute;jour, vous avez le droit d&#39;informer imm&eacute;diatement &agrave; votre fournisseur (les propri&eacute;taires de l&acute;auberge-maison) S&#39;ils ne peuvent pas imm&eacute;diatement r&eacute;soudre le probl&egrave;me, s&#39;il vous pla&icirc;t, contactez-nous en utilisant l&#39;information de contact dans notre site Internet. Notre but est de vous aider &agrave; r&eacute;soudre et &agrave; d&eacute;gager n&acute;importe quel conflit ou m&eacute;contentement. Mais, si vous ne nous contactez pas en temps, il sera plus difficile pour nous de faire des recherches sur votre plainte avec la profondeur requise et sera plus difficile d&#39;amender toute erreur dans votre absence.</p>\r\n<p>\r\n	<strong>&nbsp;</strong><strong>Documents de Voyage et Destins</strong></p>\r\n<p>\r\n	S&#39;il vous pla&icirc;t, tenez compte que vous avez besoin de vous assurer que tous les d&eacute;tails dans vos documents de voyage soient r&eacute;els et corrects. S&#39;il vous pla&icirc;t, informez-nous en temps en cas d&#39;erreurs ou de divergences qui peuvent arriver. Rappelez que vos documents de voyage sont tr&egrave;s importants et ils doivent &ecirc;tre prot&eacute;g&eacute;s comme s&#39;ils &eacute;taient or parce qu&#39;il n&#39;est pas toujours possible de les remplacer en cas de perte, vol ou dommages, etc.</p>\r\n<p>\r\n	<strong>Conditions passeport, visa et immigration</strong></p>\r\n<p>\r\n	Vous &ecirc;tes responsable de remplir votre passeport, vise et d&#39;autres conditions d&#39;immigration qui pourraient &ecirc;tre demandes pendant votre itin&eacute;raire. S&#39;il vous pla&icirc;t, confirmez tout ceci avec les ambassades respectives et/ou consulats. Nous n&#39;avons aucune responsabilit&eacute; dans le cas que vous ne pouvez pas voyager parce que vousn&rsquo;accomplissez pas telles conditions.</p>\r\n<p>\r\n	<strong>&nbsp;</strong><strong>Assurance</strong></p>\r\n<p>\r\n	Quand vous voyagez il est important de se rappeler que l&#39;assurance est une partie vitale de vos pr&eacute;paratifs. Nous vous recommandons de prendre l&#39;assurance appropri&eacute;e pour votre voyage. Celui-ci est un &eacute;l&eacute;ment obligatoire en sortant votre maison. Si vous l&#39;avez besoin nous pouvons fixer une assurance de voyage dont vous aurez besoin. Nous vous enverrons un prix, et la r&eacute;ponse &agrave; n&acute;importe quelle question que vous pourriez avoir sur ce sujet.</p>\r\n<p>\r\n	<strong>L&#39;utilisation de nos services et notre site Internet</strong></p>\r\n<p>\r\n	Dans cet article vous acceptez d&rsquo;utiliser notre site Internet ou nos services avec le seul but de faire des r&eacute;servations ou des achats l&eacute;gitimes et de ne les utiliser pas pour effectuer des r&eacute;servations sp&eacute;culatives, fausses ou frauduleuses. Vous d&eacute;cidez d&#39;utiliser l&eacute;galement notre site Internet et nos services en accord avec les lois applicables.</p>\r\n<p>\r\n	Si vous n&#39;avez pas notre autorisation &eacute;crite, vous n&acute;avez pas le droit d&acute; (a) acc&eacute;der, contr&ocirc;ler ou copier aucun contenu ou information dans notre site Internet, vous ne peuvez pas utiliser aucun robot (bot informatique), robot d&#39;indexation (araign&eacute;e du Web), ou tout autre dispositif manuel ou automatique ou logiciel pour ce but, (b) faire un enlance profond avec n&acute;importe quelle portion de notre site Internet, ou (c) marquer ou incorporer n&acute;importe quelle portion de notre site Internet vers un autre.</p>\r\n<p>\r\n	<strong>Indemnisation</strong></p>\r\n<p>\r\n	Vous acceptez de nous indemniser ainsi qu&acute;&agrave; nos affili&eacute;s, et &agrave; n&acute;importe quels de nos fournisseurs, ou d&#39;autres en rapport avec nous comme des fonctionnaires, directeurs, employ&eacute;s et agents contre toute r&eacute;clamation, processus l&eacute;gal, demande, perte, dommages, ou autres co&ucirc;ts, (en incluant des tarifs l&eacute;gaux et de comptabilit&eacute; raisonnables) qui peuvent &ecirc;tre provoqu&eacute;es par vous ou troisi&egrave;mes sous votre nom comme cons&eacute;quence de (a) la violation de cet accord, (b) la violation de n&acute;importe quelle loi ou droits d&#39;un tiers, ou de (c) l&#39;utilisation par vous et ceux sous votre nom de notre site Internet.</p>\r\n','fr'),(34,7,'Contáctenos','Contáctenos','Contáctenos','Contáctenos','<ul class=\"contact-info\">\r\n	<li>\r\n		<img alt=\"mail\" src=\"/img/images/message.png\" style=\"width: 31px; height: 23px;\" />&nbsp;<a href=\"mailto:info@mytriptocuba.com\">info@mytriptocuba.com</a></li>\r\n	<li>\r\n		<img alt=\"mail\" src=\"/img/images/phone.png\" />1(844)836-2822</li>\r\n</ul>\r\n','es'),(35,7,'Contactez-nous','Contactez-nous','Contactez-nous','Contactez-nous','<ul class=\"contact-info\">\r\n	<li>\r\n		<img alt=\"mail\" src=\"/img/images/message.png\" style=\"width: 31px; height: 23px;\" />&nbsp;<a href=\"mailto:info@mytriptocuba.com\">info@mytriptocuba.com</a></li>\r\n	<li>\r\n		<img alt=\"mail\" src=\"/img/images/phone.png\" />1(844)836-2822</li>\r\n</ul>\r\n','fr'),(36,8,'Hospitalité','Hospitalité','Hospitalité','Hospitalité','<p>Le peuple cubain avec les paysages naturels de l\'île sont les plus grands trésors de Cuba.\r\nC´est est un pays qui a construit son histoire et qui a forgé sa culture et idiosyncrasie en se basant en son talent et affection. Ceuxsont les composants essentiels de l\'hospitalité que nous distingue et tout cela est porté à la maison lorsque vous partez chez vous. Quand vous êtes arrivé vous êtes accueilli par votre prénom comme on donne le bienvenu aux amis.</p>\r\n<p>« Viens par ici » « celle-ci est ta chambre », « la cuisine est là », celles sont les phrases dites par les cubains et pas d\'autres.</p>\r\n<p>Il n\'y a pas besoin de dire « celle-ci est ta maison », parce que pendant ces jours la maison est vraiment la vôtre.</p>\r\n<p>C´est pour cela que quand vous ayez besoin de quelque chose, vous devez seulement dire : « Je voudrait… » celles sontles mots magiques. Ces mots vous emmèneront où vous souhaitiez et vous fourniront avec tout ce que vous aurez besoin.</p>','fr'),(37,8,'Hospitalidad','Hospitalidad','Hospitalidad','Hospitalidad','<p>El  pueblo cubano junto con los paisajes naturales de la isla son los mayores  tesoros de Cuba.<br>\r\n  Este es  un pa&iacute;s que ha construido su historia y que ha forjado su cultura e  idiosincrasia bas&aacute;ndose en su talento y afecto. &Eacute;sos son los componentes  esenciales de la hospitalidad que nos distingue y eso es lo que  se lleva el visitante a casa cuando se marcha de Cuba.Cuando usted llega le  reciben usando su nombre de pila, pues se le da la bienvenida como a los  amigos.<br>\r\n  &ldquo;Ven por  aqu&iacute;&rdquo; &ldquo;&eacute;sta es tu habitaci&oacute;n&rdquo;, &ldquo;la cocina est&aacute; por all&aacute;&rdquo;, esas son las frases  dichas por los cubanos y no otras.<br>\r\n  No hay  necesidad de decir &ldquo;&eacute;sta es su casa&rdquo;, porque durante esos d&iacute;as la casa tambien  es suya.<br>\r\n  Por esa  raz&oacute;n, cuando necesite algo, s&oacute;lo tiene que decir: &ldquo;quisiera&hellip;&rdquo; esas son <br>\r\n  las  palabras m&aacute;gicas. <strong><em>Ellas lo llevar&aacute;n a</em></strong> usted a donde desee y le  proporcionar&aacute;n todo lo que necesite.</p>\r\n','es'),(38,9,'Historias','Historias','Historias','Historias','<p>Las  historias experimentadas por las mujeres y hombres de Cuba son una invitaci&oacute;n a  conocerlos. Ellos no s&oacute;lo son &ldquo;los arrendadores que le alquilan una habitaci&oacute;n&rdquo;  con las comodidades apropiadas de forma tal que usted, su familia y sus amigos  disfruten a plenitud de sus vacaciones. Ellos le ofrecen sus casas para que  usted se pueda sentir como en su propio hogar. Pero lo m&aacute;s importante es que  tienden un puente - con el debido respeto - sobre la fr&iacute;a distancia y el  protocolo mientras ofrecen su lado m&aacute;s humano.</p>\r\n','es'),(39,10,'Confianza y Seguridad','Confianza y Seguridad','Confianza y Seguridad','Confianza y Seguridad','<p>\r\n	La isla ofrece seguridad y despreocupaci&oacute;n en el sentido m&aacute;s amplio.Si a&uacute;n no est&aacute; convencido, hable con su arrendador para que le informe sobre los lugares que deber&iacute;a evitar. Por favor, conf&iacute;e solamente en la informaci&oacute;n ofrecida por <strong><em>VENACUBA</em></strong>.Los representantes le identificar&aacute;n por su nombre, n&uacute;mero de reservaci&oacute;n y destino. Su arrendador cubano le ayudar&aacute; a obtener todos los servicios adicionales preferidos por usted.</p>\r\n<p>\r\n	Al elegir destinos, siempre seleccionamos un lugar seguro, especialmente cuando se viaja en familia.Cuba es un lugar seguro.Salud p&uacute;blica, cero violencia debido a armas de fuego, drogas, o conflictos &eacute;tnicos. Es una sociedad con sus personajes t&iacute;picos que la hacen rica desde un punto de vista social y cultural. Uno de los personajes m&aacute;s llamativos apareci&oacute; durante los a&ntilde;os 90: el &ldquo;Jinetero(a)&rdquo;.</p>\r\n<p>\r\n	&iquest;Qu&eacute; es un Jinetero(a)?</p>\r\n<p>\r\n	Algunas palabras para definir un &ldquo;jinetero&rdquo; podr&iacute;an ser: acompa&ntilde;ante, servicio sexual, gu&iacute;a tur&iacute;stico, pionero en la vida &ldquo;underground&rdquo;, cobrador de comisiones&hellip; incluso un gran timador, eso y mucho m&aacute;s, servicios personalizados.&Eacute;stos son algunos de los elementos que caracterizan a un personaje que - aunque indirectamente - ser&aacute; parte su aventura en Cuba.</p>\r\n','es'),(40,10,'Confiance et Sécurité','Confiance et Sécurité','Confiance et Sécurité','Confiance et Sécurité','<p>L\'île offre sécurité et insouciance dans le sens plus vaste. Si vous n\'êtes pas convaincu encore, s´il vous plaît, parlez avec votre loueur(euse) pour qu\'il/elle vous informe sur les lieux que vous devez éviter. S´il vous plaît, ayez confiance seulement à l\'information offerte par VENACUBA. Les représentants vous identifieront par votre nom, nombre de réservation et destin.Votre loueur (euse) vous aidera à obtenir tous les services additionnels préférés par vous.</p>\r\n\r\n<p>En choisissant nos destins, nous choisissons toujours un lieu sûr, spécialement si l´on voyage avec notre famille. Cuba est un lieu sûr. Santé publique, zéro violence causée par des armes de feu, drogues, ou conflits éthniques. C´est une société avec ses personnages typiques que la rendent riche d\'un point de vue sociale et culturelle. Un des personnages les plus frappants est apparu pendant les années 90 : « le Jinetero (a) ».</p>\r\n\r\n<strong>Qu\'est-ce qu´un Jinetero (a) ?</strong>\r\n\r\n<p>Quelques mots pour bien définir un « jinetero » pourraient être : compagnon, service sexuel, guide touristique, pionnier dans la vie « underground », collecteur de commissions… même un grand escroc, tout cela et beaucoup plus, services personnalisés. Ceux-ci sont des éléments que caractérisent à un personnage que - bien que de manière indirecte - sera partie de votre aventure à Cuba.</p>\r\n','fr'),(41,11,'recreación','recreación','recreación','recreación','recreaci&oacute;n','es'),(42,11,'récréation','récréation','récréation','récréation','r&eacute;cr&eacute;ation','fr'),(43,12,'Comidas y bebidas','Comidas y bebidas','Comidas y bebidas','Comidas y bebidas','<p>\r\n	&nbsp;La cocina cubana es de hecho el resultado de la fusi&oacute;n de varias culturas incluyendo la cocina de sus primeros habitantes: los Ta&iacute;nos, junto con la que trajeron los espa&ntilde;oles, africanos y otros pueblos del Caribe.Usted probar&aacute; el sabor de la cocina cubana preparada con las especias y las t&eacute;cnicas compartidas con la cocina espa&ntilde;ola y africana.Usted tambi&eacute;n descubrir&aacute; cierta influencia de la cocina del Caribe en algunas especias y sabores cubanos.La cocina cubana resulta ser una mezcla &uacute;nica, interesante y saborosa de esas influencias cercanas y distantes incluyendo grandes semejanzas con la cocina de otros pa&iacute;ses caribe&ntilde;os como la Rep&uacute;blica Dominicana y Puerto Rico.La esencia de la singularidad cubana se remonta a la &eacute;poca colonial, cuando la isla ten&iacute;a puertos importantes para el comercio, especialmente La Habana, y muchos espa&ntilde;oles que vivieron en la isla trajeron sus tradiciones culinarias con ellos. M&aacute;s adelante, la entrada masiva de africanos esclavizados contribuy&oacute; con m&aacute;s sabores y formas de preparar los alimentos.</p>\r\n<p>\r\n	<strong>Una comida cubana por excelencia</strong></p>\r\n<p>\r\n	Consistir&iacute;a simplemente en arroz y frijoles, cocinados juntos o por separado.Si se cocinan juntos entonces la receta se llama &quot;Congr&iacute;&quot;, &quot;Moros&quot; o &quot;Moros y Cristianos&quot;.Cuando se cocinan por separado simplemente se dice Arroz con/y Frijoles.<a href=\"http://en.wikipedia.org/wiki/Cuban_cuisine#cite_note-3\">[3]</a> Luego se a&ntilde;ade el plato fuerte que generalmente es cerdo o res.Hay algunas recetas cubanas como Ropa Vieja que se preparan con estas carnes.Algo que se agrega generalmente a los platos cubanos son las <em>viandas</em> (ra&iacute;cesy tub&eacute;rculos almidonados) (no confundir con la palabra viande <a href=\"http://en.wikipedia.org/wiki/French_language\">&nbsp;que en </a>franc&eacute;s significa &quot;carne&quot;).El t&eacute;rmino <em>&nbsp;vianda </em>abarca varios tipos <a href=\"http://en.wikipedia.org/wiki/Tubers\">de tub&eacute;rculos</a>, incluyendo <a href=\"http://en.wikipedia.org/wiki/Cassava\">la yuca</a> (mandioca, tapioca), <a href=\"http://en.wikipedia.org/wiki/Xanthosoma\">la malanga</a>, y las papas (<a href=\"http://en.wikipedia.org/wiki/Potato\">patatas</a>) servidas fritas o hervidas.En un plato cubano t&iacute;pico no pueden faltar <a href=\"http://en.wikipedia.org/wiki/Plantain_(cooking)\">ni el ma&iacute;z ni</a> los pl&aacute;tanos. Estos platos cubanos generalmente se acompa&ntilde;an con una ensalada compuesta por <a href=\"http://en.wikipedia.org/wiki/Tomato\">tomate</a>s, <a href=\"http://en.wikipedia.org/wiki/Lettuce\">lechuga</a>, <a href=\"http://en.wikipedia.org/wiki/Avocado\">&nbsp;aguacate</a>, o <a href=\"http://en.wikipedia.org/wiki/Cucumber\">pepino</a>s. El aderezo de la ensalada es generalmente simple utilizando vinagre o vino seco.Un hecho curioso sobre <em>los platos criollos</em> cubanos es que ignoran a la <a href=\"http://en.wikipedia.org/wiki/Fruit\">mayor&iacute;a de las frutas</a>, a excepci&oacute;n de los pl&aacute;tanos maduros, que se consumen y se aprecian mucho junto al arroz y los frijoles.</p>\r\n<h2>\r\n	<a id=\"h.c5nv9qtp1nz1\" name=\"h.c5nv9qtp1nz1\"></a>Algunos platos tradicionales y comunes en Cuba</h2>\r\n<p>\r\n	Lech&oacute;n asado (cerdo asado)<br />\r\n	Yuca con mojo<br />\r\n	&nbsp;Arroz Congris<br />\r\n	Chatinos o Tostones (pl&aacute;tanos verdes fritos)<br />\r\n	Picadillo a la Criolla<br />\r\n	Carne con papas (patatas)<br />\r\n	Ajiaco (es un guisado muy sabroso hecho a base de carne de res, cerdo, pollo, vegetales, y una gran variedad de ra&iacute;ces y tub&eacute;rculos clasificados como viandas)<br />\r\n	Congr&iacute; Oriental (frijoles colorados y arroz)<br />\r\n	S&aacute;ndwich cubano<br />\r\n	Caldosa (caldo cubano t&iacute;pico)<br />\r\n	Ropa vieja vegetales con carne</p>\r\n<h2>\r\n	<a id=\"h.lpfmauhanjtr\" name=\"h.lpfmauhanjtr\"></a>Bebidas</h2>\r\n<p>\r\n	Esta es una lista con los cocteles cubanos m&aacute;s populares:</p>\r\n<p>\r\n	Daiquir&iacute;: ron, lim&oacute;n, az&uacute;car, marrasquino e hielo.<br />\r\n	Mojito: ron, hojas de hierbabuena, lim&oacute;n, az&uacute;car, soda (gaseosa) e hielo.<br />\r\n	Cuba Libre: ron, Coca-Cola, lim&oacute;n e hielo.<br />\r\n	Ron Collins o Ron Colins: ron, lim&oacute;n, az&uacute;car, soda (gaseosa) e hielo.<br />\r\n	Telegrama: ron, licor de menta e hielo.</p>\r\n','es'),(44,12,'Repas et boissons','Repas et boissons','Repas et boissons','Repas et boissons','<p>\r\n	La cuisine cubaine est, de fait, le r&eacute;sultat de la fusion de plusieurs cultures en incluant la cuisine de ses premiers habitants: les Ta&iacute;nos, avec celle qu&#39;ont apport&eacute;e les espagnols, africains et des autres peuples de la mer des Cara&iuml;bes.Vous go&ucirc;terez la saveur de la cuisine cubaine pr&eacute;par&eacute;e avec les &eacute;pices et les techniques partag&eacute;es avec la cuisine espagnole et africaine. Vous d&eacute;couvrirez aussi une certaine influence de la cuisine de la Cara&iuml;be dans quelques &eacute;pices et saveurs cubaines. La cuisine cubaine est un m&eacute;lange unique, int&eacute;ressant et d&eacute;licieux de diff&eacute;rentes influences proches et &eacute;loign&eacute;es en incluant les grandes similitudes avec la cuisine d&#39;autres pays de la Cara&iuml;be comme la R&eacute;publique Dominicaine et le Porto Rico.L&acute;essence de la singularit&eacute; cubaine remonte &agrave; l&#39;&eacute;poque coloniale, quand l&#39;&icirc;le avait des ports importants pour le commerce, sp&eacute;cialement La Havane, et beaucoup d&#39;Espagnols qu&acute;ont v&eacute;cu dans l&#39;&icirc;le ont apport&eacute; leurs traditions culinaires avec eux. Apr&egrave;s, l&#39;entr&eacute;e massive de d&#39;esclaves africains a contribu&eacute; avec plus de saveurs et fa&ccedil;ons de pr&eacute;parer la nourriture.</p>\r\n<h2>\r\n	Un plat cubain par excellence</h2>\r\n<p>\r\n	Il consisterait simplement en riz et haricots, cuisin&eacute;s ensemble ou s&eacute;par&eacute;s. Si se cuisinent ensemble le plat s&acute;appelle Congr&iacute;, Moros ou Moros y Cristinanos (Maures et Chr&eacute;tiens).Si se cuisinent s&eacute;par&eacute;ment on dit simplement du Riz avec/et Haricots.[3] On ajoute ensuite le plat principal, g&eacute;n&eacute;ralement c&acute;est de la viande de porc ou de b&oelig;uf. Il y a quelques plats cubains comme la Ropa Vieja que sont pr&eacute;par&eacute;s avec ces viandes. Quelque chose que s&#39;ajoute g&eacute;n&eacute;ralement aux plats traditinels de Cuba sont les &laquo; viandas &raquo; (racineset tubercules amidonn&eacute;s) (ne pas confondre avec le mot viande). Le terme cubain &laquo; vianda &raquo;comprend plusieurs types de tubercules, y compris la &laquo; yuca &raquo; (manioc), la &laquo; malanga &raquo;(taro), et les &laquo; papas &raquo;(pommes de terre) servies frites ou bouillies. Un plat cubain authentique ne peut manquer ni le ma&iuml;s ni les bananes. Ces plats cubains sont g&eacute;n&eacute;ralement accompagn&eacute;s avec une salade compos&eacute;e des tomates, laitues, avocats, ou concombres. L&acute;assaisonnement de la salade est g&eacute;n&eacute;ralement simple en utilisant du vinaigre ou du vin sec. Un fait curieux sur le les plats cr&eacute;oles cubaines c&acute;est qu&#39;ils ignorent lamajorit&eacute; des fruits, &agrave; l&#39;exception des bananes m&ucirc;res, qui sont consomm&eacute;es et bien appr&eacute;cies avec le riz et les haricots.</p>\r\n<strong>Quelques plats traditionels et communes &agrave; Cuba</strong>\r\n<p>\r\n	Lech&oacute;nasado (porc r&ocirc;ti)<br />\r\n	Yuca(manioc assaisonn&eacute;avec de l&acute;ail)<br />\r\n	Congr&iacute;<br />\r\n	Chatinos ou Tostones (bananes vertes frites)<br />\r\n	Viande hach&eacute;e &agrave; la Cr&eacute;ole<br />\r\n	Viande aux pommes de terre<br />\r\n	Ajiaco (c&acute;est un rago&ucirc;t tr&egrave;s d&eacute;licieux &agrave; base de viande de b&oelig;uf, porc, poulet, v&eacute;g&eacute;taux, et d&#39;une grande vari&eacute;t&eacute; de racines et tubercules class&eacute;s comme &quot;viandas&quot;)<br />\r\n	Congr&iacute; Oriental (haricots rouges et du riz)<br />\r\n	S&aacute;ndwich cubain<br />\r\n	Caldosa (bouillon cubain typique)<br />\r\n	Ropa Vieja (et v&eacute;g&eacute;taux avec de la viande)</p>\r\n<h2>\r\n	Boissons</h2>\r\n<strong>Celle-ci est une liste avec les cocktails cubains les plus populaires :</strong>\r\n<p>\r\n	Daiquir&iacute; : rhum, citron, sucre, marrasquino et du glace.<br />\r\n	Mojito : rhum, feuilles de menthe, citron, sucre, soda (boisson gazeuse) et du glace.<br />\r\n	Cuba Libre : rhum, Coca-Cola, citron et du glace.<br />\r\n	Rhum Collins ou Rhum Colins : rhum, citron, sucre, soda (gazeuse) et du glace.<br />\r\n	Telegrama: rhum, liqueur de menthe et du glace.</p>\r\n','fr'),(45,19,'F.A.Q','F.A.Q','F.A.Q','F.A.Q','<ol class=\"que\">\r\n	<li>\r\n		HOW PAYMENTS ARE DONE?<br />\r\n		My Trip to Cuba understands the importance of simple transactions, which is why we offer the convenience of paying by both credit card and PayPal.</li>\r\n	<li>\r\n		Can I pay with pay pal withut signing ?<br />\r\n		http://www2.venacuba.com/FAQ/pp-fr.pdf<br />\r\n		http://www2.venacuba.com/FAQ/pp-eng.pdf<br />\r\n		http://www2.venacuba.com/FAQ/pp-esp.pdf</li>\r\n	<li>\r\n		CUC currency does not exist outside Cuba ?<br />\r\n		1CUC &nbsp;= 1.05 USD<br />\r\n		you also can transfer the equivalent in CAD or EURO</li>\r\n	<li>\r\n		WHAT IS Lifetime Deposits ?<br />\r\n		Booking with My Trip to Cuba should be worry-free. With our Lifetime Deposits, your payment is guaranteed, even if you are forced to delay your vacation. We will retain your initial deposit for an unlimited time and you can use it towards booking the same B &amp;B at a later date, transfer it to a friend, or use it to book a different B&amp;B when you are ready.&nbsp;</li>\r\n</ol>\r\n','en'),(46,9,'Histoires','Histoires','Histoires','Histoires','<p>Les histoires expérimentées par les hommes et les femmes de Cuba sont uneinvitation à les découvrir. Ils ne sont seulement “les personnes qui vont vous louer une chambre” avec tous les conforts pour que vous et votre famille puissent jouir vos vacances. Ils/elles vous offrent ses maisons pour que vous puissiez avoir la sensation de vous trouver chezvous. Mais le plus important c´est qu´ils jettent un pont - avec tout le respect - sur la distance froide et le protocole tandis que vous offrent leur côté le plus humain.</p>\r\n','fr'),(47,20,'Book Now','Book Now','Book Now','Book Now','','en'),(48,21,'Make payment','Make payment','Make payment','Make payment','','en'),(49,18,'Principales destinos','Principales destinos','Principales destinos','Principales destinos','<p>\r\n	Hemos seleccionado los mejores destinos de la isla<br />\r\n	&nbsp;</p>\r\n','es'),(50,18,'Principales destinations','Principales destinations','Principales destinations','Principales destinations','<p>\r\n	Nous n&#39;avons s&eacute;lectionnons les meilleurs destinations &agrave; Cuba<br />\r\n	&nbsp;</p>\r\n','fr'),(51,22,'About Us','About Us',NULL,NULL,NULL,'en'),(52,23,'More','More','More','More','More','en'),(53,19,'F.A.Q','F.A.Q','F.A.Q','F.A.Q','<ol>\r\n  <li>&iquest;C&oacute;mo se hacen los pagos?  <br>\r\n  Mi viaje  a Cuba con VenaCuba tiene en cuenta cu&aacute;n importante son las transacciones  simples.Es por eso que le ofrecemos la oportunidad de pagar usando tarjetas de  cr&eacute;dito y PayPal.</li>\r\n  <li>&iquest;Puedo pagar con PayPal sin  tener una cuenta?<br>\r\n  http://www2.venacuba.com/FAQ/pp-fr.pdf<br>\r\n  http://www2.venacuba.com/FAQ/pp-eng.pdf<br>\r\n  http://www2.venacuba.com/FAQ/pp-esp.pdf</li>\r\n  <li>&iquest;El CUC existe fuera de Cuba?<br>\r\n  Por  favor, observe el cambio de divisa actual para CUC y USD<br>\r\n  1 CUC =  1.05 USD<br>\r\n  Usted  tambi&eacute;n tiene la posibilidad de transferir la cantidad equivalente en CAD o EUR</li>\r\n  <li>&iquest;Qu&eacute; son los Dep&oacute;sitos  Vitalicios?<br>\r\n  Usted no  tiene nada de qu&eacute; preocuparse al reservar con nosotros.Adem&aacute;s, usando nuestros  Dep&oacute;sitos Vitalicios su pago siempre estar&aacute; garantizado aunque usted necesite  cambiar la fecha de sus vacaciones por cualquier motivo. Nosotros procederemos  a conservar su dep&oacute;sito inicial por un tiempo ilimitado y usted podr&aacute;  utilizarlo al reservar el mismo alojamiento en una fecha distinta.Usted tambi&eacute;n  puede transferirlo a un amigo, o incluso utilizarlo si desea reservar en otro  alojamiento cuando sienta que est&aacute; listo para su viaje.</li>\r\n</ol>\r\n','es'),(54,19,'Q.F.P.','Q.F.P.','Q.F.P.','Q.F.P.','<p>Important pour les voyageurs : </p>\r\n<ol>\r\n  <li>Comment  payer? <br>\r\n  Mon voyage &agrave; Cuba avec VenaCuba tient compte  l&acute;importance des transactions simples. C&acute;est pour cela que nous vous offrons  l\'opportunit&eacute; de payer en utilisant des cartes cr&eacute;dit et PayPal.</li>\r\n  <li> Est-ce  que c&acute;est possible de payer avec PayPal sans avoir un compte? <br>\r\n    <a href=\"http://www2.venacuba.com/FAQ/pp-fr.pdf\">http://www2.venacuba.com/FAQ/pp-fr.pdf</a><br>\r\n    <a href=\"http://www2.venacuba.com/FAQ/pp-eng.pdf\">http://www2.venacuba.com/FAQ/pp-eng.pdf</a><br>\r\n    <a href=\"http://www2.venacuba.com/FAQ/pp-fr.pdf\">http://www2.venacuba.com/FAQ/pp-fr.pdf</a></li>\r\n  <li> Le CUC existe hors de  Cuba ?<br>\r\n  S\'il vous pla&icirc;t, observez le changement de  devise en vigueur pour CUC et USD <br>\r\n  1 CUC = 1.05 USD<br>\r\n  Vous avez aussi la possibilit&eacute; de transf&eacute;rer la  quantit&eacute; &eacute;quivalente en CAD ou EUR</li>\r\n  <li>  Qu\'est-ce que les Dep&ocirc;ts Viagers ?<br>\r\n  Vous n\'avez rien de quoi vous pr&eacute;occuper en  r&eacute;servant avec nous. En outre, en utilisant nos Dep&ocirc;ts Viagers votre paiement  sera toujours garanti m&ecirc;me si vous avez besoin de changer la date de vos  vacances pour n&acute;importe quel motif. Nous conserverons votre dep&ocirc;t initial pour  un temps illimit&eacute; et vous pourrez l\'utiliser en r&eacute;servant le m&ecirc;me logement &agrave;  une date diff&eacute;rente. Vous pouvez aussi le transf&eacute;rer &agrave; un ami, ou m&ecirc;me  l\'utiliser si vous souhaitez de r&eacute;server dans un autre logement quand vous &ecirc;tes  pr&ecirc;t pour votre voyage. </li>\r\n</ol>','fr'),(55,17,'Guides de Destination','Guides de Destination','Guides de Destination','Guides de Destination','<p>\r\n	Lorem ipsum dolor sit amet, consectetur adipiscing elit. Fusce ut auctor lacus. Curabitur quis leo eu nulla ornare commodo. Donec vulputate ante in felis dignissim, a interdum tortor euismod. Nunc bibendum egestas massa, nec ornare justo dictum eget. Suspendisse mollis pharetra magna. Nullam aliquet mollis metus, quis congue odio dapibus a. In ac lacinia tortor. Praesent venenatis porta porta. Donec porttitor viverra convallis.</p>\r\n','fr'),(56,13,'Technique de Support','Technique de Support','Technique de Support','Technique de Support','<p>\r\n	Lorem Ipsum is simply dummy text of the printing and typesetting industry. Lorem Ipsum has been the industry&#39;s standard dummy text ever since the 1500s, when an unknown printer took a galley of type and scrambled it to make a type specimen book. It has survived not only five centuries, but also the leap into electronic typesetting, remaining essentially unchanged. It was popularised in the 1960s with the release of Letraset sheets containing Lorem Ipsum passages, and more recently with desktop publishing software like Aldus PageMaker including versions of Lorem Ipsum. Lorem Ipsum is simply dummy text of the printing and typesetting industry. Lorem Ipsum has been the industry&#39;s standard dummy text ever since the 1500s, when an unknown printer took a galley of type and scrambled it to make a type specimen book. It has survived not only five centuries, but also the leap into electronic typesetting, remaining essentially unchanged. It was popularised in the 1960s with the release of Letraset sheets containing Lorem Ipsum passages, and more recently with desktop publishing software like Aldus PageMaker including versions of Lorem IpsumLorem Ipsum is simply dummy text of the printing and typesetting industry. Lorem Ipsum has been the industry&#39;s standard dummy text ever since the 1500s, when an unknown printer took a galley of type and scrambled it to make a type specimen book. It has survived not only five centuries, but also the leap into electronic typesetting, remaining essentially unchanged. It was popularised in the 1960s with the release of Letraset sheets containing Lorem Ipsum passages, and more recently with desktop publishing software like Aldus PageMaker including versions of Lorem Ipsum. Lorem Ipsum is simply dummy text of the printing and typesetting industry. Lorem Ipsum has been the industry&#39;s standard dummy text ever since the 1500s, when an unknown printer took a galley of type and scrambled it to make a type specimen book. It has survived not only five centuries, but also the leap into electronic typesetting, remaining essentially unchanged. It was popularised in the 1960s with the release of Letraset sheets containing Lorem Ipsum passages, and more recently with desktop publishing software like Aldus PageMaker including versions of Lorem Ipsum.</p>\r\n','fr');
/*!40000 ALTER TABLE `staticpage_content` ENABLE KEYS */;
UNLOCK TABLES;

--
-- Table structure for table `story`
--

DROP TABLE IF EXISTS `story`;
/*!40101 SET @saved_cs_client     = @@character_set_client */;
/*!40101 SET character_set_client = utf8 */;
CREATE TABLE `story` (
  `story_id` int(11) NOT NULL AUTO_INCREMENT,
  `destination_id` int(11) NOT NULL,
  `hostal_id` int(11) NOT NULL,
  `name` varchar(50) COLLATE utf8_unicode_ci NOT NULL,
  `url` varchar(255) COLLATE utf8_unicode_ci NOT NULL,
  `top_story` enum('Yes','No') COLLATE utf8_unicode_ci NOT NULL DEFAULT 'No',
  `created_date` timestamp NOT NULL DEFAULT CURRENT_TIMESTAMP,
  `status` enum('Active','Inactive') COLLATE utf8_unicode_ci NOT NULL DEFAULT 'Active',
  PRIMARY KEY (`story_id`),
  KEY `hid` (`hostal_id`),
  KEY `destination_id` (`destination_id`),
  CONSTRAINT `story_ibfk_1` FOREIGN KEY (`hostal_id`) REFERENCES `hostal` (`hostal_id`) ON DELETE CASCADE ON UPDATE CASCADE,
  CONSTRAINT `story_ibfk_2` FOREIGN KEY (`destination_id`) REFERENCES `destination` (`destination_id`) ON DELETE CASCADE ON UPDATE CASCADE
) ENGINE=InnoDB AUTO_INCREMENT=6 DEFAULT CHARSET=utf8 COLLATE=utf8_unicode_ci;
/*!40101 SET character_set_client = @saved_cs_client */;

--
-- Dumping data for table `story`
--

LOCK TABLES `story` WRITE;
/*!40000 ALTER TABLE `story` DISABLE KEYS */;
INSERT INTO `story` VALUES (2,1,1,'Miriam & Manuel','miriam___manuel','No','2014-07-15 08:16:29','Inactive'),(3,1,1,'Miriam','miriam','No','2014-07-15 08:17:10','Inactive'),(4,1,1,'Baracoa  Miriam','baracoa__miriam','No','2014-07-15 08:18:18','Inactive'),(5,3,9,'Oscar and Leticia','oscar_and_leticia','Yes','2014-12-23 03:09:43','Active');
/*!40000 ALTER TABLE `story` ENABLE KEYS */;
UNLOCK TABLES;

--
-- Table structure for table `story_content`
--

DROP TABLE IF EXISTS `story_content`;
/*!40101 SET @saved_cs_client     = @@character_set_client */;
/*!40101 SET character_set_client = utf8 */;
CREATE TABLE `story_content` (
  `story_content_id` int(11) NOT NULL AUTO_INCREMENT,
  `story_id` int(11) NOT NULL,
  `name` varchar(255) COLLATE utf8_unicode_ci NOT NULL,
  `sub_head` varchar(255) COLLATE utf8_unicode_ci NOT NULL,
  `content` text COLLATE utf8_unicode_ci,
  `meta_title` text COLLATE utf8_unicode_ci,
  `meta_description` text COLLATE utf8_unicode_ci,
  `meta_keyword` text COLLATE utf8_unicode_ci,
  `lan` varchar(2) COLLATE utf8_unicode_ci NOT NULL,
  PRIMARY KEY (`story_content_id`),
  KEY `story_id` (`story_id`),
  CONSTRAINT `story_content_ibfk_1` FOREIGN KEY (`story_id`) REFERENCES `story` (`story_id`) ON DELETE CASCADE ON UPDATE CASCADE
) ENGINE=InnoDB AUTO_INCREMENT=10 DEFAULT CHARSET=utf8 COLLATE=utf8_unicode_ci;
/*!40101 SET character_set_client = @saved_cs_client */;

--
-- Dumping data for table `story_content`
--

LOCK TABLES `story_content` WRITE;
/*!40000 ALTER TABLE `story_content` DISABLE KEYS */;
INSERT INTO `story_content` VALUES (4,2,'Miriam & Manuel','Our guests are like family','<h3>\r\n	The art of Receiving:<br />\r\n	Ahost transforms his home, his work-and his life</h3>\r\n<p>\r\n	Lorem ipsum dolor sit amet, consectetur adipiscing elit. Fusce ut auctor lacus. Curabitur quis leo eu nulla ornare commodo. Donec vulputate ante in felis dignissim, a interdum tortor euismod. Nunc bibendum egestas massa, nec ornare justo dictum eget. Suspendisse mollis pharetra magna. Nullam aliquet mollis metus, quis congue odio dapibus a. In ac lacinia tortor. Praesent venenatis porta porta. Donec porttitor viverra convallis. Vivamus nec velit ac nisl tempus vehicula. Pellentesque suscipit orci at hendrerit lobortis. Lorem ipsum dolor sit amet, consectetur adipiscing elit. Fusce ut auctor lacus. Curabitur quis leo eu nulla ornare commodo. Donec vulputate ante in felis dignissim, a interdum tortor euismod. Nunc bibendum egestas massa, nec ornare justo dictum eget. Suspendisse mollis pharetra magna. Nullam aliquet mollis metus, quis congue odio dapibus a. In ac lacinia tortor. Praesent venenatis porta porta. Donec porttitor viverra convallis. Vivamus nec velit ac nisl tempus vehicula. Pellentesque suscipit orci at hendrerit lobortis.<br />\r\n	<br />\r\n	Lorem ipsum dolor sit amet, consectetur adipiscing elit. Fusce ut auctor lacus. Curabitur quis leo eu nulla ornare commodo. Donec vulputate ante in felis dignissim, a interdum tortor euismod. Nunc bibendum egestas massa, nec ornare justo dictum eget. Suspendisse mollis pharetra magna. Nullam aliquet mollis metus, quis congue odio dapibus a. In ac lacinia tortor. Praesent venenatis porta porta. Donec porttitor viverra convallis. Vivamus nec velit ac nisl tempus vehicula. Pellentesque suscipit orci at hendrerit lobortis.</p>\r\n<h3>\r\n	&quot;This was the change that made it all possible.&quot;</h3>\r\n<p>\r\n	Lorem ipsum dolor sit amet, consectetur adipiscing elit. Fusce ut auctor lacus. Curabitur quis leo eu nulla ornare commodo. Donec vulputate ante in felis dignissim, a interdum tortor euismod. Nunc bibendum egestas massa, nec ornare justo dictum eget. Suspendisse mollis pharetra magna. Nullam aliquet mollis metus, quis congue odio dapibus a. In ac lacinia tortor. Praesent venenatis porta porta. Donec porttitor viverra convallis. Vivamus nec velit ac nisl tempus vehicula. Pellentesque suscipit orci at hendrerit lobortis. Lorem ipsum dolor sit amet, consectetur adipiscing elit. Fusce ut auctor lacus. Curabitur quis leo eu nulla ornare commodo. Donec vulputate ante in felis dignissim, a interdum tortor euismod. Nunc bibendum egestas massa, nec ornare justo dictum eget. Suspendisse mollis pharetra magna. Nullam aliquet mollis metus, quis congue odio dapibus a. In ac lacinia tortor. Praesent venenatis porta porta. Donec porttitor viverra convallis. Vivamus nec velit ac nisl tempus vehicula. Pellentesque suscipit orci at hendrerit lobortis.</p>\r\n<h3>\r\n	&quot;The most profound thing i think is what hosting means for humans. it&#39;s an evolutionary leap, to resstablish trust and a sort of intimacy with people you&#39;ve never known before.</h3>\r\n<p>\r\n	Lorem ipsum dolor sit amet, consectetur adipiscing elit. Fusce ut auctor lacus. Curabitur quis leo eu nulla ornare commodo. Donec vulputate ante in felis dignissim, a interdum tortor euismod. Nunc bibendum egestas massa, nec ornare justo dictum eget. Suspendisse mollis pharetra magna. Nullam aliquet mollis metus, quis congue odio dapibus a. In ac lacinia tortor. Praesent venenatis porta porta. Donec porttitor viverra convallis. Vivamus nec velit ac nisl tempus vehicula. Pellentesque suscipit orci at hendrerit lobortis. Lorem ipsum dolor sit amet, consectetur adipiscing elit. Fusce ut auctor lacus. Curabitur quis leo eu nulla ornare commodo. Donec vulputate ante in felis dignissim, a interdum tortor euismod. Nunc bibendum egestas massa, nec ornare justo dictum eget. Suspendisse mollis pharetra magna. Nullam aliquet mollis metus, quis congue odio dapibus a. In ac lacinia tortor. Praesent venenatis porta porta. Donec porttitor viverra convallis. Vivamus nec velit ac nisl tempus vehicula. Pellentesque suscipit orci at hendrerit lobortis.</p>\r\n','Miriam & Manuel','Miriam & Manuel','Miriam & Manuel','en'),(5,3,'Miriam','Our guests are like family','<h3>\r\n	The art of Receiving:<br />\r\n	Ahost transforms his home, his work-and his life</h3>\r\n<p>\r\n	Lorem ipsum dolor sit amet, consectetur adipiscing elit. Fusce ut auctor lacus. Curabitur quis leo eu nulla ornare commodo. Donec vulputate ante in felis dignissim, a interdum tortor euismod. Nunc bibendum egestas massa, nec ornare justo dictum eget. Suspendisse mollis pharetra magna. Nullam aliquet mollis metus, quis congue odio dapibus a. In ac lacinia tortor. Praesent venenatis porta porta. Donec porttitor viverra convallis. Vivamus nec velit ac nisl tempus vehicula. Pellentesque suscipit orci at hendrerit lobortis. Lorem ipsum dolor sit amet, consectetur adipiscing elit. Fusce ut auctor lacus. Curabitur quis leo eu nulla ornare commodo. Donec vulputate ante in felis dignissim, a interdum tortor euismod. Nunc bibendum egestas massa, nec ornare justo dictum eget. Suspendisse mollis pharetra magna. Nullam aliquet mollis metus, quis congue odio dapibus a. In ac lacinia tortor. Praesent venenatis porta porta. Donec porttitor viverra convallis. Vivamus nec velit ac nisl tempus vehicula. Pellentesque suscipit orci at hendrerit lobortis.<br />\r\n	<br />\r\n	Lorem ipsum dolor sit amet, consectetur adipiscing elit. Fusce ut auctor lacus. Curabitur quis leo eu nulla ornare commodo. Donec vulputate ante in felis dignissim, a interdum tortor euismod. Nunc bibendum egestas massa, nec ornare justo dictum eget. Suspendisse mollis pharetra magna. Nullam aliquet mollis metus, quis congue odio dapibus a. In ac lacinia tortor. Praesent venenatis porta porta. Donec porttitor viverra convallis. Vivamus nec velit ac nisl tempus vehicula. Pellentesque suscipit orci at hendrerit lobortis.</p>\r\n<h3>\r\n	&quot;This was the change that made it all possible.&quot;</h3>\r\n<p>\r\n	Lorem ipsum dolor sit amet, consectetur adipiscing elit. Fusce ut auctor lacus. Curabitur quis leo eu nulla ornare commodo. Donec vulputate ante in felis dignissim, a interdum tortor euismod. Nunc bibendum egestas massa, nec ornare justo dictum eget. Suspendisse mollis pharetra magna. Nullam aliquet mollis metus, quis congue odio dapibus a. In ac lacinia tortor. Praesent venenatis porta porta. Donec porttitor viverra convallis. Vivamus nec velit ac nisl tempus vehicula. Pellentesque suscipit orci at hendrerit lobortis. Lorem ipsum dolor sit amet, consectetur adipiscing elit. Fusce ut auctor lacus. Curabitur quis leo eu nulla ornare commodo. Donec vulputate ante in felis dignissim, a interdum tortor euismod. Nunc bibendum egestas massa, nec ornare justo dictum eget. Suspendisse mollis pharetra magna. Nullam aliquet mollis metus, quis congue odio dapibus a. In ac lacinia tortor. Praesent venenatis porta porta. Donec porttitor viverra convallis. Vivamus nec velit ac nisl tempus vehicula. Pellentesque suscipit orci at hendrerit lobortis.</p>\r\n<h3>\r\n	&quot;The most profound thing i think is what hosting means for humans. it&#39;s an evolutionary leap, to resstablish trust and a sort of intimacy with people you&#39;ve never known before.</h3>\r\n<p>\r\n	Lorem ipsum dolor sit amet, consectetur adipiscing elit. Fusce ut auctor lacus. Curabitur quis leo eu nulla ornare commodo. Donec vulputate ante in felis dignissim, a interdum tortor euismod. Nunc bibendum egestas massa, nec ornare justo dictum eget. Suspendisse mollis pharetra magna. Nullam aliquet mollis metus, quis congue odio dapibus a. In ac lacinia tortor. Praesent venenatis porta porta. Donec porttitor viverra convallis. Vivamus nec velit ac nisl tempus vehicula. Pellentesque suscipit orci at hendrerit lobortis. Lorem ipsum dolor sit amet, consectetur adipiscing elit. Fusce ut auctor lacus. Curabitur quis leo eu nulla ornare commodo. Donec vulputate ante in felis dignissim, a interdum tortor euismod. Nunc bibendum egestas massa, nec ornare justo dictum eget. Suspendisse mollis pharetra magna. Nullam aliquet mollis metus, quis congue odio dapibus a. In ac lacinia tortor. Praesent venenatis porta porta. Donec porttitor viverra convallis. Vivamus nec velit ac nisl tempus vehicula. Pellentesque suscipit orci at hendrerit lobortis.</p>\r\n','Miriam','Miriam','Miriam','en'),(6,4,'Baracoa  Miriam','Our guests are like family','<h3>\r\n	The art of Receiving:<br />\r\n	Ahost transforms his home, his work-and his life</h3>\r\n<p>\r\n	Lorem ipsum dolor sit amet, consectetur adipiscing elit. Fusce ut auctor lacus. Curabitur quis leo eu nulla ornare commodo. Donec vulputate ante in felis dignissim, a interdum tortor euismod. Nunc bibendum egestas massa, nec ornare justo dictum eget. Suspendisse mollis pharetra magna. Nullam aliquet mollis metus, quis congue odio dapibus a. In ac lacinia tortor. Praesent venenatis porta porta. Donec porttitor viverra convallis. Vivamus nec velit ac nisl tempus vehicula. Pellentesque suscipit orci at hendrerit lobortis. Lorem ipsum dolor sit amet, consectetur adipiscing elit. Fusce ut auctor lacus. Curabitur quis leo eu nulla ornare commodo. Donec vulputate ante in felis dignissim, a interdum tortor euismod. Nunc bibendum egestas massa, nec ornare justo dictum eget. Suspendisse mollis pharetra magna. Nullam aliquet mollis metus, quis congue odio dapibus a. In ac lacinia tortor. Praesent venenatis porta porta. Donec porttitor viverra convallis. Vivamus nec velit ac nisl tempus vehicula. Pellentesque suscipit orci at hendrerit lobortis.<br />\r\n	<br />\r\n	Lorem ipsum dolor sit amet, consectetur adipiscing elit. Fusce ut auctor lacus. Curabitur quis leo eu nulla ornare commodo. Donec vulputate ante in felis dignissim, a interdum tortor euismod. Nunc bibendum egestas massa, nec ornare justo dictum eget. Suspendisse mollis pharetra magna. Nullam aliquet mollis metus, quis congue odio dapibus a. In ac lacinia tortor. Praesent venenatis porta porta. Donec porttitor viverra convallis. Vivamus nec velit ac nisl tempus vehicula. Pellentesque suscipit orci at hendrerit lobortis.</p>\r\n<h3>\r\n	&quot;This was the change that made it all possible.&quot;</h3>\r\n<p>\r\n	Lorem ipsum dolor sit amet, consectetur adipiscing elit. Fusce ut auctor lacus. Curabitur quis leo eu nulla ornare commodo. Donec vulputate ante in felis dignissim, a interdum tortor euismod. Nunc bibendum egestas massa, nec ornare justo dictum eget. Suspendisse mollis pharetra magna. Nullam aliquet mollis metus, quis congue odio dapibus a. In ac lacinia tortor. Praesent venenatis porta porta. Donec porttitor viverra convallis. Vivamus nec velit ac nisl tempus vehicula. Pellentesque suscipit orci at hendrerit lobortis. Lorem ipsum dolor sit amet, consectetur adipiscing elit. Fusce ut auctor lacus. Curabitur quis leo eu nulla ornare commodo. Donec vulputate ante in felis dignissim, a interdum tortor euismod. Nunc bibendum egestas massa, nec ornare justo dictum eget. Suspendisse mollis pharetra magna. Nullam aliquet mollis metus, quis congue odio dapibus a. In ac lacinia tortor. Praesent venenatis porta porta. Donec porttitor viverra convallis. Vivamus nec velit ac nisl tempus vehicula. Pellentesque suscipit orci at hendrerit lobortis.</p>\r\n<h3>\r\n	&quot;The most profound thing i think is what hosting means for humans. it&#39;s an evolutionary leap, to resstablish trust and a sort of intimacy with people you&#39;ve never known before.</h3>\r\n<p>\r\n	Lorem ipsum dolor sit amet, consectetur adipiscing elit. Fusce ut auctor lacus. Curabitur quis leo eu nulla ornare commodo. Donec vulputate ante in felis dignissim, a interdum tortor euismod. Nunc bibendum egestas massa, nec ornare justo dictum eget. Suspendisse mollis pharetra magna. Nullam aliquet mollis metus, quis congue odio dapibus a. In ac lacinia tortor. Praesent venenatis porta porta. Donec porttitor viverra convallis. Vivamus nec velit ac nisl tempus vehicula. Pellentesque suscipit orci at hendrerit lobortis. Lorem ipsum dolor sit amet, consectetur adipiscing elit. Fusce ut auctor lacus. Curabitur quis leo eu nulla ornare commodo. Donec vulputate ante in felis dignissim, a interdum tortor euismod. Nunc bibendum egestas massa, nec ornare justo dictum eget. Suspendisse mollis pharetra magna. Nullam aliquet mollis metus, quis congue odio dapibus a. In ac lacinia tortor. Praesent venenatis porta porta. Donec porttitor viverra convallis. Vivamus nec velit ac nisl tempus vehicula. Pellentesque suscipit orci at hendrerit lobortis.</p>\r\n','Baracoa  Miriam','Baracoa  Miriam','Baracoa  Miriam','en'),(7,5,'Oscar and Leticia','Each person we receive leaves with some...','<style type=\"text/css\">\r\np { margin-bottom: 0.25cm; direction: ltr; line-height: 120%; text-align: left; widows: 2; orphans: 2; }</style>\r\n<p style=\"margin-bottom: 0.35cm; line-height: 115%; text-align: justify;\">\r\n	<font face=\"Arial, serif\"><font size=\"3\" style=\"font-size: 12pt\"><span lang=\"en-US\">The Californian style house owned by Oscar and Leticia is vast in spaces and preservation. This couple decided to venture to rent their rooms in order to look for more income to maintain the original structure and perfection of their house.</span></font></font></p>\r\n<p style=\"margin-bottom: 0.35cm; line-height: 115%; text-align: justify;\">\r\n	<font face=\"Arial, serif\"><font size=\"3\" style=\"font-size: 12pt\"><span lang=\"en-US\">Becoming hosts every week for people arriving from diverse places around the world is a passion for both:</span></font></font></p>\r\n<p style=\"margin-bottom: 0.35cm; line-height: 115%; text-align: justify;\">\r\n	<a name=\"_GoBack\"></a> <font face=\"Arial, serif\"><font size=\"3\" style=\"font-size: 12pt\"><span lang=\"en-US\">Leticia specialized in making the most delicious recipes from the Cuban cuisine, and Oscar is nowadays an expert devoted to the culture and history of his beloved city and Cuba, which he shares with every visitor that arrives to his house.</span></font></font></p>\r\n<p style=\"margin-bottom: 0.35cm; line-height: 115%; text-align: justify;\">\r\n	&ldquo;<font face=\"Arial, serif\"><font size=\"3\" style=\"font-size: 12pt\"><span lang=\"en-US\"><i>I want our clients to remember the treatment and attention given by us, and that our house can be a part of their joys from their trip to Cuba&rdquo;</i></span></font></font></p>\r\n<p style=\"margin-bottom: 0.35cm; line-height: 115%; text-align: justify;\">\r\n	<font face=\"Arial, serif\"><font size=\"3\" style=\"font-size: 12pt\"><span lang=\"en-US\">While Leticia remains silent making one of her recipes, Oscar remembers the experience they had with a Canadian client from a city close to Quebec, he would not accept any special treatment during his stay and insisted on seating next to them in the same table. Months later in another trip to Cienfuegos he came directly from the airport to the house and when arriving he said that he had already found his &ldquo;Cuban family&rdquo;.</span></font></font></p>\r\n<p style=\"margin-bottom: 0.35cm; line-height: 115%; text-align: justify;\">\r\n	<font face=\"Arial, serif\"><font size=\"3\" style=\"font-size: 12pt\"><span lang=\"en-US\">For Leticia and Oscar every client is a possibility to talk about the city&acute;s and the country&acute;s history from its food to the best guide towards the virtues of the Cuban reality.</span></font></font></p>\r\n<p style=\"margin-bottom: 0.35cm; line-height: 115%; text-align: justify;\">\r\n	&ldquo;<font face=\"Arial, serif\"><font size=\"3\" style=\"font-size: 12pt\"><span lang=\"en-US\"><i>Each person we receive leaves with some of our cultural identity and the pleasure of living in a family. Those who come to Cuba come to live it and to know everything about it. That&acute;s what our visitor find here in our home&rdquo;</i></span></font></font></p>\r\n<p style=\"margin-bottom: 0.35cm; line-height: 115%; text-align: justify;\">\r\n	<font face=\"Arial, serif\"><font size=\"3\" style=\"font-size: 12pt\"><span lang=\"en-US\">In the amplitude of its rooms, terraces and gardens the house holds an award on Monument Renovation and Preservation. Their dream of being able to preserve this jewel came true and at the same time they found a profession that ennobles their daily life.</span></font></font></p>\r\n','Oscar and Leticia','Oscar and Leticia','Oscar and Leticia','en'),(8,5,'Oscar y Leticia','Cada persona que recibimos se lleva un poco...','<p style=\"margin-bottom: 0.35cm; line-height: 115%; text-align: justify;\">\r\n	<font face=\"Century Gothic, serif\"><font size=\"3\" style=\"font-size: 12pt\">Espl&eacute;ndida en espacios y conservaci&oacute;n es la casa de estilo californiano que posee la familia de Oscar y Leticia.</font></font></p>\r\n<p style=\"margin-bottom: 0.35cm; line-height: 115%; text-align: justify;\">\r\n	<font face=\"Century Gothic, serif\"><font size=\"3\" style=\"font-size: 12pt\">Este matrimonio decidi&oacute; aventurarse a la renta de sus habitaciones en busca de ingresos para mantener la original estructura y perfecci&oacute;n de su casa.</font></font></p>\r\n<p style=\"margin-bottom: 0.35cm; line-height: 115%; text-align: justify;\">\r\n	<font face=\"Century Gothic, serif\"><font size=\"3\" style=\"font-size: 12pt\">Convertirse en anfitriones cada semana de personas que llegan desde diversos lugares del mundo es una pasi&oacute;n para ambos: Leticia se especializ&oacute; en la elaboraci&oacute;n de los m&aacute;s deliciosos platos de la comida cubana, y Oscar es hoy un dedicado conocedor de la cultura y la historia de su ciudad y de Cuba que comparte con cada uno de los visitantes que llegan a su casa.</font></font></p>\r\n<p style=\"margin-bottom: 0.35cm; line-height: 115%; text-align: justify;\">\r\n	&ldquo;<font face=\"Century Gothic, serif\"><i>Quiero que nuestros clientes recuerden la atenci&oacute;n que les dimos, y que nuestra casa forme parte de las alegr&iacute;as de su viaje a Cuba&rdquo;</i></font></p>\r\n<p style=\"margin-bottom: 0.35cm; line-height: 115%; text-align: justify;\">\r\n	<font face=\"Century Gothic, serif\"><font size=\"3\" style=\"font-size: 12pt\">Mientras Leticia permanece callada en la preparaci&oacute;n de una de sus recetas, Oscar recuerda la experiencia con un joven de una ciudad canadiense cercana a Quebec, que no aceptaba ning&uacute;n tratamiento especial durante su estancia e insisti&oacute; en sentarse junto a ellos en la misma mesa. Unos meses despu&eacute;s en otro viaje a Cienfuegos fue directamente del aeropuerto a la casa y al llegar les record&oacute; que junto a ellos encontr&oacute; a su &ldquo;familia cubana&rdquo;.</font></font></p>\r\n<p style=\"margin-bottom: 0.35cm; line-height: 115%; text-align: justify;\">\r\n	<font face=\"Century Gothic, serif\"><font size=\"3\" style=\"font-size: 12pt\">Para Leticia y Oscar cada uno de sus hu&eacute;spedes es la posibilidad de contar la historia de su ciudad y su pa&iacute;s desde la distinci&oacute;n de su comida hasta la esmerada gu&iacute;a hacia las mejores virtudes del acontecer cubano.</font></font></p>\r\n<p style=\"margin-bottom: 0.35cm; line-height: 115%; text-align: justify;\">\r\n	&ldquo;<font face=\"Century Gothic, serif\"><i>Cada persona que recibimos se lleva un poco de nuestra cuban&iacute;a y del placer de vivir en familia. Quien viene a Cuba viene a vivirla y saber de todo de ella, y eso es lo que encuentran en nuestro hogar&rdquo;</i></font></p>\r\n<p style=\"margin-bottom: 0.35cm; line-height: 115%; text-align: justify;\">\r\n	<font face=\"Century Gothic, serif\"><font size=\"3\" style=\"font-size: 12pt\">En la amplitud de sus salas, terrazas y jardines la casa ostenta hoy un Premio de Restauraci&oacute;n y Conservaci&oacute;n de Monumentos. Se hizo realidad su sue&ntilde;o de poder mantenerla en todo su esplendor y hallaron a la vez una profesi&oacute;n que engrandece su cotidianidad.</font></font></p>\r\n','Oscar y Leticia','Oscar y Leticia','Oscar y Leticia','es'),(9,5,'Oscar et Leticia','Chaque personne que nous recevons retourne dans...','<style type=\"text/css\">\r\np { margin-bottom: 0.25cm; direction: ltr; line-height: 120%; text-align: left; widows: 2; orphans: 2; }</style>\r\n<p style=\"margin-bottom: 0.35cm; line-height: 115%; text-align: justify;\">\r\n	<font face=\"Arial, serif\"><font size=\"3\" style=\"font-size: 12pt\">La famille d&acute;Oscar et Leticia poss&egrave;de une splendide maison de style californien, vaste en espaces et &eacute;tat de conservation.</font></font></p>\r\n<p style=\"margin-bottom: 0.35cm; line-height: 115%; text-align: justify;\">\r\n	<font face=\"Arial, serif\"><font size=\"3\" style=\"font-size: 12pt\"><span lang=\"fr-FR\">Ce couple a d&eacute;cid&eacute; de se lancer &agrave; l&acute;aventure de louer ses chambres en qu&ecirc;te des revenus pour pr&eacute;server la structure originale et la perfection de sa maison.</span></font></font></p>\r\n<p style=\"margin-bottom: 0.35cm; line-height: 115%; text-align: justify;\">\r\n	<font face=\"Arial, serif\"><font size=\"3\" style=\"font-size: 12pt\"><span lang=\"fr-FR\">Se transformer en h&ocirc;tes chaque semaine et recevoir des personnes qui arrivent de divers lieux du monde est une passion pour tous les deux:</span></font></font></p>\r\n<p style=\"margin-bottom: 0.35cm; line-height: 115%; text-align: justify;\">\r\n	<font face=\"Arial, serif\"><font size=\"3\" style=\"font-size: 12pt\"><span lang=\"fr-FR\">Leticia s&#39;est sp&eacute;cialis&eacute; &agrave; la pr&eacute;paration des plats les plus d&eacute;licieux de la cuisine Cubaine, et Oscar est aujourd&#39;hui un connaisseur consacr&eacute; &agrave; la culture et l&#39;histoire de sa ville et Cuba. Il la partage avec les visiteurs qui arrivent &agrave; leur maison.</span></font></font></p>\r\n<p style=\"margin-bottom: 0.35cm; line-height: 115%; text-align: justify;\">\r\n	<font face=\"Arial, serif\"><font size=\"3\" style=\"font-size: 12pt\"><span lang=\"fr-FR\"><i>&laquo;&nbsp;Je veux que nos clients se rappellent de notre attention, et que notre maison fasse partie des joies de leur voyage &agrave; Cuba&nbsp;&raquo;</i></span></font></font></p>\r\n<p style=\"margin-bottom: 0.35cm; line-height: 115%; text-align: justify;\">\r\n	<font face=\"Arial, serif\"><font size=\"3\" style=\"font-size: 12pt\"><span lang=\"fr-FR\">Tandis que Leticia reste en silence en pr&eacute;parant une de ses plats, Oscar rappelle l&#39;exp&eacute;rience avec un client d&#39;une ville canadienne proche Qu&eacute;bec, il n&#39;acceptait aucun traitement sp&eacute;cial pendant son s&eacute;jour et a insist&eacute; &agrave; s&acute;asseoir avec eux &agrave; leur table. Quelques mois apr&egrave;s dans un autre voyage &agrave; Cienfuegos il a voyag&eacute; directement de l&#39;a&eacute;roport &agrave; la maison et a arriv&eacute; en leur disant qu&acute;il avait retrouv&eacute; sa &laquo;&nbsp;famille cubaine&nbsp;&raquo;.</span></font></font></p>\r\n<p style=\"margin-bottom: 0.35cm; line-height: 115%; text-align: justify;\">\r\n	<font face=\"Arial, serif\"><font size=\"3\" style=\"font-size: 12pt\"><span lang=\"fr-FR\">Pour Leticia et Oscar chacun de ses h&ocirc;tes offrent la possibilit&eacute; de raconter l&#39;histoire de la ville et le pays, de la distinction de son repas jusqu&#39;&agrave; la guide soigneuse vers les meilleures vertus de la r&eacute;alit&eacute; de la vie &agrave; Cuba.</span></font></font></p>\r\n<p style=\"margin-bottom: 0.35cm; line-height: 115%; text-align: justify;\">\r\n	<font face=\"Arial, serif\"><font size=\"3\" style=\"font-size: 12pt\"><span lang=\"fr-FR\"><i>&laquo;&nbsp;Chaque personne que nous recevons retourne dans leur pays avec un peu de notre identit&eacute; cubaine et de la joie de vivre en famille. Celui qui vient &agrave; Cuba vient la vivre et apprendre tout d&#39;elle, et nos clients trouvent tout cela chez nous&nbsp;&raquo;</i></span></font></font></p>\r\n<p style=\"margin-bottom: 0.35cm; line-height: 115%; text-align: justify;\">\r\n	<font face=\"Arial, serif\"><font size=\"3\" style=\"font-size: 12pt\"><span lang=\"fr-FR\">Dans l&#39;ampleur de ses pi&egrave;ces, terrasses et jardins la maison affiche fi&egrave;rement un prix &agrave; la Conservation et Restauration de Monuments. Leur r&ecirc;ve de maintenir la splendeur de la maison est maintenant r&eacute;el et au m&ecirc;me temps ils ont trouv&eacute; une profession que leur permet agrandir leur vie quotidienne.</span></font></font></p>\r\n','Oscar et Leticia','Oscar et Leticia','Oscar et Leticia','fr');
/*!40000 ALTER TABLE `story_content` ENABLE KEYS */;
UNLOCK TABLES;

--
-- Table structure for table `story_image`
--

DROP TABLE IF EXISTS `story_image`;
/*!40101 SET @saved_cs_client     = @@character_set_client */;
/*!40101 SET character_set_client = utf8 */;
CREATE TABLE `story_image` (
  `story_image_id` int(11) NOT NULL AUTO_INCREMENT,
  `story_id` int(11) NOT NULL,
  `image` varchar(150) COLLATE utf8_unicode_ci NOT NULL,
  `created_date` timestamp NOT NULL DEFAULT CURRENT_TIMESTAMP,
  PRIMARY KEY (`story_image_id`),
  KEY `story_id` (`story_id`),
  CONSTRAINT `story_image_ibfk_1` FOREIGN KEY (`story_id`) REFERENCES `story` (`story_id`) ON DELETE CASCADE ON UPDATE CASCADE
) ENGINE=InnoDB AUTO_INCREMENT=13 DEFAULT CHARSET=utf8 COLLATE=utf8_unicode_ci;
/*!40101 SET character_set_client = @saved_cs_client */;

--
-- Dumping data for table `story_image`
--

LOCK TABLES `story_image` WRITE;
/*!40000 ALTER TABLE `story_image` DISABLE KEYS */;
INSERT INTO `story_image` VALUES (9,4,'jp7fvawf.jpg','2014-09-06 09:33:09'),(10,2,'q0a0snak.jpg','2014-09-06 09:33:52'),(11,3,'ksc10g3w.jpg','2014-09-06 09:51:54'),(12,5,'dvpb7eo2.jpg','2014-12-23 03:09:44');
/*!40000 ALTER TABLE `story_image` ENABLE KEYS */;
UNLOCK TABLES;

--
-- Table structure for table `user`
--

DROP TABLE IF EXISTS `user`;
/*!40101 SET @saved_cs_client     = @@character_set_client */;
/*!40101 SET character_set_client = utf8 */;
CREATE TABLE `user` (
  `user_id` int(11) NOT NULL AUTO_INCREMENT,
  `firstname` varchar(50) COLLATE utf8_unicode_ci NOT NULL,
  `lastname` varchar(50) COLLATE utf8_unicode_ci NOT NULL,
  `username` varchar(150) COLLATE utf8_unicode_ci DEFAULT NULL,
  `password` varchar(150) COLLATE utf8_unicode_ci DEFAULT NULL,
  `dob` varchar(20) COLLATE utf8_unicode_ci DEFAULT NULL,
  `email` varchar(255) COLLATE utf8_unicode_ci NOT NULL,
  `gender` enum('Male','Female') COLLATE utf8_unicode_ci DEFAULT NULL,
  `cccode` int(11) DEFAULT NULL,
  `phone` varchar(50) COLLATE utf8_unicode_ci DEFAULT NULL,
  `cmcode` int(11) DEFAULT NULL,
  `mobile` varchar(50) COLLATE utf8_unicode_ci DEFAULT NULL,
  `address` varchar(150) COLLATE utf8_unicode_ci DEFAULT NULL,
  `address2` varchar(150) COLLATE utf8_unicode_ci DEFAULT NULL,
  `zip` varchar(20) COLLATE utf8_unicode_ci DEFAULT NULL,
  `city` varchar(50) COLLATE utf8_unicode_ci DEFAULT NULL,
  `province` varchar(50) COLLATE utf8_unicode_ci DEFAULT NULL,
  `country` varchar(50) COLLATE utf8_unicode_ci DEFAULT NULL,
  `image` varchar(150) COLLATE utf8_unicode_ci DEFAULT NULL,
  `lan` varchar(2) COLLATE utf8_unicode_ci NOT NULL,
  `created_date` timestamp NOT NULL DEFAULT CURRENT_TIMESTAMP,
  `modify_date` datetime NOT NULL,
  `user_key` text COLLATE utf8_unicode_ci NOT NULL,
  `status` enum('Active','Inactive','Pending','Trash') COLLATE utf8_unicode_ci NOT NULL,
  PRIMARY KEY (`user_id`)
) ENGINE=InnoDB AUTO_INCREMENT=64 DEFAULT CHARSET=utf8 COLLATE=utf8_unicode_ci;
/*!40101 SET character_set_client = @saved_cs_client */;

--
-- Dumping data for table `user`
--

LOCK TABLES `user` WRITE;
/*!40000 ALTER TABLE `user` DISABLE KEYS */;
INSERT INTO `user` VALUES (1,'shanmuga','sundaram',NULL,'7288edd0fc3ffcbe93a0cf06e3568e28521687bc','1985-05-13','shanmugam.lynchpin@gmail.com','Male',NULL,'+53 21 45165',NULL,'+1 84 836-2822','New Street','','V0J 1X0','GREENVILLE','60','2','2w4glm2p.jpg','en','2014-07-25 01:50:50','2014-08-08 10:28:32','d09ecf86c79f92a9f986105c1796357307f89e76','Trash'),(7,'dinesh','kumar',NULL,'7288edd0fc3ffcbe93a0cf06e3568e28521687bc',NULL,'dinesh.lynchpin@gmail.com','Male',NULL,'+53 21 45165',NULL,'215655165165','New Street',NULL,'V0J 1X0','GREENVILLE ','60','2',NULL,'en','2014-08-08 03:51:41','2014-08-08 09:21:41','ec782d081a6b2b4eea4e23c415a6443e0835d4d5','Trash'),(9,'Shunmuga','Sundaram',NULL,'7288edd0fc3ffcbe93a0cf06e3568e28521687bc',NULL,'s.sundar2007@gmail.com','Male',NULL,NULL,NULL,NULL,NULL,NULL,NULL,NULL,NULL,NULL,NULL,'en','2014-09-23 06:24:11','2014-09-23 11:54:11','f5c57b9c7c699f576324d61df18f806df012ae73','Trash'),(10,'Victor','Tame',NULL,'c0c841b77891fcdcd1556898c66067d64be8b5ad','1977-10-13','vmtame@gmail.com','Male',NULL,'',NULL,'+535 282 27 37','234 Clifton Rd','','','','830','55','p2i9t2s6.jpg','en','2014-09-25 22:29:33','2014-09-30 19:21:06','ea6ccdba611d66bcd0af850eb89eccc2592101b8','Trash'),(11,'Leo','Gonzalez',NULL,'c4d22e01695d878d394dd973f6e25654d1a0dbfa',NULL,'leonardogonzlez22@gmail.com',NULL,NULL,NULL,NULL,NULL,NULL,NULL,NULL,NULL,NULL,NULL,NULL,'en','2014-09-26 05:07:34','2014-09-26 01:07:34','c5cb3913fb3e25e233048be9acfd5bb968823695','Active'),(12,'Scooby','Doo',NULL,'2b0216420c1d0a2e5e95891b93ec24c5b595b7e3',NULL,'gljzjghhkt_1398383989@tfbnw.net','Male',NULL,NULL,NULL,NULL,NULL,NULL,NULL,NULL,NULL,NULL,NULL,'en','2014-10-03 15:11:17','2014-10-03 11:11:17','af5f1cfb15b1106a9a16ab27bb31d16ed3ee8e66','Trash'),(13,'Victor','Tame',NULL,'c0c841b77891fcdcd1556898c66067d64be8b5ad','1977-10-13','victor@venacuba.org','Male',NULL,'',NULL,'+53 5 282 27 37','','','','','830','55','7t8pi024.JPG','en','2014-10-09 13:10:35','2014-10-09 09:13:18','751cc2d7ddde8b2a0ff552d79417db5cdc0dd710','Active'),(14,'','',NULL,'7c222fb2927d828af22f592134e8932480637c0d','--','eivortest18@gmail.com','',NULL,'',NULL,'','','','','','','','hiah9y1h.jpg','en','2014-10-10 07:13:30','2014-10-10 04:31:06','6db0583c7d2a7476808754b0c38fa9ac2cffae45','Trash'),(15,'aman','khan',NULL,'7c4a8d09ca3762af61e59520943dc26494f8941b','--','eivortest19@gmail.com','Male',NULL,'',NULL,'1234567823','','','','','','','abug8v6q.jpg','en','2014-10-10 09:26:55','2014-10-10 10:48:22','0fe7435660dbd1b45b448518069e0706b396c293','Trash'),(16,'aman','khan',NULL,'7c222fb2927d828af22f592134e8932480637c0d',NULL,'eivortest20@gmail.com',NULL,NULL,NULL,NULL,NULL,NULL,NULL,NULL,NULL,NULL,NULL,NULL,'en','2014-10-10 09:57:34','2014-10-10 05:57:34','c322c97aa760d93e686526339bc75c561ed5df4e','Trash'),(17,'aman','khan',NULL,'7c222fb2927d828af22f592134e8932480637c0d',NULL,'eivortest21@gmail.com','Male',NULL,'',NULL,'2345672345','',NULL,'',' ','1316','97',NULL,'en','2014-10-10 13:46:29','2014-10-10 09:46:29','fba82c8c1792e84cc2a6f0c79efe8c8adbc266b8','Trash'),(18,'Scooby','Doo',NULL,'c4b2214dd22fc066be3cf9a436d193fcff75db70',NULL,'gljzjghhkt_1398383989@tfbnw.net','Male',NULL,NULL,NULL,NULL,NULL,NULL,NULL,NULL,NULL,NULL,NULL,'en','2014-10-10 18:34:52','2014-10-10 14:34:52','40c5e620863e10354aff6ccc0f0200b94ee3b367','Trash'),(19,'Owen','Marinas Garcia',NULL,'ff7e536fc247e3ce5bef6451fe7e6a3b49db1aaa',NULL,'owenmarinas@gmail.com','Male',NULL,NULL,NULL,NULL,NULL,NULL,NULL,NULL,NULL,NULL,NULL,'en','2014-10-13 04:00:57','2014-10-13 00:00:57','a5af5754933b1798a23759a47e89087a5e15948f','Trash'),(20,'aman','khan',NULL,'7c222fb2927d828af22f592134e8932480637c0d','1994-06-07','eivortest21@gmail.com','Male',NULL,'',NULL,'2345679876','','','','','','',NULL,'en','2014-10-13 07:40:26','2014-10-13 03:43:14','97210b4140d5019178726ef83f9ed6ab607c025f','Trash'),(21,'aman','khan',NULL,'7c4a8d09ca3762af61e59520943dc26494f8941b','--','eivortest24@gmail.com','',NULL,'',NULL,'8892345678','','','','','','',NULL,'en','2014-10-13 08:04:48','2014-10-13 04:07:35','9ec6ea8b039d4bc758b4355017745d417a8ce199','Trash'),(22,'Raj','Sharma',NULL,'d77e752a7fbcd85f986e13c101cf781d15a9dab5',NULL,'cmagrawalitm@gmail.com','Male',NULL,NULL,NULL,NULL,NULL,NULL,NULL,NULL,NULL,NULL,NULL,'en','2014-10-13 10:34:33','2014-10-13 06:34:33','9599bbf7804750c7f1254d38e4a2168131915dea','Trash'),(23,'aman','khan',NULL,'7c4a8d09ca3762af61e59520943dc26494f8941b',NULL,'test.qaamankhan@gmail.com','',NULL,'',NULL,'8882994438','',NULL,'',' ','','','qf4futmi.jpg','en','2014-10-13 11:45:08','2014-10-13 07:45:08','830e0a139ffda25275a46293ff6008bee4b5a98b','Trash'),(24,'ashish','ashish',NULL,'ea47f5927076156e166b15eeea8ba99bf56435b0',NULL,'eivortest18@gmail.com',NULL,NULL,NULL,NULL,NULL,NULL,NULL,NULL,NULL,NULL,NULL,NULL,'en','2014-10-14 07:08:47','2014-10-14 03:08:47','9afd1589721091330cf61fbbd11a26844b82ae8f','Trash'),(25,'shunmuga','sundaram',NULL,'7288edd0fc3ffcbe93a0cf06e3568e28521687bc',NULL,'testuserlt1@gmail.com',NULL,NULL,NULL,NULL,NULL,NULL,NULL,NULL,NULL,NULL,NULL,NULL,'fr','2014-10-16 09:50:01','2014-10-16 05:50:01','76d8b6b77408b84115c8886240bfc5f069b67c11','Trash'),(26,'shunmuga','sundaram',NULL,'7288edd0fc3ffcbe93a0cf06e3568e28521687bc',NULL,'testuserlt2@gmail.com',NULL,NULL,NULL,NULL,NULL,NULL,NULL,NULL,NULL,NULL,NULL,NULL,'fr','2014-10-16 09:50:37','2014-10-16 05:50:37','25618c39906de89d29fd135996e3a9c4285f933f','Trash'),(27,'shunmuga','sundaram',NULL,'7288edd0fc3ffcbe93a0cf06e3568e28521687bc',NULL,'testuserlt1@gmail.com',NULL,NULL,NULL,NULL,NULL,NULL,NULL,NULL,NULL,NULL,NULL,NULL,'fr','2014-10-16 10:01:48','2014-10-16 06:01:48','a9eecce7d77bd1234fb3ae5ab8c487061f017b52','Trash'),(28,'aman','khan',NULL,'7c4a8d09ca3762af61e59520943dc26494f8941b',NULL,'eivortest08@gmail.com','',NULL,'',NULL,'9893234567','',NULL,'',' ','','',NULL,'en','2014-10-17 07:52:32','2014-10-17 03:52:32','7fb42e9c8c6c4a1ded9c66984f82859ce6460345','Trash'),(29,'aman','khan',NULL,'7c4a8d09ca3762af61e59520943dc26494f8941b',NULL,'eivortest18@gmail.com',NULL,NULL,NULL,NULL,NULL,NULL,NULL,NULL,NULL,NULL,NULL,NULL,'en','2014-10-17 09:51:42','2014-10-17 05:51:42','b13be7313dd7bc249b131a5be313eb925f3196b2','Trash'),(30,'aman','khan',NULL,'7c4a8d09ca3762af61e59520943dc26494f8941b','--','eivortest21@gmail.com','Male',NULL,'',NULL,'9854475647','','','','','','','nqrqqpat.jpg','en','2014-10-17 13:45:14','2014-10-17 09:46:59','3f6da7889c9d7a3089485e0df41fcb9fa1afd49a','Trash'),(31,'ven cuba','ven cuba',NULL,'8bf64769202c78acb7c9a680085b96eb70d918d1',NULL,'venacuba.com@gmail.com',NULL,NULL,NULL,NULL,NULL,NULL,NULL,NULL,NULL,NULL,NULL,NULL,'en','2014-10-17 23:12:37','2014-10-17 19:12:37','73483d82d0cecc9a1dc27e8e82fc6c8442b5afcb','Active'),(32,'Owen','Marinas Garcia',NULL,'e6b20e7c6b6bd578dc589304fe589f670580dcd5','--','owenmarinas@gmail.com','Male',NULL,'',NULL,'15148341928','','','','','','',NULL,'en','2014-10-18 01:52:41','2014-12-27 08:50:32','6246debc6228b7f0fbf890ed759a8d7467900da3','Active'),(33,'Victor','Tame',NULL,'c0c841b77891fcdcd1556898c66067d64be8b5ad',NULL,'mtame@instec.cu',NULL,NULL,NULL,NULL,NULL,NULL,NULL,NULL,NULL,NULL,NULL,NULL,'en','2014-10-20 18:57:03','2014-10-20 14:57:03','b0b6a97412643e86bda3fdd483b84b913470c7d7','Trash'),(34,'Leonardo','Gonzalez Herrera',NULL,'6ce89e28295c32474c0c24ded984739f5e2668ab','1977-04-18','leonardogonzlez@yahoo.com','Male',NULL,'',NULL,'15143187817','Rue Marquette ','','H2G2Y9','Montreal','69','2','5w8hwg70.jpg','en','2014-10-21 06:59:40','2014-10-21 03:02:26','6871c028b6c17972b1b05a7ea9473097cb1b5563','Active'),(35,'Victor','Tame',NULL,'c0c841b77891fcdcd1556898c66067d64be8b5ad',NULL,'vmtame@gmail.com',NULL,NULL,NULL,NULL,NULL,NULL,NULL,NULL,NULL,NULL,NULL,NULL,'en','2014-10-21 09:49:23','2014-10-21 05:55:40','ee3f931b730510457efa5dcfc1ee7433ff1a06b8','Trash'),(36,'Victor','Tame',NULL,'c0c841b77891fcdcd1556898c66067d64be8b5ad',NULL,'vmtame@gmail.com',NULL,NULL,NULL,NULL,NULL,NULL,NULL,NULL,NULL,NULL,NULL,'w5249tae.JPG','en','2014-10-21 21:01:42','2014-10-21 17:04:57','6ccadd2125990fc572d73ca84aa0c187d046405f','Trash'),(37,'Joe','Veiga',NULL,'5baa61e4c9b93f3f0682250b6cf8331b7ee68fd8','--','joe.veiga.86@gmail.com','',NULL,'',NULL,'12345','','','','','','',NULL,'en','2014-10-22 14:18:04','2014-11-06 15:42:33','d15d23183482b90706958fecf8a7d29dc504c29b','Active'),(38,'V. M. Tame-Reyes','V. M. Tame-Reyes',NULL,'85963ba9562393d52aaaaed047b2d331882473fc',NULL,'vmtame@yahoo.es',NULL,NULL,NULL,NULL,NULL,NULL,NULL,NULL,NULL,NULL,NULL,NULL,'en','2014-10-24 20:19:49','2014-10-24 16:19:49','9c01ed9883ebaff727bf701403834fe8f7f4268b','Trash'),(39,'aman','khan',NULL,'7c4a8d09ca3762af61e59520943dc26494f8941b',NULL,'eivortest27@gmail.com','Male',NULL,'9845989492',NULL,'9845989492','',NULL,'',' ','','',NULL,'en','2014-10-28 06:49:50','2014-10-28 02:49:50','ed2afc3361ceded5b8fc8bf2bcd416e121409cea','Active'),(40,'ashish','ashish',NULL,'53c706560dadb4b29743e36ebc3e91c72737dca7',NULL,'eivortest08@gmail.com',NULL,NULL,NULL,NULL,NULL,NULL,NULL,NULL,NULL,NULL,NULL,NULL,'en','2014-10-28 08:07:47','2014-10-28 04:07:47','85cb468516b9fb7c938411a3b07e28e9fc8759d5','Trash'),(41,'Victor','Tame',NULL,'c0c841b77891fcdcd1556898c66067d64be8b5ad',NULL,'vmtame@gmail.com',NULL,NULL,NULL,NULL,NULL,NULL,NULL,NULL,NULL,NULL,NULL,NULL,'en','2014-10-28 23:53:44','2014-10-28 19:53:44','2cebe80b748e4d214d23677158f1ab26b9861f52','Trash'),(42,'V. M. Tame-Reyes','V. M. Tame-Reyes',NULL,'2de8c96dab86f0bfa1607034ab76bc357fafee4d',NULL,'vmtame@yahoo.es',NULL,NULL,NULL,NULL,NULL,NULL,NULL,NULL,NULL,NULL,NULL,NULL,'en','2014-10-28 23:57:52','2014-10-28 19:57:52','b61d72b8408d11fd6e05abeca3dde0dd89e5d89b','Trash'),(43,'aman','khan',NULL,'7c4a8d09ca3762af61e59520943dc26494f8941b',NULL,'eivortest16@gmail.com','',NULL,'',NULL,'2345857623','',NULL,'',' ','','',NULL,'en','2014-10-29 12:37:11','2014-10-29 08:37:11','ffec0c4b01266874edfb0086c427f2be668a0664','Trash'),(44,'aman','khan',NULL,'7c4a8d09ca3762af61e59520943dc26494f8941b',NULL,'eivortest17@gmail.com','',NULL,'',NULL,'2345857623','',NULL,'',' ','','',NULL,'en','2014-10-29 12:38:53','2014-10-29 08:38:53','1a74002be92082a106d5a7e8d01a88da58a06a60','Trash'),(45,'aman','khan',NULL,'7c4a8d09ca3762af61e59520943dc26494f8941b',NULL,'eivortest50@gmail.com','',NULL,'',NULL,'2345857623','',NULL,'',' ','','',NULL,'en','2014-10-29 12:39:42','2014-10-29 08:39:42','4dce1fa5bd117cad7979dc46110e26039a593161','Trash'),(46,'aman','khan',NULL,'7c4a8d09ca3762af61e59520943dc26494f8941b','--','eivortest18@gmail.com','Male',NULL,'',NULL,'9876987689','','','','','1302','97','adavy39d.jpg','en','2014-10-29 12:47:50','2014-10-30 02:42:11','0c449b24035f17ce673417acb2afdc5d67f271d5','Trash'),(47,'ashish','ashish',NULL,'0e4cd788d8d92fd7be14715399dec6270f0a2373',NULL,'eivortest24@gmail.com',NULL,NULL,NULL,NULL,NULL,NULL,NULL,NULL,NULL,NULL,NULL,NULL,'en','2014-10-29 12:53:41','2014-10-29 08:53:41','d4d4e7309c7dc3b5ed6ee6fd2725988f81c11c8b','Trash'),(48,'Victor','Tame Reyes',NULL,'2fc28d2ce12aa29dc095f23c59f254be54674ba9','1977-10-13','vmtame@gmail.com','Male',NULL,'',NULL,'5352822737','','','','','','',NULL,'en','2014-10-29 19:52:35','2014-10-29 15:55:00','453111973e29266363c07d99db2ca67b1af21ff9','Trash'),(49,'Victor Tame-Reyes','Victor Tame-Reyes',NULL,'6d0ab8f92a9b6b7c065da8a17a9abb494bffcf7e',NULL,'vmtame@gmail.com',NULL,NULL,NULL,NULL,NULL,NULL,NULL,NULL,NULL,NULL,NULL,NULL,'en','2014-10-30 19:51:19','2014-10-30 15:51:19','1cb196f8ddc2e0e63e40c2ad1bd4c1408f4125b3','Trash'),(50,'Victor','Tame Reyes',NULL,'c0c841b77891fcdcd1556898c66067d64be8b5ad',NULL,'victor1@venacuba.org','',NULL,'',NULL,'52822737','',NULL,'',' ','','',NULL,'en','2014-11-18 04:26:18','2014-11-17 23:26:18','1712c6f4d5cd0b375079d25375aab02c615e217c','Trash'),(51,'Victor','Tame Reyes',NULL,'c0c841b77891fcdcd1556898c66067d64be8b5ad',NULL,'victor2@venacuba.org','',NULL,'',NULL,'52822737','',NULL,'','  ','','',NULL,'en','2014-11-18 04:30:05','2014-11-17 23:30:05','001a68c248cf7a6f2443728142375493f995536a','Trash'),(52,'V. M. Tame-Reyes',' ',NULL,'4feb3a934df39729d4ffac83db90ff1542ca2a38',NULL,'vmtame@yahoo.es',NULL,NULL,NULL,NULL,NULL,NULL,NULL,NULL,NULL,NULL,NULL,NULL,'en','2014-11-18 07:00:05','2014-11-18 02:00:05','3832166ab55c29f34ee329fdd3e29cdb0348c6e9','Trash'),(53,'Victor','Testing',NULL,'6825f77034f36959b3c053ce9b81073a6b3513d7',NULL,'guides@guides.com','',NULL,'',NULL,'52822737','',NULL,'',' ','','',NULL,'en','2014-11-20 17:12:28','2014-11-20 12:12:28','818190b8eaf715bd82b7422049f6cbc7526ebc91','Trash'),(54,'cerbero ades',' ',NULL,'5035676596cff17911c3a3b05e4d1d29bd2d185d',NULL,'cerberoades1@gmail.com',NULL,NULL,NULL,NULL,NULL,NULL,NULL,NULL,NULL,NULL,NULL,NULL,'en','2014-11-26 18:17:14','2014-11-26 13:17:14','063b933c454acb13f9e8cd7fafa4aa55047caa0c','Active'),(55,'Victor Tame-Reyes',' ',NULL,'0dd34939a96640731db0ece3c8f8d2199ffbc702',NULL,'vmtame@gmail.com',NULL,NULL,NULL,NULL,NULL,NULL,NULL,NULL,NULL,NULL,NULL,NULL,'en','2014-11-28 18:17:19','2014-11-28 13:17:19','a23bd5b1a7acc53f90743d8cd5d10fa43eb6b374','Trash'),(56,'Victor Tame-Reyes',' ',NULL,'28fce5f4605b80b5f1c3777b4ef2d937f23b4d60',NULL,'vmtame@gmail.com',NULL,NULL,NULL,NULL,NULL,NULL,NULL,NULL,NULL,NULL,NULL,NULL,'en','2014-11-28 19:12:02','2014-11-28 14:12:02','c09b8a8896a8c8496b41a5a6021a9633d38caf9d','Trash'),(57,'V. M. Tame-Reyes',' ',NULL,'e2a7457607a7869cc8c5c2b8890298d0ecee5472',NULL,'vmtame@yahoo.es',NULL,NULL,NULL,NULL,NULL,NULL,NULL,NULL,NULL,NULL,NULL,NULL,'en','2014-12-02 20:34:51','2014-12-02 15:34:51','15ad03893228e685409090c1964e40a8b1595e42','Trash'),(58,'V. M. Tame-Reyes',' ',NULL,'9cfa4931d08dcdedc425d98d3114347d33d707be',NULL,'vmtame@yahoo.es',NULL,NULL,NULL,NULL,NULL,NULL,NULL,NULL,NULL,NULL,NULL,NULL,'en','2014-12-02 20:41:06','2014-12-02 15:41:06','8b6e3ffa97d3b0226250f816114316d94ac452dd','Trash'),(59,'boris','brito',NULL,'7c4a8d09ca3762af61e59520943dc26494f8941b','--','borisbrito@gmail.com','Male',NULL,'',NULL,'58111398','','','',' ','','',NULL,'en','2014-12-06 22:03:07','2014-12-22 20:03:09','aca21cc4c2619c5adeed5bbe06d09e079ef467ed','Active'),(60,'Victor Tame-Reyes',' ',NULL,'f5a64127cdc9d4a5201f7f30e6add4884e9da3b2',NULL,'vmtame@gmail.com',NULL,NULL,NULL,NULL,NULL,NULL,NULL,NULL,NULL,NULL,NULL,NULL,'en','2014-12-09 21:32:54','2014-12-09 16:32:54','50fc194888a31f7d1f1fc657b2afa990ccabc6cf','Trash'),(61,'Victor','Tame',NULL,'c0c841b77891fcdcd1556898c66067d64be8b5ad',NULL,'victor@instec.cu',NULL,NULL,NULL,NULL,NULL,NULL,NULL,NULL,NULL,NULL,NULL,NULL,'en','2014-12-09 21:36:55','2014-12-09 16:36:55','88f2fcc8bada07f2c1aedf6a1b9ff930e86f71f5','Trash'),(62,'Victor','Tame Reyes',NULL,'c0c841b77891fcdcd1556898c66067d64be8b5ad',NULL,'mtame@instec.cu',NULL,NULL,NULL,NULL,NULL,NULL,NULL,NULL,NULL,NULL,NULL,NULL,'en','2014-12-09 21:40:38','2014-12-09 16:42:33','6bb26f7bf28db8fe1e2649f85e3abb07c8633da6','Trash'),(63,'Irina','Brito Hernandez',NULL,'569c890349caefed079b2ac1941c9cfa98fd73e4','--','irinabrito2005@yahoo.es','Female',NULL,'',NULL,'58111398','','','','','','',NULL,'es','2014-12-27 00:57:19','2014-12-26 21:50:55','ddc265cfa0b2242a19bc5b4fa6a6adcf73c8b307','Active');
/*!40000 ALTER TABLE `user` ENABLE KEYS */;
UNLOCK TABLES;

--
-- Table structure for table `user_social_link`
--

DROP TABLE IF EXISTS `user_social_link`;
/*!40101 SET @saved_cs_client     = @@character_set_client */;
/*!40101 SET character_set_client = utf8 */;
CREATE TABLE `user_social_link` (
  `user_social_link_id` int(11) NOT NULL AUTO_INCREMENT,
  `user_id` int(11) NOT NULL,
  `social_link` varchar(100) NOT NULL,
  `id` varchar(255) NOT NULL,
  `image` text NOT NULL,
  `created_date` timestamp NOT NULL DEFAULT CURRENT_TIMESTAMP,
  PRIMARY KEY (`user_social_link_id`),
  KEY `user_id` (`user_id`),
  CONSTRAINT `user_social_link_ibfk_1` FOREIGN KEY (`user_id`) REFERENCES `user` (`user_id`) ON DELETE CASCADE ON UPDATE CASCADE
) ENGINE=InnoDB AUTO_INCREMENT=37 DEFAULT CHARSET=latin1;
/*!40101 SET character_set_client = @saved_cs_client */;

--
-- Dumping data for table `user_social_link`
--

LOCK TABLES `user_social_link` WRITE;
/*!40000 ALTER TABLE `user_social_link` DISABLE KEYS */;
INSERT INTO `user_social_link` VALUES (1,9,'Facebook','713151562097096','https://graph.facebook.com/713151562097096/picture?type=large','2014-09-23 13:03:17'),(2,12,'Facebook','10150003506731325','https://graph.facebook.com/10150003506731325/picture?type=large','2014-10-03 15:11:17'),(3,18,'Facebook','10150003506731325','https://graph.facebook.com/10150003506731325/picture?type=large','2014-10-10 18:34:52'),(4,19,'Facebook','10204157478730573','https://graph.facebook.com/10204157478730573/picture?type=large','2014-10-13 04:00:58'),(5,21,'Facebook','1481703655439887','https://graph.facebook.com/1481703655439887/picture?type=large','2014-10-13 08:15:20'),(6,20,'Facebook','1481703655439887','https://graph.facebook.com/1481703655439887/picture?type=large','2014-10-13 09:32:41'),(7,22,'Facebook','864107096953882','https://graph.facebook.com/864107096953882/picture?type=large','2014-10-13 10:34:33'),(8,24,'Twitter','2385045606','http://abs.twimg.com/sticky/default_profile_images/default_profile_6_normal.png','2014-10-14 07:08:47'),(9,10,'Facebook','720476234672111','https://graph.facebook.com/720476234672111/picture?type=large','2014-10-17 18:13:55'),(10,31,'Google','105922184182614911292','https://lh5.googleusercontent.com/-B0p8YK5muT8/AAAAAAAAAAI/AAAAAAAAABM/_lJG4mjLYnU/photo.jpg','2014-10-17 23:12:37'),(11,31,'Twitter','2407459927','http://pbs.twimg.com/profile_images/447787135404220416/n-zr3_xy_normal.png','2014-10-18 01:01:27'),(12,32,'Facebook','10204157478730573','https://graph.facebook.com/10204157478730573/picture?type=large','2014-10-18 01:52:41'),(13,10,'Twitter','494828542','http://abs.twimg.com/sticky/default_profile_images/default_profile_5_normal.png','2014-10-20 18:06:59'),(14,34,'Facebook','10204028107079588','https://graph.facebook.com/10204028107079588/picture?type=large','2014-10-21 06:59:40'),(15,37,'Google','110133941914075682668','https://lh5.googleusercontent.com/-hU6alx5gWt0/AAAAAAAAAAI/AAAAAAAAABU/JPUTcxQNwrs/photo.jpg','2014-10-22 14:18:05'),(16,38,'Twitter','494828542','http://abs.twimg.com/sticky/default_profile_images/default_profile_5_normal.png','2014-10-24 20:19:49'),(17,36,'Google','117466380448101228847','https://lh3.googleusercontent.com/-XdUIqdMkCWA/AAAAAAAAAAI/AAAAAAAAAAA/4252rscbv5M/photo.jpg','2014-10-24 20:54:46'),(18,39,'Google','100187309685489892460','https://lh3.googleusercontent.com/-XdUIqdMkCWA/AAAAAAAAAAI/AAAAAAAAAAA/4252rscbv5M/photo.jpg','2014-10-28 07:29:19'),(19,30,'Google','117720417426081835883','https://lh3.googleusercontent.com/-XdUIqdMkCWA/AAAAAAAAAAI/AAAAAAAAAAA/4252rscbv5M/photo.jpg','2014-10-28 07:41:27'),(21,40,'Twitter','2385045606','http://abs.twimg.com/sticky/default_profile_images/default_profile_6_normal.png','2014-10-28 08:07:47'),(22,42,'Twitter','494828542','http://abs.twimg.com/sticky/default_profile_images/default_profile_5_normal.png','2014-10-28 23:57:52'),(23,43,'Facebook','1492218774388031','https://graph.facebook.com/1492218774388031/picture?type=large','2014-10-29 12:49:31'),(24,47,'Twitter','2385090871','http://abs.twimg.com/sticky/default_profile_images/default_profile_2_normal.png','2014-10-29 12:53:41'),(25,48,'Google','117466380448101228847','https://lh6.googleusercontent.com/-2z3FEItK6wc/AAAAAAAAAAI/AAAAAAAAAA8/6n7fEiGvz0E/photo.jpg','2014-10-29 19:52:35'),(26,49,'Google','117466380448101228847','https://lh6.googleusercontent.com/-2z3FEItK6wc/AAAAAAAAAAI/AAAAAAAAAA8/6n7fEiGvz0E/photo.jpg','2014-10-30 19:51:19'),(27,52,'Twitter','494828542','http://abs.twimg.com/sticky/default_profile_images/default_profile_5_normal.png','2014-11-18 07:00:05'),(28,54,'Google','105749901314683402502','https://lh6.googleusercontent.com/-YXGFubxTBgo/AAAAAAAAAAI/AAAAAAAAABM/krG7GzE4cZw/photo.jpg','2014-11-26 18:17:15'),(29,55,'Google','117466380448101228847','https://lh6.googleusercontent.com/-2z3FEItK6wc/AAAAAAAAAAI/AAAAAAAAAA8/6n7fEiGvz0E/photo.jpg','2014-11-28 18:17:19'),(30,56,'Google','117466380448101228847','https://lh6.googleusercontent.com/-2z3FEItK6wc/AAAAAAAAAAI/AAAAAAAAAA8/6n7fEiGvz0E/photo.jpg','2014-11-28 19:12:02'),(31,57,'Twitter','494828542','http://abs.twimg.com/sticky/default_profile_images/default_profile_5_normal.png','2014-12-02 20:34:51'),(32,58,'Twitter','494828542','http://abs.twimg.com/sticky/default_profile_images/default_profile_5_normal.png','2014-12-02 20:41:06'),(33,60,'Google','117466380448101228847','https://lh6.googleusercontent.com/-2z3FEItK6wc/AAAAAAAAAAI/AAAAAAAAAA8/6n7fEiGvz0E/photo.jpg','2014-12-09 21:32:54'),(34,59,'Facebook','10204853202762248','https://graph.facebook.com/10204853202762248/picture?type=large','2014-12-23 01:01:06'),(35,63,'Facebook','641354645987026','https://graph.facebook.com/641354645987026/picture?type=large','2014-12-27 00:57:19'),(36,32,'Google','115244387471423257089','https://lh4.googleusercontent.com/-Szzl-BWc_vA/AAAAAAAAAAI/AAAAAAAADoE/Pjhm6ZaHGM8/photo.jpg','2014-12-27 13:50:20');
/*!40000 ALTER TABLE `user_social_link` ENABLE KEYS */;
UNLOCK TABLES;

--
-- Table structure for table `visits`
--

DROP TABLE IF EXISTS `visits`;
/*!40101 SET @saved_cs_client     = @@character_set_client */;
/*!40101 SET character_set_client = utf8 */;
CREATE TABLE `visits` (
  `visit_id` int(11) NOT NULL AUTO_INCREMENT,
  `visit_type` enum('Story','Hostal','Destination') COLLATE utf8_unicode_ci NOT NULL,
  `type_id` int(11) NOT NULL COMMENT 'story, Desitination and Hostal id',
  `visit_date` date NOT NULL,
  `count` int(11) NOT NULL,
  PRIMARY KEY (`visit_id`)
) ENGINE=InnoDB AUTO_INCREMENT=414 DEFAULT CHARSET=utf8 COLLATE=utf8_unicode_ci;
/*!40101 SET character_set_client = @saved_cs_client */;

--
-- Dumping data for table `visits`
--

LOCK TABLES `visits` WRITE;
/*!40000 ALTER TABLE `visits` DISABLE KEYS */;
INSERT INTO `visits` VALUES (1,'Destination',1,'2014-07-17',3),(2,'Destination',2,'2014-07-17',1),(3,'Hostal',1,'2014-07-17',1),(4,'Story',2,'2014-07-17',1),(5,'Destination',3,'2014-07-17',1),(6,'Destination',4,'2014-07-17',1),(7,'Story',2,'2014-07-21',1),(8,'Story',4,'2014-07-21',1),(9,'Destination',1,'2014-07-21',1),(10,'Destination',5,'2014-07-21',1),(11,'Hostal',1,'2014-07-21',1),(12,'Destination',2,'2014-07-22',1),(13,'Destination',1,'2014-07-22',1),(14,'Hostal',1,'2014-07-22',1),(15,'Story',2,'2014-07-22',1),(16,'Destination',1,'2014-07-25',1),(17,'Story',2,'2014-07-25',1),(18,'Hostal',1,'2014-07-28',2),(19,'Destination',1,'2014-07-28',1),(20,'Destination',1,'2014-07-29',1),(21,'Hostal',1,'2014-07-29',1),(22,'Destination',1,'2014-08-04',1),(23,'Hostal',1,'2014-08-04',1),(24,'Destination',1,'2014-08-08',2),(25,'Hostal',1,'2014-08-08',2),(26,'Destination',1,'2014-08-16',2),(27,'Hostal',1,'2014-08-16',2),(28,'Destination',1,'2014-08-18',2),(29,'Hostal',1,'2014-08-18',2),(30,'Destination',1,'2014-08-21',2),(31,'Hostal',1,'2014-08-21',2),(32,'Destination',3,'2014-08-21',1),(33,'Destination',7,'2014-08-21',1),(34,'Destination',2,'2014-08-21',1),(35,'Hostal',1,'2014-08-22',2),(36,'Destination',1,'2014-08-22',2),(37,'Destination',7,'2014-08-22',1),(38,'Destination',2,'2014-08-22',2),(39,'Destination',3,'2014-08-22',1),(40,'Destination',1,'2014-08-23',1),(41,'Story',2,'2014-08-23',1),(42,'Hostal',1,'2014-08-23',1),(43,'Destination',1,'2014-08-25',1),(44,'Hostal',1,'2014-08-25',1),(45,'Destination',7,'2014-08-26',1),(46,'Destination',1,'2014-08-26',1),(47,'Hostal',1,'2014-08-26',1),(48,'Destination',1,'2014-09-04',1),(49,'Destination',2,'2014-09-04',1),(50,'Destination',7,'2014-09-04',1),(51,'Destination',8,'2014-09-04',1),(52,'Story',2,'2014-09-05',1),(53,'Destination',1,'2014-09-05',1),(54,'Hostal',1,'2014-09-05',1),(55,'Destination',1,'2014-09-06',1),(56,'Hostal',1,'2014-09-06',1),(57,'Story',2,'2014-09-06',1),(58,'Destination',12,'2014-09-06',1),(59,'Destination',1,'2014-09-08',1),(60,'Story',2,'2014-09-13',1),(61,'Destination',12,'2014-09-13',1),(62,'Destination',1,'2014-09-13',1),(63,'Hostal',1,'2014-09-13',1),(64,'Destination',1,'2014-09-15',1),(65,'Hostal',1,'2014-09-15',1),(66,'Destination',1,'2014-09-17',1),(67,'Hostal',1,'2014-09-17',1),(68,'Destination',2,'2014-09-17',1),(69,'Hostal',2,'2014-09-17',1),(70,'Destination',1,'2014-09-18',2),(71,'Hostal',1,'2014-09-18',1),(72,'Destination',2,'2014-09-18',1),(73,'Hostal',2,'2014-09-18',1),(74,'Destination',2,'2014-09-25',1),(75,'Destination',1,'2014-09-25',1),(76,'Hostal',1,'2014-09-25',1),(77,'Destination',12,'2014-09-26',1),(78,'Story',2,'2014-09-26',1),(79,'Story',4,'2014-09-26',1),(80,'Destination',4,'2014-09-26',1),(81,'Destination',7,'2014-09-26',1),(82,'Destination',2,'2014-09-26',1),(83,'Hostal',2,'2014-09-26',1),(84,'Destination',1,'2014-09-26',1),(85,'Hostal',1,'2014-09-26',1),(86,'Story',3,'2014-09-27',1),(87,'Destination',7,'2014-09-29',1),(88,'Destination',3,'2014-09-30',1),(89,'Destination',11,'2014-09-30',1),(90,'Destination',1,'2014-10-01',1),(91,'Destination',2,'2014-10-01',1),(92,'Destination',3,'2014-10-01',1),(93,'Destination',1,'2014-10-04',1),(94,'Destination',2,'2014-10-04',1),(95,'Destination',3,'2014-10-04',1),(96,'Destination',4,'2014-10-04',1),(97,'Destination',5,'2014-10-04',1),(98,'Destination',6,'2014-10-04',1),(99,'Destination',7,'2014-10-04',1),(100,'Destination',8,'2014-10-04',1),(101,'Destination',9,'2014-10-04',1),(102,'Destination',10,'2014-10-04',1),(103,'Destination',11,'2014-10-04',1),(104,'Destination',12,'2014-10-04',1),(105,'Destination',13,'2014-10-04',1),(106,'Story',2,'2014-10-04',1),(107,'Story',3,'2014-10-04',1),(108,'Story',4,'2014-10-04',1),(109,'Hostal',1,'2014-10-04',1),(110,'Hostal',2,'2014-10-04',1),(111,'Hostal',4,'2014-10-04',1),(112,'Destination',9,'2014-10-05',1),(113,'Destination',4,'2014-10-07',1),(114,'Destination',11,'2014-10-07',1),(115,'Destination',9,'2014-10-07',1),(116,'Destination',3,'2014-10-07',1),(117,'Destination',7,'2014-10-07',1),(118,'Destination',7,'2014-10-08',4),(119,'Destination',14,'2014-10-08',2),(120,'Destination',3,'2014-10-08',16),(121,'Destination',4,'2014-10-08',3),(122,'Hostal',5,'2014-10-08',11),(123,'Destination',15,'2014-10-08',3),(124,'Destination',9,'2014-10-08',2),(125,'Destination',11,'2014-10-08',2),(126,'Destination',16,'2014-10-08',2),(127,'Destination',17,'2014-10-08',2),(128,'Destination',18,'2014-10-08',2),(129,'Destination',4,'2014-10-09',2),(130,'Destination',3,'2014-10-09',5),(131,'Hostal',5,'2014-10-09',4),(132,'Destination',21,'2014-10-09',1),(133,'Destination',19,'2014-10-09',1),(134,'Destination',7,'2014-10-09',2),(135,'Destination',11,'2014-10-09',2),(136,'Destination',22,'2014-10-09',1),(137,'Destination',20,'2014-10-09',1),(138,'Destination',3,'2014-10-10',6),(139,'Hostal',5,'2014-10-10',3),(140,'Destination',4,'2014-10-10',1),(141,'Destination',11,'2014-10-10',1),(142,'Destination',9,'2014-10-10',2),(143,'Destination',7,'2014-10-10',1),(144,'Destination',3,'2014-10-11',3),(145,'Destination',7,'2014-10-11',1),(146,'Destination',3,'2014-10-12',1),(147,'Destination',3,'2014-10-13',7),(148,'Hostal',5,'2014-10-13',3),(149,'Destination',4,'2014-10-13',3),(150,'Destination',11,'2014-10-13',1),(151,'Destination',9,'2014-10-13',1),(152,'Destination',7,'2014-10-13',1),(153,'Destination',3,'2014-10-14',2),(154,'Destination',9,'2014-10-14',3),(155,'Destination',4,'2014-10-14',1),(156,'Destination',3,'2014-10-16',1),(157,'Hostal',5,'2014-10-16',1),(158,'Destination',3,'2014-10-17',6),(159,'Hostal',5,'2014-10-17',6),(160,'Destination',25,'2014-10-17',1),(161,'Destination',24,'2014-10-17',2),(162,'Destination',3,'2014-10-18',3),(163,'Destination',11,'2014-10-18',1),(164,'Hostal',5,'2014-10-18',1),(165,'Destination',7,'2014-10-19',1),(166,'Destination',3,'2014-10-20',3),(167,'Hostal',5,'2014-10-20',2),(168,'Destination',4,'2014-10-20',2),(169,'Destination',11,'2014-10-20',1),(170,'Destination',7,'2014-10-20',1),(171,'Destination',9,'2014-10-20',1),(172,'Destination',3,'2014-10-21',4),(173,'Hostal',5,'2014-10-21',3),(174,'Destination',9,'2014-10-21',2),(175,'Destination',11,'2014-10-21',2),(176,'Destination',4,'2014-10-21',1),(177,'Destination',7,'2014-10-21',1),(178,'Destination',4,'2014-10-22',1),(179,'Destination',3,'2014-10-22',2),(180,'Hostal',5,'2014-10-22',2),(181,'Destination',3,'2014-10-23',1),(182,'Hostal',5,'2014-10-23',1),(183,'Destination',11,'2014-10-23',1),(184,'Destination',9,'2014-10-24',4),(185,'Destination',4,'2014-10-24',1),(186,'Destination',11,'2014-10-24',3),(187,'Destination',7,'2014-10-24',2),(188,'Destination',3,'2014-10-24',1),(189,'Hostal',5,'2014-10-24',1),(190,'Destination',11,'2014-10-25',1),(191,'Destination',4,'2014-10-25',1),(192,'Destination',7,'2014-10-27',4),(193,'Destination',3,'2014-10-27',3),(194,'Destination',11,'2014-10-27',1),(195,'Destination',27,'2014-10-27',1),(196,'Destination',4,'2014-10-27',3),(197,'Hostal',5,'2014-10-27',1),(198,'Destination',11,'2014-10-28',1),(199,'Destination',4,'2014-10-28',2),(200,'Destination',3,'2014-10-28',3),(201,'Hostal',5,'2014-10-28',3),(202,'Destination',27,'2014-10-28',1),(203,'Destination',9,'2014-10-28',1),(204,'Destination',4,'2014-10-29',2),(205,'Destination',3,'2014-10-29',4),(206,'Hostal',5,'2014-10-29',3),(207,'Destination',11,'2014-10-29',1),(208,'Hostal',7,'2014-10-29',2),(209,'Destination',9,'2014-10-29',1),(210,'Destination',3,'2014-10-30',2),(211,'Hostal',5,'2014-10-30',1),(212,'Destination',4,'2014-10-30',1),(213,'Destination',7,'2014-10-30',1),(214,'Destination',27,'2014-10-30',1),(215,'Hostal',7,'2014-10-30',1),(216,'Destination',4,'2014-11-03',1),(217,'Destination',3,'2014-11-03',1),(218,'Hostal',7,'2014-11-03',1),(219,'Destination',3,'2014-11-04',4),(220,'Hostal',7,'2014-11-04',4),(221,'Hostal',5,'2014-11-04',1),(222,'Destination',3,'2014-11-05',1),(223,'Hostal',7,'2014-11-05',1),(224,'Destination',3,'2014-11-06',4),(225,'Hostal',7,'2014-11-06',4),(226,'Destination',3,'2014-11-18',1),(227,'Hostal',7,'2014-11-18',1),(228,'Destination',3,'2014-11-20',1),(229,'Hostal',7,'2014-11-20',1),(230,'Destination',3,'2014-11-21',3),(231,'Hostal',7,'2014-11-21',1),(232,'Destination',9,'2014-11-21',1),(233,'Hostal',7,'2014-11-24',2),(234,'Destination',3,'2014-11-24',1),(235,'Destination',4,'2014-11-27',2),(236,'Destination',3,'2014-11-27',1),(237,'Hostal',8,'2014-11-27',1),(238,'Destination',28,'2014-11-28',1),(239,'Destination',11,'2014-11-28',3),(240,'Destination',9,'2014-11-28',1),(241,'Destination',7,'2014-11-28',1),(242,'Destination',3,'2014-11-28',2),(243,'Destination',4,'2014-11-28',2),(244,'Destination',29,'2014-11-28',1),(245,'Hostal',9,'2014-11-28',1),(246,'Destination',4,'2014-11-29',1),(247,'Destination',28,'2014-11-29',1),(248,'Destination',11,'2014-11-29',1),(249,'Destination',7,'2014-12-01',1),(250,'Destination',3,'2014-12-02',1),(251,'Hostal',8,'2014-12-02',1),(252,'Destination',3,'2014-12-03',1),(253,'Hostal',8,'2014-12-03',1),(254,'Destination',3,'2014-12-06',1),(255,'Hostal',8,'2014-12-06',1),(256,'Destination',28,'2014-12-06',1),(257,'Hostal',9,'2014-12-06',1),(258,'Destination',4,'2014-12-08',1),(259,'Destination',7,'2014-12-08',1),(260,'Destination',9,'2014-12-08',1),(261,'Destination',3,'2014-12-08',2),(262,'Hostal',8,'2014-12-08',1),(263,'Destination',28,'2014-12-08',1),(264,'Destination',3,'2014-12-09',4),(265,'Destination',4,'2014-12-09',2),(266,'Hostal',8,'2014-12-09',3),(267,'Destination',11,'2014-12-09',1),(268,'Hostal',9,'2014-12-09',1),(269,'Destination',11,'2014-12-10',1),(270,'Destination',9,'2014-12-11',2),(271,'Destination',3,'2014-12-11',2),(272,'Hostal',9,'2014-12-11',2),(273,'Destination',3,'2014-12-12',2),(274,'Hostal',9,'2014-12-12',2),(275,'Destination',9,'2014-12-12',2),(276,'Destination',4,'2014-12-12',2),(277,'Destination',11,'2014-12-12',1),(278,'Hostal',8,'2014-12-12',2),(279,'Destination',11,'2014-12-13',1),(280,'Destination',3,'2014-12-15',1),(281,'Destination',7,'2014-12-15',1),(282,'Destination',11,'2014-12-15',1),(283,'Hostal',10,'2014-12-15',1),(284,'Hostal',9,'2014-12-15',1),(285,'Hostal',8,'2014-12-16',1),(286,'Destination',11,'2014-12-16',1),(287,'Destination',4,'2014-12-16',1),(288,'Destination',7,'2014-12-16',1),(289,'Destination',9,'2014-12-16',1),(290,'Destination',3,'2014-12-16',2),(291,'Hostal',9,'2014-12-16',1),(292,'Hostal',9,'2014-12-17',1),(293,'Destination',4,'2014-12-17',1),(294,'Hostal',11,'2014-12-17',1),(295,'Destination',4,'2014-12-18',1),(296,'Hostal',11,'2014-12-18',1),(297,'Hostal',9,'2014-12-18',2),(298,'Destination',3,'2014-12-18',2),(299,'Destination',11,'2014-12-18',1),(300,'Hostal',8,'2014-12-18',1),(301,'Hostal',9,'2014-12-19',3),(302,'Destination',11,'2014-12-19',1),(303,'Destination',3,'2014-12-19',3),(304,'Destination',9,'2014-12-19',1),(305,'Destination',4,'2014-12-19',3),(306,'Destination',7,'2014-12-19',1),(307,'Destination',30,'2014-12-19',1),(308,'Hostal',13,'2014-12-20',1),(309,'Destination',11,'2014-12-20',1),(310,'Destination',30,'2014-12-20',1),(311,'Hostal',25,'2014-12-20',1),(312,'Hostal',26,'2014-12-20',1),(313,'Hostal',10,'2014-12-20',1),(314,'Hostal',24,'2014-12-20',1),(315,'Hostal',18,'2014-12-20',1),(316,'Hostal',19,'2014-12-20',1),(317,'Destination',30,'2014-12-21',1),(318,'Hostal',12,'2014-12-21',1),(319,'Destination',4,'2014-12-21',1),(320,'Hostal',11,'2014-12-21',1),(321,'Destination',11,'2014-12-21',1),(322,'Hostal',19,'2014-12-21',1),(323,'Destination',3,'2014-12-21',1),(324,'Hostal',9,'2014-12-21',1),(325,'Hostal',8,'2014-12-21',1),(326,'Destination',3,'2014-12-22',6),(327,'Hostal',12,'2014-12-22',1),(328,'Hostal',8,'2014-12-22',2),(329,'Hostal',16,'2014-12-22',1),(330,'Destination',11,'2014-12-22',2),(331,'Destination',30,'2014-12-22',2),(332,'Hostal',9,'2014-12-22',3),(333,'Hostal',24,'2014-12-22',2),(334,'Destination',9,'2014-12-22',2),(335,'Hostal',20,'2014-12-22',1),(336,'Hostal',26,'2014-12-22',1),(337,'Hostal',25,'2014-12-22',2),(338,'Destination',4,'2014-12-22',2),(339,'Hostal',11,'2014-12-22',1),(340,'Story',5,'2014-12-22',2),(341,'Hostal',17,'2014-12-22',1),(342,'Destination',7,'2014-12-23',2),(343,'Hostal',13,'2014-12-23',3),(344,'Hostal',12,'2014-12-23',1),(345,'Destination',3,'2014-12-23',2),(346,'Destination',30,'2014-12-23',3),(347,'Hostal',25,'2014-12-23',2),(348,'Destination',11,'2014-12-23',3),(349,'Hostal',24,'2014-12-23',2),(350,'Hostal',26,'2014-12-23',3),(351,'Hostal',10,'2014-12-23',1),(352,'Hostal',18,'2014-12-23',1),(353,'Hostal',19,'2014-12-23',1),(354,'Hostal',9,'2014-12-23',1),(355,'Destination',9,'2014-12-23',2),(356,'Hostal',14,'2014-12-23',2),(357,'Hostal',17,'2014-12-23',1),(358,'Hostal',16,'2014-12-23',2),(359,'Hostal',20,'2014-12-23',1),(360,'Hostal',15,'2014-12-23',1),(361,'Destination',4,'2014-12-23',1),(362,'Destination',11,'2014-12-24',1),(363,'Destination',9,'2014-12-24',1),(364,'Destination',3,'2014-12-24',1),(365,'Hostal',8,'2014-12-24',1),(366,'Hostal',26,'2014-12-24',1),(367,'Destination',11,'2014-12-25',2),(368,'Hostal',19,'2014-12-25',1),(369,'Destination',11,'2014-12-26',2),(370,'Hostal',18,'2014-12-26',2),(371,'Hostal',10,'2014-12-26',2),(372,'Destination',4,'2014-12-26',2),(373,'Hostal',22,'2014-12-26',2),(374,'Destination',30,'2014-12-26',4),(375,'Destination',9,'2014-12-26',6),(376,'Hostal',17,'2014-12-26',2),(377,'Destination',3,'2014-12-26',3),(378,'Hostal',12,'2014-12-26',2),(379,'Destination',7,'2014-12-26',1),(380,'Hostal',19,'2014-12-26',1),(381,'Hostal',8,'2014-12-26',1),(382,'Hostal',9,'2014-12-26',1),(383,'Hostal',25,'2014-12-26',1),(384,'Hostal',26,'2014-12-26',1),(385,'Hostal',24,'2014-12-26',1),(386,'Hostal',13,'2014-12-26',1),(387,'Hostal',15,'2014-12-26',2),(388,'Hostal',16,'2014-12-26',1),(389,'Hostal',14,'2014-12-26',1),(390,'Hostal',20,'2014-12-26',1),(391,'Hostal',23,'2014-12-26',1),(392,'Hostal',11,'2014-12-26',1),(393,'Story',5,'2014-12-26',1),(394,'Destination',9,'2014-12-27',3),(395,'Destination',11,'2014-12-27',2),(396,'Destination',3,'2014-12-27',2),(397,'Hostal',12,'2014-12-27',1),(398,'Story',5,'2014-12-27',1),(399,'Hostal',9,'2014-12-27',1),(400,'Hostal',8,'2014-12-27',1),(401,'Hostal',16,'2014-12-27',1),(402,'Hostal',10,'2014-12-27',1),(403,'Hostal',19,'2014-12-27',1),(404,'Destination',4,'2014-12-27',2),(405,'Destination',3,'2014-12-28',2),(406,'Destination',3,'2014-12-29',2),(407,'Destination',9,'2014-12-29',1),(408,'Hostal',16,'2014-12-29',1),(409,'Story',5,'2015-01-02',1),(410,'Hostal',9,'2015-01-02',1),(411,'Destination',3,'2015-01-02',1),(412,'Destination',11,'2015-01-02',1),(413,'Hostal',12,'2015-01-02',1);
/*!40000 ALTER TABLE `visits` ENABLE KEYS */;
UNLOCK TABLES;
/*!40103 SET TIME_ZONE=@OLD_TIME_ZONE */;

/*!40101 SET SQL_MODE=@OLD_SQL_MODE */;
/*!40014 SET FOREIGN_KEY_CHECKS=@OLD_FOREIGN_KEY_CHECKS */;
/*!40014 SET UNIQUE_CHECKS=@OLD_UNIQUE_CHECKS */;
/*!40101 SET CHARACTER_SET_CLIENT=@OLD_CHARACTER_SET_CLIENT */;
/*!40101 SET CHARACTER_SET_RESULTS=@OLD_CHARACTER_SET_RESULTS */;
/*!40101 SET COLLATION_CONNECTION=@OLD_COLLATION_CONNECTION */;
/*!40111 SET SQL_NOTES=@OLD_SQL_NOTES */;

-- Dump completed on 2015-01-03 12:56:38
